raw_relative_file	line	tag	native_field	source
vanilla_bodies/objects/body_default.txt	7	BP	bodypart_singular	body
vanilla_bodies/objects/body_default.txt	7	BP	bodypart_plural	bodies
vanilla_bodies/objects/body_default.txt	13	BP	bodypart_singular	body
vanilla_bodies/objects/body_default.txt	13	BP	bodypart_plural	bodies
vanilla_bodies/objects/body_default.txt	17	BP	bodypart_singular	body
vanilla_bodies/objects/body_default.txt	17	BP	bodypart_plural	bodies
vanilla_bodies/objects/body_default.txt	21	BP	bodypart_singular	upper body
vanilla_bodies/objects/body_default.txt	21	BP	bodypart_plural	upper bodies
vanilla_bodies/objects/body_default.txt	23	BP	bodypart_singular	lower body
vanilla_bodies/objects/body_default.txt	23	BP	bodypart_plural	lower bodies
vanilla_bodies/objects/body_default.txt	27	BP	bodypart_singular	right upper arm
vanilla_bodies/objects/body_default.txt	27	BP	bodypart_plural	STP
vanilla_bodies/objects/body_default.txt	29	BP	bodypart_singular	left upper arm
vanilla_bodies/objects/body_default.txt	29	BP	bodypart_plural	STP
vanilla_bodies/objects/body_default.txt	31	BP	bodypart_singular	right lower arm
vanilla_bodies/objects/body_default.txt	31	BP	bodypart_plural	STP
vanilla_bodies/objects/body_default.txt	33	BP	bodypart_singular	left lower arm
vanilla_bodies/objects/body_default.txt	33	BP	bodypart_plural	STP
vanilla_bodies/objects/body_default.txt	35	BP	bodypart_singular	right hand
vanilla_bodies/objects/body_default.txt	35	BP	bodypart_plural	STP
vanilla_bodies/objects/body_default.txt	37	BP	bodypart_singular	left hand
vanilla_bodies/objects/body_default.txt	37	BP	bodypart_plural	STP
vanilla_bodies/objects/body_default.txt	41	BP	bodypart_singular	right upper leg
vanilla_bodies/objects/body_default.txt	41	BP	bodypart_plural	STP
vanilla_bodies/objects/body_default.txt	43	BP	bodypart_singular	left upper leg
vanilla_bodies/objects/body_default.txt	43	BP	bodypart_plural	STP
vanilla_bodies/objects/body_default.txt	45	BP	bodypart_singular	right lower leg
vanilla_bodies/objects/body_default.txt	45	BP	bodypart_plural	STP
vanilla_bodies/objects/body_default.txt	47	BP	bodypart_singular	left lower leg
vanilla_bodies/objects/body_default.txt	47	BP	bodypart_plural	STP
vanilla_bodies/objects/body_default.txt	49	BP	bodypart_singular	right foot
vanilla_bodies/objects/body_default.txt	49	BP	bodypart_plural	right feet
vanilla_bodies/objects/body_default.txt	51	BP	bodypart_singular	left foot
vanilla_bodies/objects/body_default.txt	51	BP	bodypart_plural	left feet
vanilla_bodies/objects/body_default.txt	55	BP	bodypart_singular	right front leg
vanilla_bodies/objects/body_default.txt	55	BP	bodypart_plural	STP
vanilla_bodies/objects/body_default.txt	57	BP	bodypart_singular	left front leg
vanilla_bodies/objects/body_default.txt	57	BP	bodypart_plural	STP
vanilla_bodies/objects/body_default.txt	59	BP	bodypart_singular	right front foot
vanilla_bodies/objects/body_default.txt	59	BP	bodypart_plural	right front feet
vanilla_bodies/objects/body_default.txt	61	BP	bodypart_singular	left front foot
vanilla_bodies/objects/body_default.txt	61	BP	bodypart_plural	left front feet
vanilla_bodies/objects/body_default.txt	65	BP	bodypart_singular	right rear leg
vanilla_bodies/objects/body_default.txt	65	BP	bodypart_plural	STP
vanilla_bodies/objects/body_default.txt	67	BP	bodypart_singular	left rear leg
vanilla_bodies/objects/body_default.txt	67	BP	bodypart_plural	STP
vanilla_bodies/objects/body_default.txt	69	BP	bodypart_singular	right rear foot
vanilla_bodies/objects/body_default.txt	69	BP	bodypart_plural	right rear feet
vanilla_bodies/objects/body_default.txt	71	BP	bodypart_singular	left rear foot
vanilla_bodies/objects/body_default.txt	71	BP	bodypart_plural	left rear feet
vanilla_bodies/objects/body_default.txt	75	BP	bodypart_singular	right upper arm
vanilla_bodies/objects/body_default.txt	75	BP	bodypart_plural	STP
vanilla_bodies/objects/body_default.txt	77	BP	bodypart_singular	left upper arm
vanilla_bodies/objects/body_default.txt	77	BP	bodypart_plural	STP
vanilla_bodies/objects/body_default.txt	79	BP	bodypart_singular	right lower arm
vanilla_bodies/objects/body_default.txt	79	BP	bodypart_plural	STP
vanilla_bodies/objects/body_default.txt	81	BP	bodypart_singular	left lower arm
vanilla_bodies/objects/body_default.txt	81	BP	bodypart_plural	STP
vanilla_bodies/objects/body_default.txt	83	BP	bodypart_singular	right hand
vanilla_bodies/objects/body_default.txt	83	BP	bodypart_plural	STP
vanilla_bodies/objects/body_default.txt	85	BP	bodypart_singular	left hand
vanilla_bodies/objects/body_default.txt	85	BP	bodypart_plural	STP
vanilla_bodies/objects/body_default.txt	89	BP	bodypart_singular	first neck
vanilla_bodies/objects/body_default.txt	89	BP	bodypart_plural	STP
vanilla_bodies/objects/body_default.txt	91	BP	bodypart_singular	second neck
vanilla_bodies/objects/body_default.txt	91	BP	bodypart_plural	STP
vanilla_bodies/objects/body_default.txt	93	BP	bodypart_singular	third neck
vanilla_bodies/objects/body_default.txt	93	BP	bodypart_plural	STP
vanilla_bodies/objects/body_default.txt	95	BP	bodypart_singular	fourth neck
vanilla_bodies/objects/body_default.txt	95	BP	bodypart_plural	STP
vanilla_bodies/objects/body_default.txt	97	BP	bodypart_singular	fifth neck
vanilla_bodies/objects/body_default.txt	97	BP	bodypart_plural	STP
vanilla_bodies/objects/body_default.txt	99	BP	bodypart_singular	sixth neck
vanilla_bodies/objects/body_default.txt	99	BP	bodypart_plural	STP
vanilla_bodies/objects/body_default.txt	101	BP	bodypart_singular	seventh neck
vanilla_bodies/objects/body_default.txt	101	BP	bodypart_plural	STP
vanilla_bodies/objects/body_default.txt	103	BP	bodypart_singular	first head
vanilla_bodies/objects/body_default.txt	103	BP	bodypart_plural	STP
vanilla_bodies/objects/body_default.txt	105	BP	bodypart_singular	second head
vanilla_bodies/objects/body_default.txt	105	BP	bodypart_plural	STP
vanilla_bodies/objects/body_default.txt	107	BP	bodypart_singular	third head
vanilla_bodies/objects/body_default.txt	107	BP	bodypart_plural	STP
vanilla_bodies/objects/body_default.txt	109	BP	bodypart_singular	fourth head
vanilla_bodies/objects/body_default.txt	109	BP	bodypart_plural	STP
vanilla_bodies/objects/body_default.txt	111	BP	bodypart_singular	fifth head
vanilla_bodies/objects/body_default.txt	111	BP	bodypart_plural	STP
vanilla_bodies/objects/body_default.txt	113	BP	bodypart_singular	sixth head
vanilla_bodies/objects/body_default.txt	113	BP	bodypart_plural	STP
vanilla_bodies/objects/body_default.txt	115	BP	bodypart_singular	seventh head
vanilla_bodies/objects/body_default.txt	115	BP	bodypart_plural	STP
vanilla_bodies/objects/body_default.txt	119	BP	bodypart_singular	head
vanilla_bodies/objects/body_default.txt	119	BP	bodypart_plural	STP
vanilla_bodies/objects/body_default.txt	123	BP	bodypart_singular	neck
vanilla_bodies/objects/body_default.txt	123	BP	bodypart_plural	STP
vanilla_bodies/objects/body_default.txt	125	BP	bodypart_singular	head
vanilla_bodies/objects/body_default.txt	125	BP	bodypart_plural	STP
vanilla_bodies/objects/body_default.txt	129	BP	bodypart_singular	head
vanilla_bodies/objects/body_default.txt	129	BP	bodypart_plural	STP
vanilla_bodies/objects/body_default.txt	133	BP	bodypart_singular	body
vanilla_bodies/objects/body_default.txt	133	BP	bodypart_plural	bodies
vanilla_bodies/objects/body_default.txt	137	BP	bodypart_singular	upper body
vanilla_bodies/objects/body_default.txt	137	BP	bodypart_plural	upper bodies
vanilla_bodies/objects/body_default.txt	139	BP	bodypart_singular	lower body
vanilla_bodies/objects/body_default.txt	139	BP	bodypart_plural	lower bodies
vanilla_bodies/objects/body_default.txt	141	BP	bodypart_singular	head
vanilla_bodies/objects/body_default.txt	141	BP	bodypart_plural	STP
vanilla_bodies/objects/body_default.txt	143	BP	bodypart_singular	right upper arm
vanilla_bodies/objects/body_default.txt	143	BP	bodypart_plural	STP
vanilla_bodies/objects/body_default.txt	145	BP	bodypart_singular	left upper arm
vanilla_bodies/objects/body_default.txt	145	BP	bodypart_plural	STP
vanilla_bodies/objects/body_default.txt	147	BP	bodypart_singular	right lower arm
vanilla_bodies/objects/body_default.txt	147	BP	bodypart_plural	STP
vanilla_bodies/objects/body_default.txt	149	BP	bodypart_singular	left lower arm
vanilla_bodies/objects/body_default.txt	149	BP	bodypart_plural	STP
vanilla_bodies/objects/body_default.txt	151	BP	bodypart_singular	right hand
vanilla_bodies/objects/body_default.txt	151	BP	bodypart_plural	STP
vanilla_bodies/objects/body_default.txt	153	BP	bodypart_singular	left hand
vanilla_bodies/objects/body_default.txt	153	BP	bodypart_plural	STP
vanilla_bodies/objects/body_default.txt	155	BP	bodypart_singular	right upper leg
vanilla_bodies/objects/body_default.txt	155	BP	bodypart_plural	STP
vanilla_bodies/objects/body_default.txt	157	BP	bodypart_singular	left upper leg
vanilla_bodies/objects/body_default.txt	157	BP	bodypart_plural	STP
vanilla_bodies/objects/body_default.txt	159	BP	bodypart_singular	right lower leg
vanilla_bodies/objects/body_default.txt	159	BP	bodypart_plural	STP
vanilla_bodies/objects/body_default.txt	161	BP	bodypart_singular	left lower leg
vanilla_bodies/objects/body_default.txt	161	BP	bodypart_plural	STP
vanilla_bodies/objects/body_default.txt	163	BP	bodypart_singular	right foot
vanilla_bodies/objects/body_default.txt	163	BP	bodypart_plural	right feet
vanilla_bodies/objects/body_default.txt	165	BP	bodypart_singular	left foot
vanilla_bodies/objects/body_default.txt	165	BP	bodypart_plural	left feet
vanilla_bodies/objects/body_default.txt	169	BP	bodypart_singular	upper body
vanilla_bodies/objects/body_default.txt	169	BP	bodypart_plural	upper bodies
vanilla_bodies/objects/body_default.txt	171	BP	bodypart_singular	lower body
vanilla_bodies/objects/body_default.txt	171	BP	bodypart_plural	lower bodies
vanilla_bodies/objects/body_default.txt	173	BP	bodypart_singular	head
vanilla_bodies/objects/body_default.txt	173	BP	bodypart_plural	STP
vanilla_bodies/objects/body_default.txt	175	BP	bodypart_singular	right upper arm
vanilla_bodies/objects/body_default.txt	175	BP	bodypart_plural	STP
vanilla_bodies/objects/body_default.txt	177	BP	bodypart_singular	left upper arm
vanilla_bodies/objects/body_default.txt	177	BP	bodypart_plural	STP
vanilla_bodies/objects/body_default.txt	179	BP	bodypart_singular	right lower arm
vanilla_bodies/objects/body_default.txt	179	BP	bodypart_plural	STP
vanilla_bodies/objects/body_default.txt	181	BP	bodypart_singular	left lower arm
vanilla_bodies/objects/body_default.txt	181	BP	bodypart_plural	STP
vanilla_bodies/objects/body_default.txt	183	BP	bodypart_singular	right hand
vanilla_bodies/objects/body_default.txt	183	BP	bodypart_plural	STP
vanilla_bodies/objects/body_default.txt	185	BP	bodypart_singular	left hand
vanilla_bodies/objects/body_default.txt	185	BP	bodypart_plural	STP
vanilla_bodies/objects/body_default.txt	187	BP	bodypart_singular	right upper leg
vanilla_bodies/objects/body_default.txt	187	BP	bodypart_plural	STP
vanilla_bodies/objects/body_default.txt	189	BP	bodypart_singular	left upper leg
vanilla_bodies/objects/body_default.txt	189	BP	bodypart_plural	STP
vanilla_bodies/objects/body_default.txt	191	BP	bodypart_singular	right lower leg
vanilla_bodies/objects/body_default.txt	191	BP	bodypart_plural	STP
vanilla_bodies/objects/body_default.txt	193	BP	bodypart_singular	left lower leg
vanilla_bodies/objects/body_default.txt	193	BP	bodypart_plural	STP
vanilla_bodies/objects/body_default.txt	195	BP	bodypart_singular	right hoof
vanilla_bodies/objects/body_default.txt	195	BP	bodypart_plural	right hooves
vanilla_bodies/objects/body_default.txt	197	BP	bodypart_singular	left hoof
vanilla_bodies/objects/body_default.txt	197	BP	bodypart_plural	left hooves
vanilla_bodies/objects/body_default.txt	201	BP	bodypart_singular	upper body
vanilla_bodies/objects/body_default.txt	201	BP	bodypart_plural	upper bodies
vanilla_bodies/objects/body_default.txt	203	BP	bodypart_singular	lower body
vanilla_bodies/objects/body_default.txt	203	BP	bodypart_plural	lower bodies
vanilla_bodies/objects/body_default.txt	205	BP	bodypart_singular	neck
vanilla_bodies/objects/body_default.txt	205	BP	bodypart_plural	STP
vanilla_bodies/objects/body_default.txt	207	BP	bodypart_singular	head
vanilla_bodies/objects/body_default.txt	207	BP	bodypart_plural	STP
vanilla_bodies/objects/body_default.txt	209	BP	bodypart_singular	right upper arm
vanilla_bodies/objects/body_default.txt	209	BP	bodypart_plural	STP
vanilla_bodies/objects/body_default.txt	211	BP	bodypart_singular	left upper arm
vanilla_bodies/objects/body_default.txt	211	BP	bodypart_plural	STP
vanilla_bodies/objects/body_default.txt	213	BP	bodypart_singular	right lower arm
vanilla_bodies/objects/body_default.txt	213	BP	bodypart_plural	STP
vanilla_bodies/objects/body_default.txt	215	BP	bodypart_singular	left lower arm
vanilla_bodies/objects/body_default.txt	215	BP	bodypart_plural	STP
vanilla_bodies/objects/body_default.txt	217	BP	bodypart_singular	right hand
vanilla_bodies/objects/body_default.txt	217	BP	bodypart_plural	STP
vanilla_bodies/objects/body_default.txt	219	BP	bodypart_singular	left hand
vanilla_bodies/objects/body_default.txt	219	BP	bodypart_plural	STP
vanilla_bodies/objects/body_default.txt	221	BP	bodypart_singular	right upper leg
vanilla_bodies/objects/body_default.txt	221	BP	bodypart_plural	STP
vanilla_bodies/objects/body_default.txt	223	BP	bodypart_singular	left upper leg
vanilla_bodies/objects/body_default.txt	223	BP	bodypart_plural	STP
vanilla_bodies/objects/body_default.txt	225	BP	bodypart_singular	right lower leg
vanilla_bodies/objects/body_default.txt	225	BP	bodypart_plural	STP
vanilla_bodies/objects/body_default.txt	227	BP	bodypart_singular	left lower leg
vanilla_bodies/objects/body_default.txt	227	BP	bodypart_plural	STP
vanilla_bodies/objects/body_default.txt	229	BP	bodypart_singular	right foot
vanilla_bodies/objects/body_default.txt	229	BP	bodypart_plural	right feet
vanilla_bodies/objects/body_default.txt	231	BP	bodypart_singular	left foot
vanilla_bodies/objects/body_default.txt	231	BP	bodypart_plural	left feet
vanilla_bodies/objects/body_default.txt	235	BP	bodypart_singular	upper body
vanilla_bodies/objects/body_default.txt	235	BP	bodypart_plural	upper bodies
vanilla_bodies/objects/body_default.txt	237	BP	bodypart_singular	lower body
vanilla_bodies/objects/body_default.txt	237	BP	bodypart_plural	lower bodies
vanilla_bodies/objects/body_default.txt	239	BP	bodypart_singular	neck
vanilla_bodies/objects/body_default.txt	239	BP	bodypart_plural	STP
vanilla_bodies/objects/body_default.txt	241	BP	bodypart_singular	head
vanilla_bodies/objects/body_default.txt	241	BP	bodypart_plural	STP
vanilla_bodies/objects/body_default.txt	243	BP	bodypart_singular	right upper arm
vanilla_bodies/objects/body_default.txt	243	BP	bodypart_plural	STP
vanilla_bodies/objects/body_default.txt	245	BP	bodypart_singular	left upper arm
vanilla_bodies/objects/body_default.txt	245	BP	bodypart_plural	STP
vanilla_bodies/objects/body_default.txt	247	BP	bodypart_singular	right lower arm
vanilla_bodies/objects/body_default.txt	247	BP	bodypart_plural	STP
vanilla_bodies/objects/body_default.txt	249	BP	bodypart_singular	left lower arm
vanilla_bodies/objects/body_default.txt	249	BP	bodypart_plural	STP
vanilla_bodies/objects/body_default.txt	251	BP	bodypart_singular	right hand
vanilla_bodies/objects/body_default.txt	251	BP	bodypart_plural	STP
vanilla_bodies/objects/body_default.txt	253	BP	bodypart_singular	left hand
vanilla_bodies/objects/body_default.txt	253	BP	bodypart_plural	STP
vanilla_bodies/objects/body_default.txt	255	BP	bodypart_singular	right upper leg
vanilla_bodies/objects/body_default.txt	255	BP	bodypart_plural	STP
vanilla_bodies/objects/body_default.txt	257	BP	bodypart_singular	left upper leg
vanilla_bodies/objects/body_default.txt	257	BP	bodypart_plural	STP
vanilla_bodies/objects/body_default.txt	259	BP	bodypart_singular	right lower leg
vanilla_bodies/objects/body_default.txt	259	BP	bodypart_plural	STP
vanilla_bodies/objects/body_default.txt	261	BP	bodypart_singular	left lower leg
vanilla_bodies/objects/body_default.txt	261	BP	bodypart_plural	STP
vanilla_bodies/objects/body_default.txt	263	BP	bodypart_singular	right hoof
vanilla_bodies/objects/body_default.txt	263	BP	bodypart_plural	right hooves
vanilla_bodies/objects/body_default.txt	265	BP	bodypart_singular	left hoof
vanilla_bodies/objects/body_default.txt	265	BP	bodypart_plural	left hooves
vanilla_bodies/objects/body_default.txt	269	BP	bodypart_singular	upper body
vanilla_bodies/objects/body_default.txt	269	BP	bodypart_plural	upper bodies
vanilla_bodies/objects/body_default.txt	271	BP	bodypart_singular	lower body
vanilla_bodies/objects/body_default.txt	271	BP	bodypart_plural	lower bodies
vanilla_bodies/objects/body_default.txt	273	BP	bodypart_singular	neck
vanilla_bodies/objects/body_default.txt	273	BP	bodypart_plural	STP
vanilla_bodies/objects/body_default.txt	275	BP	bodypart_singular	head
vanilla_bodies/objects/body_default.txt	275	BP	bodypart_plural	STP
vanilla_bodies/objects/body_default.txt	277	BP	bodypart_singular	right upper arm
vanilla_bodies/objects/body_default.txt	277	BP	bodypart_plural	STP
vanilla_bodies/objects/body_default.txt	279	BP	bodypart_singular	left upper arm
vanilla_bodies/objects/body_default.txt	279	BP	bodypart_plural	STP
vanilla_bodies/objects/body_default.txt	281	BP	bodypart_singular	right lower arm
vanilla_bodies/objects/body_default.txt	281	BP	bodypart_plural	STP
vanilla_bodies/objects/body_default.txt	283	BP	bodypart_singular	left lower arm
vanilla_bodies/objects/body_default.txt	283	BP	bodypart_plural	STP
vanilla_bodies/objects/body_default.txt	285	BP	bodypart_singular	right hand
vanilla_bodies/objects/body_default.txt	285	BP	bodypart_plural	STP
vanilla_bodies/objects/body_default.txt	287	BP	bodypart_singular	left hand
vanilla_bodies/objects/body_default.txt	287	BP	bodypart_plural	STP
vanilla_bodies/objects/body_default.txt	291	BP	bodypart_singular	upper body
vanilla_bodies/objects/body_default.txt	291	BP	bodypart_plural	upper bodies
vanilla_bodies/objects/body_default.txt	293	BP	bodypart_singular	lower body
vanilla_bodies/objects/body_default.txt	293	BP	bodypart_plural	lower bodies
vanilla_bodies/objects/body_default.txt	295	BP	bodypart_singular	head
vanilla_bodies/objects/body_default.txt	295	BP	bodypart_plural	STP
vanilla_bodies/objects/body_default.txt	297	BP	bodypart_singular	right upper arm
vanilla_bodies/objects/body_default.txt	297	BP	bodypart_plural	STP
vanilla_bodies/objects/body_default.txt	299	BP	bodypart_singular	left upper arm
vanilla_bodies/objects/body_default.txt	299	BP	bodypart_plural	STP
vanilla_bodies/objects/body_default.txt	301	BP	bodypart_singular	right lower arm
vanilla_bodies/objects/body_default.txt	301	BP	bodypart_plural	STP
vanilla_bodies/objects/body_default.txt	303	BP	bodypart_singular	left lower arm
vanilla_bodies/objects/body_default.txt	303	BP	bodypart_plural	STP
vanilla_bodies/objects/body_default.txt	305	BP	bodypart_singular	right hand
vanilla_bodies/objects/body_default.txt	305	BP	bodypart_plural	STP
vanilla_bodies/objects/body_default.txt	307	BP	bodypart_singular	left hand
vanilla_bodies/objects/body_default.txt	307	BP	bodypart_plural	STP
vanilla_bodies/objects/body_default.txt	309	BP	bodypart_singular	right upper leg
vanilla_bodies/objects/body_default.txt	309	BP	bodypart_plural	STP
vanilla_bodies/objects/body_default.txt	311	BP	bodypart_singular	left upper leg
vanilla_bodies/objects/body_default.txt	311	BP	bodypart_plural	STP
vanilla_bodies/objects/body_default.txt	313	BP	bodypart_singular	right lower leg
vanilla_bodies/objects/body_default.txt	313	BP	bodypart_plural	STP
vanilla_bodies/objects/body_default.txt	315	BP	bodypart_singular	left lower leg
vanilla_bodies/objects/body_default.txt	315	BP	bodypart_plural	STP
vanilla_bodies/objects/body_default.txt	317	BP	bodypart_singular	right foot
vanilla_bodies/objects/body_default.txt	317	BP	bodypart_plural	right feet
vanilla_bodies/objects/body_default.txt	319	BP	bodypart_singular	left foot
vanilla_bodies/objects/body_default.txt	319	BP	bodypart_plural	left feet
vanilla_bodies/objects/body_default.txt	323	BP	bodypart_singular	upper body
vanilla_bodies/objects/body_default.txt	323	BP	bodypart_plural	upper bodies
vanilla_bodies/objects/body_default.txt	325	BP	bodypart_singular	lower body
vanilla_bodies/objects/body_default.txt	325	BP	bodypart_plural	lower bodies
vanilla_bodies/objects/body_default.txt	327	BP	bodypart_singular	neck
vanilla_bodies/objects/body_default.txt	327	BP	bodypart_plural	STP
vanilla_bodies/objects/body_default.txt	329	BP	bodypart_singular	head
vanilla_bodies/objects/body_default.txt	329	BP	bodypart_plural	STP
vanilla_bodies/objects/body_default.txt	331	BP	bodypart_singular	right upper arm
vanilla_bodies/objects/body_default.txt	331	BP	bodypart_plural	STP
vanilla_bodies/objects/body_default.txt	333	BP	bodypart_singular	left upper arm
vanilla_bodies/objects/body_default.txt	333	BP	bodypart_plural	STP
vanilla_bodies/objects/body_default.txt	335	BP	bodypart_singular	right lower arm
vanilla_bodies/objects/body_default.txt	335	BP	bodypart_plural	STP
vanilla_bodies/objects/body_default.txt	337	BP	bodypart_singular	left lower arm
vanilla_bodies/objects/body_default.txt	337	BP	bodypart_plural	STP
vanilla_bodies/objects/body_default.txt	339	BP	bodypart_singular	right hand
vanilla_bodies/objects/body_default.txt	339	BP	bodypart_plural	STP
vanilla_bodies/objects/body_default.txt	341	BP	bodypart_singular	left hand
vanilla_bodies/objects/body_default.txt	341	BP	bodypart_plural	STP
vanilla_bodies/objects/body_default.txt	343	BP	bodypart_singular	right upper leg
vanilla_bodies/objects/body_default.txt	343	BP	bodypart_plural	STP
vanilla_bodies/objects/body_default.txt	345	BP	bodypart_singular	left upper leg
vanilla_bodies/objects/body_default.txt	345	BP	bodypart_plural	STP
vanilla_bodies/objects/body_default.txt	347	BP	bodypart_singular	right lower leg
vanilla_bodies/objects/body_default.txt	347	BP	bodypart_plural	STP
vanilla_bodies/objects/body_default.txt	349	BP	bodypart_singular	left lower leg
vanilla_bodies/objects/body_default.txt	349	BP	bodypart_plural	STP
vanilla_bodies/objects/body_default.txt	351	BP	bodypart_singular	right foot
vanilla_bodies/objects/body_default.txt	351	BP	bodypart_plural	right feet
vanilla_bodies/objects/body_default.txt	353	BP	bodypart_singular	left foot
vanilla_bodies/objects/body_default.txt	353	BP	bodypart_plural	left feet
vanilla_bodies/objects/body_default.txt	357	BP	bodypart_singular	right wing
vanilla_bodies/objects/body_default.txt	357	BP	bodypart_plural	STP
vanilla_bodies/objects/body_default.txt	359	BP	bodypart_singular	left wing
vanilla_bodies/objects/body_default.txt	359	BP	bodypart_plural	STP
vanilla_bodies/objects/body_default.txt	363	BP	bodypart_singular	upper body
vanilla_bodies/objects/body_default.txt	363	BP	bodypart_plural	upper bodies
vanilla_bodies/objects/body_default.txt	365	BP	bodypart_singular	lower body
vanilla_bodies/objects/body_default.txt	365	BP	bodypart_plural	lower bodies
vanilla_bodies/objects/body_default.txt	367	BP	bodypart_singular	head
vanilla_bodies/objects/body_default.txt	367	BP	bodypart_plural	STP
vanilla_bodies/objects/body_default.txt	369	BP	bodypart_singular	right upper leg
vanilla_bodies/objects/body_default.txt	369	BP	bodypart_plural	STP
vanilla_bodies/objects/body_default.txt	371	BP	bodypart_singular	left upper leg
vanilla_bodies/objects/body_default.txt	371	BP	bodypart_plural	STP
vanilla_bodies/objects/body_default.txt	373	BP	bodypart_singular	right lower leg
vanilla_bodies/objects/body_default.txt	373	BP	bodypart_plural	STP
vanilla_bodies/objects/body_default.txt	375	BP	bodypart_singular	left lower leg
vanilla_bodies/objects/body_default.txt	375	BP	bodypart_plural	STP
vanilla_bodies/objects/body_default.txt	377	BP	bodypart_singular	right foot
vanilla_bodies/objects/body_default.txt	377	BP	bodypart_plural	right feet
vanilla_bodies/objects/body_default.txt	379	BP	bodypart_singular	left foot
vanilla_bodies/objects/body_default.txt	379	BP	bodypart_plural	left feet
vanilla_bodies/objects/body_default.txt	383	BP	bodypart_singular	upper body
vanilla_bodies/objects/body_default.txt	383	BP	bodypart_plural	upper bodies
vanilla_bodies/objects/body_default.txt	385	BP	bodypart_singular	lower body
vanilla_bodies/objects/body_default.txt	385	BP	bodypart_plural	lower bodies
vanilla_bodies/objects/body_default.txt	387	BP	bodypart_singular	head
vanilla_bodies/objects/body_default.txt	387	BP	bodypart_plural	STP
vanilla_bodies/objects/body_default.txt	389	BP	bodypart_singular	right upper arm
vanilla_bodies/objects/body_default.txt	389	BP	bodypart_plural	STP
vanilla_bodies/objects/body_default.txt	391	BP	bodypart_singular	left upper arm
vanilla_bodies/objects/body_default.txt	391	BP	bodypart_plural	STP
vanilla_bodies/objects/body_default.txt	393	BP	bodypart_singular	right lower arm
vanilla_bodies/objects/body_default.txt	393	BP	bodypart_plural	STP
vanilla_bodies/objects/body_default.txt	395	BP	bodypart_singular	left lower arm
vanilla_bodies/objects/body_default.txt	395	BP	bodypart_plural	STP
vanilla_bodies/objects/body_default.txt	397	BP	bodypart_singular	right hand
vanilla_bodies/objects/body_default.txt	397	BP	bodypart_plural	STP
vanilla_bodies/objects/body_default.txt	399	BP	bodypart_singular	left hand
vanilla_bodies/objects/body_default.txt	399	BP	bodypart_plural	STP
vanilla_bodies/objects/body_default.txt	403	BP	bodypart_singular	upper body
vanilla_bodies/objects/body_default.txt	403	BP	bodypart_plural	upper bodies
vanilla_bodies/objects/body_default.txt	405	BP	bodypart_singular	lower body
vanilla_bodies/objects/body_default.txt	405	BP	bodypart_plural	lower bodies
vanilla_bodies/objects/body_default.txt	407	BP	bodypart_singular	head
vanilla_bodies/objects/body_default.txt	407	BP	bodypart_plural	STP
vanilla_bodies/objects/body_default.txt	409	BP	bodypart_singular	first right upper arm
vanilla_bodies/objects/body_default.txt	409	BP	bodypart_plural	STP
vanilla_bodies/objects/body_default.txt	411	BP	bodypart_singular	first left upper arm
vanilla_bodies/objects/body_default.txt	411	BP	bodypart_plural	STP
vanilla_bodies/objects/body_default.txt	413	BP	bodypart_singular	first right lower arm
vanilla_bodies/objects/body_default.txt	413	BP	bodypart_plural	STP
vanilla_bodies/objects/body_default.txt	415	BP	bodypart_singular	first left lower arm
vanilla_bodies/objects/body_default.txt	415	BP	bodypart_plural	STP
vanilla_bodies/objects/body_default.txt	417	BP	bodypart_singular	first right hand
vanilla_bodies/objects/body_default.txt	417	BP	bodypart_plural	STP
vanilla_bodies/objects/body_default.txt	419	BP	bodypart_singular	first left hand
vanilla_bodies/objects/body_default.txt	419	BP	bodypart_plural	STP
vanilla_bodies/objects/body_default.txt	421	BP	bodypart_singular	second right upper arm
vanilla_bodies/objects/body_default.txt	421	BP	bodypart_plural	STP
vanilla_bodies/objects/body_default.txt	423	BP	bodypart_singular	second left upper arm
vanilla_bodies/objects/body_default.txt	423	BP	bodypart_plural	STP
vanilla_bodies/objects/body_default.txt	425	BP	bodypart_singular	second right lower arm
vanilla_bodies/objects/body_default.txt	425	BP	bodypart_plural	STP
vanilla_bodies/objects/body_default.txt	427	BP	bodypart_singular	second left lower arm
vanilla_bodies/objects/body_default.txt	427	BP	bodypart_plural	STP
vanilla_bodies/objects/body_default.txt	429	BP	bodypart_singular	second right hand
vanilla_bodies/objects/body_default.txt	429	BP	bodypart_plural	STP
vanilla_bodies/objects/body_default.txt	431	BP	bodypart_singular	second left hand
vanilla_bodies/objects/body_default.txt	431	BP	bodypart_plural	STP
vanilla_bodies/objects/body_default.txt	433	BP	bodypart_singular	right upper leg
vanilla_bodies/objects/body_default.txt	433	BP	bodypart_plural	STP
vanilla_bodies/objects/body_default.txt	435	BP	bodypart_singular	left upper leg
vanilla_bodies/objects/body_default.txt	435	BP	bodypart_plural	STP
vanilla_bodies/objects/body_default.txt	437	BP	bodypart_singular	right lower leg
vanilla_bodies/objects/body_default.txt	437	BP	bodypart_plural	STP
vanilla_bodies/objects/body_default.txt	439	BP	bodypart_singular	left lower leg
vanilla_bodies/objects/body_default.txt	439	BP	bodypart_plural	STP
vanilla_bodies/objects/body_default.txt	441	BP	bodypart_singular	right foot
vanilla_bodies/objects/body_default.txt	441	BP	bodypart_plural	right feet
vanilla_bodies/objects/body_default.txt	443	BP	bodypart_singular	left foot
vanilla_bodies/objects/body_default.txt	443	BP	bodypart_plural	left feet
vanilla_bodies/objects/body_default.txt	447	BP	bodypart_singular	upper body
vanilla_bodies/objects/body_default.txt	447	BP	bodypart_plural	upper bodies
vanilla_bodies/objects/body_default.txt	449	BP	bodypart_singular	lower body
vanilla_bodies/objects/body_default.txt	449	BP	bodypart_plural	lower bodies
vanilla_bodies/objects/body_default.txt	451	BP	bodypart_singular	head
vanilla_bodies/objects/body_default.txt	451	BP	bodypart_plural	STP
vanilla_bodies/objects/body_default.txt	453	BP	bodypart_singular	first right upper arm
vanilla_bodies/objects/body_default.txt	453	BP	bodypart_plural	STP
vanilla_bodies/objects/body_default.txt	455	BP	bodypart_singular	first left upper arm
vanilla_bodies/objects/body_default.txt	455	BP	bodypart_plural	STP
vanilla_bodies/objects/body_default.txt	457	BP	bodypart_singular	first right lower arm
vanilla_bodies/objects/body_default.txt	457	BP	bodypart_plural	STP
vanilla_bodies/objects/body_default.txt	459	BP	bodypart_singular	first left lower arm
vanilla_bodies/objects/body_default.txt	459	BP	bodypart_plural	STP
vanilla_bodies/objects/body_default.txt	461	BP	bodypart_singular	first right hand
vanilla_bodies/objects/body_default.txt	461	BP	bodypart_plural	STP
vanilla_bodies/objects/body_default.txt	463	BP	bodypart_singular	first left hand
vanilla_bodies/objects/body_default.txt	463	BP	bodypart_plural	STP
vanilla_bodies/objects/body_default.txt	465	BP	bodypart_singular	second right upper arm
vanilla_bodies/objects/body_default.txt	465	BP	bodypart_plural	STP
vanilla_bodies/objects/body_default.txt	467	BP	bodypart_singular	second left upper arm
vanilla_bodies/objects/body_default.txt	467	BP	bodypart_plural	STP
vanilla_bodies/objects/body_default.txt	469	BP	bodypart_singular	second right lower arm
vanilla_bodies/objects/body_default.txt	469	BP	bodypart_plural	STP
vanilla_bodies/objects/body_default.txt	471	BP	bodypart_singular	second left lower arm
vanilla_bodies/objects/body_default.txt	471	BP	bodypart_plural	STP
vanilla_bodies/objects/body_default.txt	473	BP	bodypart_singular	second right hand
vanilla_bodies/objects/body_default.txt	473	BP	bodypart_plural	STP
vanilla_bodies/objects/body_default.txt	475	BP	bodypart_singular	second left hand
vanilla_bodies/objects/body_default.txt	475	BP	bodypart_plural	STP
vanilla_bodies/objects/body_default.txt	477	BP	bodypart_singular	third right upper arm
vanilla_bodies/objects/body_default.txt	477	BP	bodypart_plural	STP
vanilla_bodies/objects/body_default.txt	479	BP	bodypart_singular	third left upper arm
vanilla_bodies/objects/body_default.txt	479	BP	bodypart_plural	STP
vanilla_bodies/objects/body_default.txt	481	BP	bodypart_singular	third right lower arm
vanilla_bodies/objects/body_default.txt	481	BP	bodypart_plural	STP
vanilla_bodies/objects/body_default.txt	483	BP	bodypart_singular	third left lower arm
vanilla_bodies/objects/body_default.txt	483	BP	bodypart_plural	STP
vanilla_bodies/objects/body_default.txt	485	BP	bodypart_singular	third right hand
vanilla_bodies/objects/body_default.txt	485	BP	bodypart_plural	STP
vanilla_bodies/objects/body_default.txt	487	BP	bodypart_singular	third left hand
vanilla_bodies/objects/body_default.txt	487	BP	bodypart_plural	STP
vanilla_bodies/objects/body_default.txt	489	BP	bodypart_singular	right upper leg
vanilla_bodies/objects/body_default.txt	489	BP	bodypart_plural	STP
vanilla_bodies/objects/body_default.txt	491	BP	bodypart_singular	left upper leg
vanilla_bodies/objects/body_default.txt	491	BP	bodypart_plural	STP
vanilla_bodies/objects/body_default.txt	493	BP	bodypart_singular	right lower leg
vanilla_bodies/objects/body_default.txt	493	BP	bodypart_plural	STP
vanilla_bodies/objects/body_default.txt	495	BP	bodypart_singular	left lower leg
vanilla_bodies/objects/body_default.txt	495	BP	bodypart_plural	STP
vanilla_bodies/objects/body_default.txt	497	BP	bodypart_singular	right foot
vanilla_bodies/objects/body_default.txt	497	BP	bodypart_plural	right feet
vanilla_bodies/objects/body_default.txt	499	BP	bodypart_singular	left foot
vanilla_bodies/objects/body_default.txt	499	BP	bodypart_plural	left feet
vanilla_bodies/objects/body_default.txt	503	BP	bodypart_singular	upper body
vanilla_bodies/objects/body_default.txt	503	BP	bodypart_plural	upper bodies
vanilla_bodies/objects/body_default.txt	505	BP	bodypart_singular	lower body
vanilla_bodies/objects/body_default.txt	505	BP	bodypart_plural	lower bodies
vanilla_bodies/objects/body_default.txt	507	BP	bodypart_singular	head
vanilla_bodies/objects/body_default.txt	507	BP	bodypart_plural	STP
vanilla_bodies/objects/body_default.txt	509	BP	bodypart_singular	first right upper arm
vanilla_bodies/objects/body_default.txt	509	BP	bodypart_plural	STP
vanilla_bodies/objects/body_default.txt	511	BP	bodypart_singular	first left upper arm
vanilla_bodies/objects/body_default.txt	511	BP	bodypart_plural	STP
vanilla_bodies/objects/body_default.txt	513	BP	bodypart_singular	first right lower arm
vanilla_bodies/objects/body_default.txt	513	BP	bodypart_plural	STP
vanilla_bodies/objects/body_default.txt	515	BP	bodypart_singular	first left lower arm
vanilla_bodies/objects/body_default.txt	515	BP	bodypart_plural	STP
vanilla_bodies/objects/body_default.txt	517	BP	bodypart_singular	first right hand
vanilla_bodies/objects/body_default.txt	517	BP	bodypart_plural	STP
vanilla_bodies/objects/body_default.txt	519	BP	bodypart_singular	first left hand
vanilla_bodies/objects/body_default.txt	519	BP	bodypart_plural	STP
vanilla_bodies/objects/body_default.txt	521	BP	bodypart_singular	second right upper arm
vanilla_bodies/objects/body_default.txt	521	BP	bodypart_plural	STP
vanilla_bodies/objects/body_default.txt	523	BP	bodypart_singular	second left upper arm
vanilla_bodies/objects/body_default.txt	523	BP	bodypart_plural	STP
vanilla_bodies/objects/body_default.txt	525	BP	bodypart_singular	second right lower arm
vanilla_bodies/objects/body_default.txt	525	BP	bodypart_plural	STP
vanilla_bodies/objects/body_default.txt	527	BP	bodypart_singular	second left lower arm
vanilla_bodies/objects/body_default.txt	527	BP	bodypart_plural	STP
vanilla_bodies/objects/body_default.txt	529	BP	bodypart_singular	second right hand
vanilla_bodies/objects/body_default.txt	529	BP	bodypart_plural	STP
vanilla_bodies/objects/body_default.txt	531	BP	bodypart_singular	second left hand
vanilla_bodies/objects/body_default.txt	531	BP	bodypart_plural	STP
vanilla_bodies/objects/body_default.txt	535	BP	bodypart_singular	upper body
vanilla_bodies/objects/body_default.txt	535	BP	bodypart_plural	upper bodies
vanilla_bodies/objects/body_default.txt	537	BP	bodypart_singular	lower body
vanilla_bodies/objects/body_default.txt	537	BP	bodypart_plural	lower bodies
vanilla_bodies/objects/body_default.txt	539	BP	bodypart_singular	head
vanilla_bodies/objects/body_default.txt	539	BP	bodypart_plural	STP
vanilla_bodies/objects/body_default.txt	541	BP	bodypart_singular	first right upper arm
vanilla_bodies/objects/body_default.txt	541	BP	bodypart_plural	STP
vanilla_bodies/objects/body_default.txt	543	BP	bodypart_singular	first left upper arm
vanilla_bodies/objects/body_default.txt	543	BP	bodypart_plural	STP
vanilla_bodies/objects/body_default.txt	545	BP	bodypart_singular	first right lower arm
vanilla_bodies/objects/body_default.txt	545	BP	bodypart_plural	STP
vanilla_bodies/objects/body_default.txt	547	BP	bodypart_singular	first left lower arm
vanilla_bodies/objects/body_default.txt	547	BP	bodypart_plural	STP
vanilla_bodies/objects/body_default.txt	549	BP	bodypart_singular	first right hand
vanilla_bodies/objects/body_default.txt	549	BP	bodypart_plural	STP
vanilla_bodies/objects/body_default.txt	551	BP	bodypart_singular	first left hand
vanilla_bodies/objects/body_default.txt	551	BP	bodypart_plural	STP
vanilla_bodies/objects/body_default.txt	553	BP	bodypart_singular	second right upper arm
vanilla_bodies/objects/body_default.txt	553	BP	bodypart_plural	STP
vanilla_bodies/objects/body_default.txt	555	BP	bodypart_singular	second left upper arm
vanilla_bodies/objects/body_default.txt	555	BP	bodypart_plural	STP
vanilla_bodies/objects/body_default.txt	557	BP	bodypart_singular	second right lower arm
vanilla_bodies/objects/body_default.txt	557	BP	bodypart_plural	STP
vanilla_bodies/objects/body_default.txt	559	BP	bodypart_singular	second left lower arm
vanilla_bodies/objects/body_default.txt	559	BP	bodypart_plural	STP
vanilla_bodies/objects/body_default.txt	561	BP	bodypart_singular	second right hand
vanilla_bodies/objects/body_default.txt	561	BP	bodypart_plural	STP
vanilla_bodies/objects/body_default.txt	563	BP	bodypart_singular	second left hand
vanilla_bodies/objects/body_default.txt	563	BP	bodypart_plural	STP
vanilla_bodies/objects/body_default.txt	565	BP	bodypart_singular	third right upper arm
vanilla_bodies/objects/body_default.txt	565	BP	bodypart_plural	STP
vanilla_bodies/objects/body_default.txt	567	BP	bodypart_singular	third left upper arm
vanilla_bodies/objects/body_default.txt	567	BP	bodypart_plural	STP
vanilla_bodies/objects/body_default.txt	569	BP	bodypart_singular	third right lower arm
vanilla_bodies/objects/body_default.txt	569	BP	bodypart_plural	STP
vanilla_bodies/objects/body_default.txt	571	BP	bodypart_singular	third left lower arm
vanilla_bodies/objects/body_default.txt	571	BP	bodypart_plural	STP
vanilla_bodies/objects/body_default.txt	573	BP	bodypart_singular	third right hand
vanilla_bodies/objects/body_default.txt	573	BP	bodypart_plural	STP
vanilla_bodies/objects/body_default.txt	575	BP	bodypart_singular	third left hand
vanilla_bodies/objects/body_default.txt	575	BP	bodypart_plural	STP
vanilla_bodies/objects/body_default.txt	579	BP	bodypart_singular	upper body
vanilla_bodies/objects/body_default.txt	579	BP	bodypart_plural	upper bodies
vanilla_bodies/objects/body_default.txt	581	BP	bodypart_singular	lower body
vanilla_bodies/objects/body_default.txt	581	BP	bodypart_plural	lower bodies
vanilla_bodies/objects/body_default.txt	583	BP	bodypart_singular	neck
vanilla_bodies/objects/body_default.txt	583	BP	bodypart_plural	STP
vanilla_bodies/objects/body_default.txt	585	BP	bodypart_singular	head
vanilla_bodies/objects/body_default.txt	585	BP	bodypart_plural	STP
vanilla_bodies/objects/body_default.txt	587	BP	bodypart_singular	first right upper arm
vanilla_bodies/objects/body_default.txt	587	BP	bodypart_plural	STP
vanilla_bodies/objects/body_default.txt	589	BP	bodypart_singular	first left upper arm
vanilla_bodies/objects/body_default.txt	589	BP	bodypart_plural	STP
vanilla_bodies/objects/body_default.txt	591	BP	bodypart_singular	first right lower arm
vanilla_bodies/objects/body_default.txt	591	BP	bodypart_plural	STP
vanilla_bodies/objects/body_default.txt	593	BP	bodypart_singular	first left lower arm
vanilla_bodies/objects/body_default.txt	593	BP	bodypart_plural	STP
vanilla_bodies/objects/body_default.txt	595	BP	bodypart_singular	first right hand
vanilla_bodies/objects/body_default.txt	595	BP	bodypart_plural	STP
vanilla_bodies/objects/body_default.txt	597	BP	bodypart_singular	first left hand
vanilla_bodies/objects/body_default.txt	597	BP	bodypart_plural	STP
vanilla_bodies/objects/body_default.txt	599	BP	bodypart_singular	second right upper arm
vanilla_bodies/objects/body_default.txt	599	BP	bodypart_plural	STP
vanilla_bodies/objects/body_default.txt	601	BP	bodypart_singular	second left upper arm
vanilla_bodies/objects/body_default.txt	601	BP	bodypart_plural	STP
vanilla_bodies/objects/body_default.txt	603	BP	bodypart_singular	second right lower arm
vanilla_bodies/objects/body_default.txt	603	BP	bodypart_plural	STP
vanilla_bodies/objects/body_default.txt	605	BP	bodypart_singular	second left lower arm
vanilla_bodies/objects/body_default.txt	605	BP	bodypart_plural	STP
vanilla_bodies/objects/body_default.txt	607	BP	bodypart_singular	second right hand
vanilla_bodies/objects/body_default.txt	607	BP	bodypart_plural	STP
vanilla_bodies/objects/body_default.txt	609	BP	bodypart_singular	second left hand
vanilla_bodies/objects/body_default.txt	609	BP	bodypart_plural	STP
vanilla_bodies/objects/body_default.txt	611	BP	bodypart_singular	right upper leg
vanilla_bodies/objects/body_default.txt	611	BP	bodypart_plural	STP
vanilla_bodies/objects/body_default.txt	613	BP	bodypart_singular	left upper leg
vanilla_bodies/objects/body_default.txt	613	BP	bodypart_plural	STP
vanilla_bodies/objects/body_default.txt	615	BP	bodypart_singular	right lower leg
vanilla_bodies/objects/body_default.txt	615	BP	bodypart_plural	STP
vanilla_bodies/objects/body_default.txt	617	BP	bodypart_singular	left lower leg
vanilla_bodies/objects/body_default.txt	617	BP	bodypart_plural	STP
vanilla_bodies/objects/body_default.txt	619	BP	bodypart_singular	right foot
vanilla_bodies/objects/body_default.txt	619	BP	bodypart_plural	right feet
vanilla_bodies/objects/body_default.txt	621	BP	bodypart_singular	left foot
vanilla_bodies/objects/body_default.txt	621	BP	bodypart_plural	left feet
vanilla_bodies/objects/body_default.txt	625	BP	bodypart_singular	first right upper arm
vanilla_bodies/objects/body_default.txt	625	BP	bodypart_plural	STP
vanilla_bodies/objects/body_default.txt	627	BP	bodypart_singular	first left upper arm
vanilla_bodies/objects/body_default.txt	627	BP	bodypart_plural	STP
vanilla_bodies/objects/body_default.txt	629	BP	bodypart_singular	first right lower arm
vanilla_bodies/objects/body_default.txt	629	BP	bodypart_plural	STP
vanilla_bodies/objects/body_default.txt	631	BP	bodypart_singular	first left lower arm
vanilla_bodies/objects/body_default.txt	631	BP	bodypart_plural	STP
vanilla_bodies/objects/body_default.txt	633	BP	bodypart_singular	first right hand
vanilla_bodies/objects/body_default.txt	633	BP	bodypart_plural	STP
vanilla_bodies/objects/body_default.txt	635	BP	bodypart_singular	first left hand
vanilla_bodies/objects/body_default.txt	635	BP	bodypart_plural	STP
vanilla_bodies/objects/body_default.txt	637	BP	bodypart_singular	second right upper arm
vanilla_bodies/objects/body_default.txt	637	BP	bodypart_plural	STP
vanilla_bodies/objects/body_default.txt	639	BP	bodypart_singular	second left upper arm
vanilla_bodies/objects/body_default.txt	639	BP	bodypart_plural	STP
vanilla_bodies/objects/body_default.txt	641	BP	bodypart_singular	second right lower arm
vanilla_bodies/objects/body_default.txt	641	BP	bodypart_plural	STP
vanilla_bodies/objects/body_default.txt	643	BP	bodypart_singular	second left lower arm
vanilla_bodies/objects/body_default.txt	643	BP	bodypart_plural	STP
vanilla_bodies/objects/body_default.txt	645	BP	bodypart_singular	second right hand
vanilla_bodies/objects/body_default.txt	645	BP	bodypart_plural	STP
vanilla_bodies/objects/body_default.txt	647	BP	bodypart_singular	second left hand
vanilla_bodies/objects/body_default.txt	647	BP	bodypart_plural	STP
vanilla_bodies/objects/body_default.txt	651	BP	bodypart_singular	upper body
vanilla_bodies/objects/body_default.txt	651	BP	bodypart_plural	upper bodies
vanilla_bodies/objects/body_default.txt	653	BP	bodypart_singular	lower body
vanilla_bodies/objects/body_default.txt	653	BP	bodypart_plural	lower bodies
vanilla_bodies/objects/body_default.txt	655	BP	bodypart_singular	right head
vanilla_bodies/objects/body_default.txt	655	BP	bodypart_plural	STP
vanilla_bodies/objects/body_default.txt	657	BP	bodypart_singular	left head
vanilla_bodies/objects/body_default.txt	657	BP	bodypart_plural	STP
vanilla_bodies/objects/body_default.txt	659	BP	bodypart_singular	right upper arm
vanilla_bodies/objects/body_default.txt	659	BP	bodypart_plural	STP
vanilla_bodies/objects/body_default.txt	661	BP	bodypart_singular	left upper arm
vanilla_bodies/objects/body_default.txt	661	BP	bodypart_plural	STP
vanilla_bodies/objects/body_default.txt	663	BP	bodypart_singular	right lower arm
vanilla_bodies/objects/body_default.txt	663	BP	bodypart_plural	STP
vanilla_bodies/objects/body_default.txt	665	BP	bodypart_singular	left lower arm
vanilla_bodies/objects/body_default.txt	665	BP	bodypart_plural	STP
vanilla_bodies/objects/body_default.txt	667	BP	bodypart_singular	right hand
vanilla_bodies/objects/body_default.txt	667	BP	bodypart_plural	STP
vanilla_bodies/objects/body_default.txt	669	BP	bodypart_singular	left hand
vanilla_bodies/objects/body_default.txt	669	BP	bodypart_plural	STP
vanilla_bodies/objects/body_default.txt	671	BP	bodypart_singular	right upper leg
vanilla_bodies/objects/body_default.txt	671	BP	bodypart_plural	STP
vanilla_bodies/objects/body_default.txt	673	BP	bodypart_singular	left upper leg
vanilla_bodies/objects/body_default.txt	673	BP	bodypart_plural	STP
vanilla_bodies/objects/body_default.txt	675	BP	bodypart_singular	right lower leg
vanilla_bodies/objects/body_default.txt	675	BP	bodypart_plural	STP
vanilla_bodies/objects/body_default.txt	677	BP	bodypart_singular	left lower leg
vanilla_bodies/objects/body_default.txt	677	BP	bodypart_plural	STP
vanilla_bodies/objects/body_default.txt	679	BP	bodypart_singular	right foot
vanilla_bodies/objects/body_default.txt	679	BP	bodypart_plural	right feet
vanilla_bodies/objects/body_default.txt	681	BP	bodypart_singular	left foot
vanilla_bodies/objects/body_default.txt	681	BP	bodypart_plural	left feet
vanilla_bodies/objects/body_default.txt	685	BP	bodypart_singular	upper body
vanilla_bodies/objects/body_default.txt	685	BP	bodypart_plural	upper bodies
vanilla_bodies/objects/body_default.txt	687	BP	bodypart_singular	lower body
vanilla_bodies/objects/body_default.txt	687	BP	bodypart_plural	lower bodies
vanilla_bodies/objects/body_default.txt	689	BP	bodypart_singular	right neck
vanilla_bodies/objects/body_default.txt	689	BP	bodypart_plural	STP
vanilla_bodies/objects/body_default.txt	691	BP	bodypart_singular	left neck
vanilla_bodies/objects/body_default.txt	691	BP	bodypart_plural	STP
vanilla_bodies/objects/body_default.txt	693	BP	bodypart_singular	right head
vanilla_bodies/objects/body_default.txt	693	BP	bodypart_plural	STP
vanilla_bodies/objects/body_default.txt	695	BP	bodypart_singular	left head
vanilla_bodies/objects/body_default.txt	695	BP	bodypart_plural	STP
vanilla_bodies/objects/body_default.txt	697	BP	bodypart_singular	right upper arm
vanilla_bodies/objects/body_default.txt	697	BP	bodypart_plural	STP
vanilla_bodies/objects/body_default.txt	699	BP	bodypart_singular	left upper arm
vanilla_bodies/objects/body_default.txt	699	BP	bodypart_plural	STP
vanilla_bodies/objects/body_default.txt	701	BP	bodypart_singular	right lower arm
vanilla_bodies/objects/body_default.txt	701	BP	bodypart_plural	STP
vanilla_bodies/objects/body_default.txt	703	BP	bodypart_singular	left lower arm
vanilla_bodies/objects/body_default.txt	703	BP	bodypart_plural	STP
vanilla_bodies/objects/body_default.txt	705	BP	bodypart_singular	right hand
vanilla_bodies/objects/body_default.txt	705	BP	bodypart_plural	STP
vanilla_bodies/objects/body_default.txt	707	BP	bodypart_singular	left hand
vanilla_bodies/objects/body_default.txt	707	BP	bodypart_plural	STP
vanilla_bodies/objects/body_default.txt	709	BP	bodypart_singular	right upper leg
vanilla_bodies/objects/body_default.txt	709	BP	bodypart_plural	STP
vanilla_bodies/objects/body_default.txt	711	BP	bodypart_singular	left upper leg
vanilla_bodies/objects/body_default.txt	711	BP	bodypart_plural	STP
vanilla_bodies/objects/body_default.txt	713	BP	bodypart_singular	right lower leg
vanilla_bodies/objects/body_default.txt	713	BP	bodypart_plural	STP
vanilla_bodies/objects/body_default.txt	715	BP	bodypart_singular	left lower leg
vanilla_bodies/objects/body_default.txt	715	BP	bodypart_plural	STP
vanilla_bodies/objects/body_default.txt	717	BP	bodypart_singular	right foot
vanilla_bodies/objects/body_default.txt	717	BP	bodypart_plural	right feet
vanilla_bodies/objects/body_default.txt	719	BP	bodypart_singular	left foot
vanilla_bodies/objects/body_default.txt	719	BP	bodypart_plural	left feet
vanilla_bodies/objects/body_default.txt	723	BP	bodypart_singular	upper body
vanilla_bodies/objects/body_default.txt	723	BP	bodypart_plural	upper bodies
vanilla_bodies/objects/body_default.txt	725	BP	bodypart_singular	lower body
vanilla_bodies/objects/body_default.txt	725	BP	bodypart_plural	lower bodies
vanilla_bodies/objects/body_default.txt	727	BP	bodypart_singular	head
vanilla_bodies/objects/body_default.txt	727	BP	bodypart_plural	STP
vanilla_bodies/objects/body_default.txt	729	BP	bodypart_singular	right arm
vanilla_bodies/objects/body_default.txt	729	BP	bodypart_plural	STP
vanilla_bodies/objects/body_default.txt	731	BP	bodypart_singular	left arm
vanilla_bodies/objects/body_default.txt	731	BP	bodypart_plural	STP
vanilla_bodies/objects/body_default.txt	733	BP	bodypart_singular	right hand
vanilla_bodies/objects/body_default.txt	733	BP	bodypart_plural	STP
vanilla_bodies/objects/body_default.txt	735	BP	bodypart_singular	left hand
vanilla_bodies/objects/body_default.txt	735	BP	bodypart_plural	STP
vanilla_bodies/objects/body_default.txt	737	BP	bodypart_singular	right leg
vanilla_bodies/objects/body_default.txt	737	BP	bodypart_plural	STP
vanilla_bodies/objects/body_default.txt	739	BP	bodypart_singular	left leg
vanilla_bodies/objects/body_default.txt	739	BP	bodypart_plural	STP
vanilla_bodies/objects/body_default.txt	741	BP	bodypart_singular	right foot
vanilla_bodies/objects/body_default.txt	741	BP	bodypart_plural	right feet
vanilla_bodies/objects/body_default.txt	743	BP	bodypart_singular	left foot
vanilla_bodies/objects/body_default.txt	743	BP	bodypart_plural	left feet
vanilla_bodies/objects/body_default.txt	747	BP	bodypart_singular	upper body
vanilla_bodies/objects/body_default.txt	747	BP	bodypart_plural	upper bodies
vanilla_bodies/objects/body_default.txt	749	BP	bodypart_singular	lower body
vanilla_bodies/objects/body_default.txt	749	BP	bodypart_plural	lower bodies
vanilla_bodies/objects/body_default.txt	751	BP	bodypart_singular	head
vanilla_bodies/objects/body_default.txt	751	BP	bodypart_plural	STP
vanilla_bodies/objects/body_default.txt	753	BP	bodypart_singular	right front leg
vanilla_bodies/objects/body_default.txt	753	BP	bodypart_plural	STP
vanilla_bodies/objects/body_default.txt	755	BP	bodypart_singular	left front leg
vanilla_bodies/objects/body_default.txt	755	BP	bodypart_plural	STP
vanilla_bodies/objects/body_default.txt	757	BP	bodypart_singular	right front foot
vanilla_bodies/objects/body_default.txt	757	BP	bodypart_plural	right front feet
vanilla_bodies/objects/body_default.txt	759	BP	bodypart_singular	left front foot
vanilla_bodies/objects/body_default.txt	759	BP	bodypart_plural	left front feet
vanilla_bodies/objects/body_default.txt	761	BP	bodypart_singular	right rear leg
vanilla_bodies/objects/body_default.txt	761	BP	bodypart_plural	STP
vanilla_bodies/objects/body_default.txt	763	BP	bodypart_singular	left rear leg
vanilla_bodies/objects/body_default.txt	763	BP	bodypart_plural	STP
vanilla_bodies/objects/body_default.txt	765	BP	bodypart_singular	right rear foot
vanilla_bodies/objects/body_default.txt	765	BP	bodypart_plural	right rear feet
vanilla_bodies/objects/body_default.txt	767	BP	bodypart_singular	left rear foot
vanilla_bodies/objects/body_default.txt	767	BP	bodypart_plural	left rear feet
vanilla_bodies/objects/body_default.txt	771	BP	bodypart_singular	upper body
vanilla_bodies/objects/body_default.txt	771	BP	bodypart_plural	upper bodies
vanilla_bodies/objects/body_default.txt	773	BP	bodypart_singular	lower body
vanilla_bodies/objects/body_default.txt	773	BP	bodypart_plural	lower bodies
vanilla_bodies/objects/body_default.txt	775	BP	bodypart_singular	neck
vanilla_bodies/objects/body_default.txt	775	BP	bodypart_plural	STP
vanilla_bodies/objects/body_default.txt	777	BP	bodypart_singular	head
vanilla_bodies/objects/body_default.txt	777	BP	bodypart_plural	STP
vanilla_bodies/objects/body_default.txt	779	BP	bodypart_singular	right front leg
vanilla_bodies/objects/body_default.txt	779	BP	bodypart_plural	STP
vanilla_bodies/objects/body_default.txt	781	BP	bodypart_singular	left front leg
vanilla_bodies/objects/body_default.txt	781	BP	bodypart_plural	STP
vanilla_bodies/objects/body_default.txt	783	BP	bodypart_singular	right front foot
vanilla_bodies/objects/body_default.txt	783	BP	bodypart_plural	right front feet
vanilla_bodies/objects/body_default.txt	785	BP	bodypart_singular	left front foot
vanilla_bodies/objects/body_default.txt	785	BP	bodypart_plural	left front feet
vanilla_bodies/objects/body_default.txt	787	BP	bodypart_singular	right rear leg
vanilla_bodies/objects/body_default.txt	787	BP	bodypart_plural	STP
vanilla_bodies/objects/body_default.txt	789	BP	bodypart_singular	left rear leg
vanilla_bodies/objects/body_default.txt	789	BP	bodypart_plural	STP
vanilla_bodies/objects/body_default.txt	791	BP	bodypart_singular	right rear foot
vanilla_bodies/objects/body_default.txt	791	BP	bodypart_plural	right rear feet
vanilla_bodies/objects/body_default.txt	793	BP	bodypart_singular	left rear foot
vanilla_bodies/objects/body_default.txt	793	BP	bodypart_plural	left rear feet
vanilla_bodies/objects/body_default.txt	797	BP	bodypart_singular	upper body
vanilla_bodies/objects/body_default.txt	797	BP	bodypart_plural	upper bodies
vanilla_bodies/objects/body_default.txt	799	BP	bodypart_singular	lower body
vanilla_bodies/objects/body_default.txt	799	BP	bodypart_plural	lower bodies
vanilla_bodies/objects/body_default.txt	801	BP	bodypart_singular	neck
vanilla_bodies/objects/body_default.txt	801	BP	bodypart_plural	STP
vanilla_bodies/objects/body_default.txt	803	BP	bodypart_singular	head
vanilla_bodies/objects/body_default.txt	803	BP	bodypart_plural	STP
vanilla_bodies/objects/body_default.txt	805	BP	bodypart_singular	right front leg
vanilla_bodies/objects/body_default.txt	805	BP	bodypart_plural	STP
vanilla_bodies/objects/body_default.txt	807	BP	bodypart_singular	left front leg
vanilla_bodies/objects/body_default.txt	807	BP	bodypart_plural	STP
vanilla_bodies/objects/body_default.txt	809	BP	bodypart_singular	right front foot
vanilla_bodies/objects/body_default.txt	809	BP	bodypart_plural	right front feet
vanilla_bodies/objects/body_default.txt	811	BP	bodypart_singular	left front foot
vanilla_bodies/objects/body_default.txt	811	BP	bodypart_plural	left front feet
vanilla_bodies/objects/body_default.txt	813	BP	bodypart_singular	right rear leg
vanilla_bodies/objects/body_default.txt	813	BP	bodypart_plural	STP
vanilla_bodies/objects/body_default.txt	815	BP	bodypart_singular	left rear leg
vanilla_bodies/objects/body_default.txt	815	BP	bodypart_plural	STP
vanilla_bodies/objects/body_default.txt	817	BP	bodypart_singular	right rear foot
vanilla_bodies/objects/body_default.txt	817	BP	bodypart_plural	right rear feet
vanilla_bodies/objects/body_default.txt	819	BP	bodypart_singular	left rear foot
vanilla_bodies/objects/body_default.txt	819	BP	bodypart_plural	left rear feet
vanilla_bodies/objects/body_default.txt	823	BP	bodypart_singular	upper body
vanilla_bodies/objects/body_default.txt	823	BP	bodypart_plural	upper bodies
vanilla_bodies/objects/body_default.txt	825	BP	bodypart_singular	lower body
vanilla_bodies/objects/body_default.txt	825	BP	bodypart_plural	lower bodies
vanilla_bodies/objects/body_default.txt	827	BP	bodypart_singular	neck
vanilla_bodies/objects/body_default.txt	827	BP	bodypart_plural	STP
vanilla_bodies/objects/body_default.txt	829	BP	bodypart_singular	head
vanilla_bodies/objects/body_default.txt	829	BP	bodypart_plural	STP
vanilla_bodies/objects/body_default.txt	831	BP	bodypart_singular	right front leg
vanilla_bodies/objects/body_default.txt	831	BP	bodypart_plural	STP
vanilla_bodies/objects/body_default.txt	833	BP	bodypart_singular	left front leg
vanilla_bodies/objects/body_default.txt	833	BP	bodypart_plural	STP
vanilla_bodies/objects/body_default.txt	835	BP	bodypart_singular	right front hoof
vanilla_bodies/objects/body_default.txt	835	BP	bodypart_plural	right front hooves
vanilla_bodies/objects/body_default.txt	837	BP	bodypart_singular	left front hoof
vanilla_bodies/objects/body_default.txt	837	BP	bodypart_plural	left front hooves
vanilla_bodies/objects/body_default.txt	839	BP	bodypart_singular	right rear leg
vanilla_bodies/objects/body_default.txt	839	BP	bodypart_plural	STP
vanilla_bodies/objects/body_default.txt	841	BP	bodypart_singular	left rear leg
vanilla_bodies/objects/body_default.txt	841	BP	bodypart_plural	STP
vanilla_bodies/objects/body_default.txt	843	BP	bodypart_singular	right rear hoof
vanilla_bodies/objects/body_default.txt	843	BP	bodypart_plural	right rear hooves
vanilla_bodies/objects/body_default.txt	845	BP	bodypart_singular	left rear hoof
vanilla_bodies/objects/body_default.txt	845	BP	bodypart_plural	left rear hooves
vanilla_bodies/objects/body_default.txt	849	BP	bodypart_singular	thorax
vanilla_bodies/objects/body_default.txt	849	BP	bodypart_plural	thoraxes
vanilla_bodies/objects/body_default.txt	851	BP	bodypart_singular	head
vanilla_bodies/objects/body_default.txt	851	BP	bodypart_plural	STP
vanilla_bodies/objects/body_default.txt	853	BP	bodypart_singular	abdomen
vanilla_bodies/objects/body_default.txt	853	BP	bodypart_plural	STP
vanilla_bodies/objects/body_default.txt	855	BP	bodypart_singular	right first leg
vanilla_bodies/objects/body_default.txt	855	BP	bodypart_plural	STP
vanilla_bodies/objects/body_default.txt	857	BP	bodypart_singular	left first leg
vanilla_bodies/objects/body_default.txt	857	BP	bodypart_plural	STP
vanilla_bodies/objects/body_default.txt	859	BP	bodypart_singular	right first foot
vanilla_bodies/objects/body_default.txt	859	BP	bodypart_plural	right first feet
vanilla_bodies/objects/body_default.txt	861	BP	bodypart_singular	left first foot
vanilla_bodies/objects/body_default.txt	861	BP	bodypart_plural	left first feet
vanilla_bodies/objects/body_default.txt	863	BP	bodypart_singular	right second leg
vanilla_bodies/objects/body_default.txt	863	BP	bodypart_plural	STP
vanilla_bodies/objects/body_default.txt	865	BP	bodypart_singular	left second leg
vanilla_bodies/objects/body_default.txt	865	BP	bodypart_plural	STP
vanilla_bodies/objects/body_default.txt	867	BP	bodypart_singular	right second foot
vanilla_bodies/objects/body_default.txt	867	BP	bodypart_plural	right second feet
vanilla_bodies/objects/body_default.txt	869	BP	bodypart_singular	left second foot
vanilla_bodies/objects/body_default.txt	869	BP	bodypart_plural	left second feet
vanilla_bodies/objects/body_default.txt	871	BP	bodypart_singular	right third leg
vanilla_bodies/objects/body_default.txt	871	BP	bodypart_plural	STP
vanilla_bodies/objects/body_default.txt	873	BP	bodypart_singular	left third leg
vanilla_bodies/objects/body_default.txt	873	BP	bodypart_plural	STP
vanilla_bodies/objects/body_default.txt	875	BP	bodypart_singular	right third foot
vanilla_bodies/objects/body_default.txt	875	BP	bodypart_plural	right third feet
vanilla_bodies/objects/body_default.txt	877	BP	bodypart_singular	left third foot
vanilla_bodies/objects/body_default.txt	877	BP	bodypart_plural	left third feet
vanilla_bodies/objects/body_default.txt	881	BP	bodypart_singular	thorax
vanilla_bodies/objects/body_default.txt	881	BP	bodypart_plural	thoraxes
vanilla_bodies/objects/body_default.txt	883	BP	bodypart_singular	head
vanilla_bodies/objects/body_default.txt	883	BP	bodypart_plural	STP
vanilla_bodies/objects/body_default.txt	885	BP	bodypart_singular	abdomen
vanilla_bodies/objects/body_default.txt	885	BP	bodypart_plural	STP
vanilla_bodies/objects/body_default.txt	887	BP	bodypart_singular	right upper foreleg
vanilla_bodies/objects/body_default.txt	887	BP	bodypart_plural	STP
vanilla_bodies/objects/body_default.txt	889	BP	bodypart_singular	left upper foreleg
vanilla_bodies/objects/body_default.txt	889	BP	bodypart_plural	STP
vanilla_bodies/objects/body_default.txt	891	BP	bodypart_singular	right lower foreleg
vanilla_bodies/objects/body_default.txt	891	BP	bodypart_plural	STP
vanilla_bodies/objects/body_default.txt	893	BP	bodypart_singular	left lower foreleg
vanilla_bodies/objects/body_default.txt	893	BP	bodypart_plural	STP
vanilla_bodies/objects/body_default.txt	895	BP	bodypart_singular	right forefoot
vanilla_bodies/objects/body_default.txt	895	BP	bodypart_plural	right forefeet
vanilla_bodies/objects/body_default.txt	897	BP	bodypart_singular	left forefoot
vanilla_bodies/objects/body_default.txt	897	BP	bodypart_plural	left forefeet
vanilla_bodies/objects/body_default.txt	899	BP	bodypart_singular	right second leg
vanilla_bodies/objects/body_default.txt	899	BP	bodypart_plural	STP
vanilla_bodies/objects/body_default.txt	901	BP	bodypart_singular	left second leg
vanilla_bodies/objects/body_default.txt	901	BP	bodypart_plural	STP
vanilla_bodies/objects/body_default.txt	903	BP	bodypart_singular	right second foot
vanilla_bodies/objects/body_default.txt	903	BP	bodypart_plural	right second feet
vanilla_bodies/objects/body_default.txt	905	BP	bodypart_singular	left second foot
vanilla_bodies/objects/body_default.txt	905	BP	bodypart_plural	left second feet
vanilla_bodies/objects/body_default.txt	907	BP	bodypart_singular	right third leg
vanilla_bodies/objects/body_default.txt	907	BP	bodypart_plural	STP
vanilla_bodies/objects/body_default.txt	909	BP	bodypart_singular	left third leg
vanilla_bodies/objects/body_default.txt	909	BP	bodypart_plural	STP
vanilla_bodies/objects/body_default.txt	911	BP	bodypart_singular	right third foot
vanilla_bodies/objects/body_default.txt	911	BP	bodypart_plural	right third feet
vanilla_bodies/objects/body_default.txt	913	BP	bodypart_singular	left third foot
vanilla_bodies/objects/body_default.txt	913	BP	bodypart_plural	left third feet
vanilla_bodies/objects/body_default.txt	917	BP	bodypart_singular	cephalothorax
vanilla_bodies/objects/body_default.txt	917	BP	bodypart_plural	cephalothoraxes
vanilla_bodies/objects/body_default.txt	919	BP	bodypart_singular	abdomen
vanilla_bodies/objects/body_default.txt	919	BP	bodypart_plural	STP
vanilla_bodies/objects/body_default.txt	921	BP	bodypart_singular	right first leg
vanilla_bodies/objects/body_default.txt	921	BP	bodypart_plural	STP
vanilla_bodies/objects/body_default.txt	923	BP	bodypart_singular	left first leg
vanilla_bodies/objects/body_default.txt	923	BP	bodypart_plural	STP
vanilla_bodies/objects/body_default.txt	925	BP	bodypart_singular	right first foot
vanilla_bodies/objects/body_default.txt	925	BP	bodypart_plural	right first feet
vanilla_bodies/objects/body_default.txt	927	BP	bodypart_singular	left first foot
vanilla_bodies/objects/body_default.txt	927	BP	bodypart_plural	left first feet
vanilla_bodies/objects/body_default.txt	929	BP	bodypart_singular	right second leg
vanilla_bodies/objects/body_default.txt	929	BP	bodypart_plural	STP
vanilla_bodies/objects/body_default.txt	931	BP	bodypart_singular	left second leg
vanilla_bodies/objects/body_default.txt	931	BP	bodypart_plural	STP
vanilla_bodies/objects/body_default.txt	933	BP	bodypart_singular	right second foot
vanilla_bodies/objects/body_default.txt	933	BP	bodypart_plural	right second feet
vanilla_bodies/objects/body_default.txt	935	BP	bodypart_singular	left second foot
vanilla_bodies/objects/body_default.txt	935	BP	bodypart_plural	left second feet
vanilla_bodies/objects/body_default.txt	937	BP	bodypart_singular	right third leg
vanilla_bodies/objects/body_default.txt	937	BP	bodypart_plural	STP
vanilla_bodies/objects/body_default.txt	939	BP	bodypart_singular	left third leg
vanilla_bodies/objects/body_default.txt	939	BP	bodypart_plural	STP
vanilla_bodies/objects/body_default.txt	941	BP	bodypart_singular	right third foot
vanilla_bodies/objects/body_default.txt	941	BP	bodypart_plural	right third feet
vanilla_bodies/objects/body_default.txt	943	BP	bodypart_singular	left third foot
vanilla_bodies/objects/body_default.txt	943	BP	bodypart_plural	left third feet
vanilla_bodies/objects/body_default.txt	945	BP	bodypart_singular	right fourth leg
vanilla_bodies/objects/body_default.txt	945	BP	bodypart_plural	STP
vanilla_bodies/objects/body_default.txt	947	BP	bodypart_singular	left fourth leg
vanilla_bodies/objects/body_default.txt	947	BP	bodypart_plural	STP
vanilla_bodies/objects/body_default.txt	949	BP	bodypart_singular	right fourth foot
vanilla_bodies/objects/body_default.txt	949	BP	bodypart_plural	right fourth feet
vanilla_bodies/objects/body_default.txt	951	BP	bodypart_singular	left fourth foot
vanilla_bodies/objects/body_default.txt	951	BP	bodypart_plural	left fourth feet
vanilla_bodies/objects/body_default.txt	955	BP	bodypart_singular	cephalothorax
vanilla_bodies/objects/body_default.txt	955	BP	bodypart_plural	cephalothoraxes
vanilla_bodies/objects/body_default.txt	957	BP	bodypart_singular	right first leg
vanilla_bodies/objects/body_default.txt	957	BP	bodypart_plural	STP
vanilla_bodies/objects/body_default.txt	959	BP	bodypart_singular	left first leg
vanilla_bodies/objects/body_default.txt	959	BP	bodypart_plural	STP
vanilla_bodies/objects/body_default.txt	961	BP	bodypart_singular	right first foot
vanilla_bodies/objects/body_default.txt	961	BP	bodypart_plural	right first feet
vanilla_bodies/objects/body_default.txt	963	BP	bodypart_singular	left first foot
vanilla_bodies/objects/body_default.txt	963	BP	bodypart_plural	left first feet
vanilla_bodies/objects/body_default.txt	965	BP	bodypart_singular	right second leg
vanilla_bodies/objects/body_default.txt	965	BP	bodypart_plural	STP
vanilla_bodies/objects/body_default.txt	967	BP	bodypart_singular	left second leg
vanilla_bodies/objects/body_default.txt	967	BP	bodypart_plural	STP
vanilla_bodies/objects/body_default.txt	969	BP	bodypart_singular	right second foot
vanilla_bodies/objects/body_default.txt	969	BP	bodypart_plural	right second feet
vanilla_bodies/objects/body_default.txt	971	BP	bodypart_singular	left second foot
vanilla_bodies/objects/body_default.txt	971	BP	bodypart_plural	left second feet
vanilla_bodies/objects/body_default.txt	973	BP	bodypart_singular	right third leg
vanilla_bodies/objects/body_default.txt	973	BP	bodypart_plural	STP
vanilla_bodies/objects/body_default.txt	975	BP	bodypart_singular	left third leg
vanilla_bodies/objects/body_default.txt	975	BP	bodypart_plural	STP
vanilla_bodies/objects/body_default.txt	977	BP	bodypart_singular	right third foot
vanilla_bodies/objects/body_default.txt	977	BP	bodypart_plural	right third feet
vanilla_bodies/objects/body_default.txt	979	BP	bodypart_singular	left third foot
vanilla_bodies/objects/body_default.txt	979	BP	bodypart_plural	left third feet
vanilla_bodies/objects/body_default.txt	981	BP	bodypart_singular	right fourth leg
vanilla_bodies/objects/body_default.txt	981	BP	bodypart_plural	STP
vanilla_bodies/objects/body_default.txt	983	BP	bodypart_singular	left fourth leg
vanilla_bodies/objects/body_default.txt	983	BP	bodypart_plural	STP
vanilla_bodies/objects/body_default.txt	985	BP	bodypart_singular	right fourth foot
vanilla_bodies/objects/body_default.txt	985	BP	bodypart_plural	right fourth feet
vanilla_bodies/objects/body_default.txt	987	BP	bodypart_singular	left fourth foot
vanilla_bodies/objects/body_default.txt	987	BP	bodypart_plural	left fourth feet
vanilla_bodies/objects/body_default.txt	991	BP	bodypart_singular	right tentacle
vanilla_bodies/objects/body_default.txt	991	BP	bodypart_plural	STP
vanilla_bodies/objects/body_default.txt	993	BP	bodypart_singular	left tentacle
vanilla_bodies/objects/body_default.txt	993	BP	bodypart_plural	STP
vanilla_bodies/objects/body_default.txt	997	BP	bodypart_singular	mouth
vanilla_bodies/objects/body_default.txt	997	BP	bodypart_plural	STP
vanilla_bodies/objects/body_default.txt	1001	BP	bodypart_singular	tooth
vanilla_bodies/objects/body_default.txt	1001	BP	bodypart_plural	teeth
vanilla_bodies/objects/body_default.txt	1005	BP	bodypart_singular	first arm
vanilla_bodies/objects/body_default.txt	1005	BP	bodypart_plural	STP
vanilla_bodies/objects/body_default.txt	1007	BP	bodypart_singular	second arm
vanilla_bodies/objects/body_default.txt	1007	BP	bodypart_plural	STP
vanilla_bodies/objects/body_default.txt	1009	BP	bodypart_singular	third arm
vanilla_bodies/objects/body_default.txt	1009	BP	bodypart_plural	STP
vanilla_bodies/objects/body_default.txt	1011	BP	bodypart_singular	fourth arm
vanilla_bodies/objects/body_default.txt	1011	BP	bodypart_plural	STP
vanilla_bodies/objects/body_default.txt	1013	BP	bodypart_singular	fifth arm
vanilla_bodies/objects/body_default.txt	1013	BP	bodypart_plural	STP
vanilla_bodies/objects/body_default.txt	1015	BP	bodypart_singular	sixth arm
vanilla_bodies/objects/body_default.txt	1015	BP	bodypart_plural	STP
vanilla_bodies/objects/body_default.txt	1017	BP	bodypart_singular	seventh arm
vanilla_bodies/objects/body_default.txt	1017	BP	bodypart_plural	STP
vanilla_bodies/objects/body_default.txt	1019	BP	bodypart_singular	eighth arm
vanilla_bodies/objects/body_default.txt	1019	BP	bodypart_plural	STP
vanilla_bodies/objects/body_default.txt	1023	BP	bodypart_singular	right tentacle
vanilla_bodies/objects/body_default.txt	1023	BP	bodypart_plural	STP
vanilla_bodies/objects/body_default.txt	1025	BP	bodypart_singular	left tentacle
vanilla_bodies/objects/body_default.txt	1025	BP	bodypart_plural	STP
vanilla_bodies/objects/body_default.txt	1027	BP	bodypart_singular	right tentacle club
vanilla_bodies/objects/body_default.txt	1027	BP	bodypart_plural	STP
vanilla_bodies/objects/body_default.txt	1029	BP	bodypart_singular	left tentacle club
vanilla_bodies/objects/body_default.txt	1029	BP	bodypart_plural	STP
vanilla_bodies/objects/body_default.txt	1033	BP	bodypart_singular	right upper tentacle
vanilla_bodies/objects/body_default.txt	1033	BP	bodypart_plural	STP
vanilla_bodies/objects/body_default.txt	1035	BP	bodypart_singular	left upper tentacle
vanilla_bodies/objects/body_default.txt	1035	BP	bodypart_plural	STP
vanilla_bodies/objects/body_default.txt	1037	BP	bodypart_singular	right upper claw
vanilla_bodies/objects/body_default.txt	1037	BP	bodypart_plural	STP
vanilla_bodies/objects/body_default.txt	1039	BP	bodypart_singular	left upper claw
vanilla_bodies/objects/body_default.txt	1039	BP	bodypart_plural	STP
vanilla_bodies/objects/body_default.txt	1041	BP	bodypart_singular	right lower tentacle
vanilla_bodies/objects/body_default.txt	1041	BP	bodypart_plural	STP
vanilla_bodies/objects/body_default.txt	1043	BP	bodypart_singular	left lower tentacle
vanilla_bodies/objects/body_default.txt	1043	BP	bodypart_plural	STP
vanilla_bodies/objects/body_default.txt	1045	BP	bodypart_singular	right lower claw
vanilla_bodies/objects/body_default.txt	1045	BP	bodypart_plural	STP
vanilla_bodies/objects/body_default.txt	1047	BP	bodypart_singular	left lower claw
vanilla_bodies/objects/body_default.txt	1047	BP	bodypart_plural	STP
vanilla_bodies/objects/body_default.txt	1051	BP	bodypart_singular	right upper tentacle
vanilla_bodies/objects/body_default.txt	1051	BP	bodypart_plural	STP
vanilla_bodies/objects/body_default.txt	1053	BP	bodypart_singular	left upper tentacle
vanilla_bodies/objects/body_default.txt	1053	BP	bodypart_plural	STP
vanilla_bodies/objects/body_default.txt	1055	BP	bodypart_singular	right upper claw
vanilla_bodies/objects/body_default.txt	1055	BP	bodypart_plural	STP
vanilla_bodies/objects/body_default.txt	1057	BP	bodypart_singular	left upper claw
vanilla_bodies/objects/body_default.txt	1057	BP	bodypart_plural	STP
vanilla_bodies/objects/body_default.txt	1059	BP	bodypart_singular	right middle tentacle
vanilla_bodies/objects/body_default.txt	1059	BP	bodypart_plural	STP
vanilla_bodies/objects/body_default.txt	1061	BP	bodypart_singular	left middle tentacle
vanilla_bodies/objects/body_default.txt	1061	BP	bodypart_plural	STP
vanilla_bodies/objects/body_default.txt	1063	BP	bodypart_singular	right middle claw
vanilla_bodies/objects/body_default.txt	1063	BP	bodypart_plural	STP
vanilla_bodies/objects/body_default.txt	1065	BP	bodypart_singular	left middle claw
vanilla_bodies/objects/body_default.txt	1065	BP	bodypart_plural	STP
vanilla_bodies/objects/body_default.txt	1067	BP	bodypart_singular	right lower tentacle
vanilla_bodies/objects/body_default.txt	1067	BP	bodypart_plural	STP
vanilla_bodies/objects/body_default.txt	1069	BP	bodypart_singular	left lower tentacle
vanilla_bodies/objects/body_default.txt	1069	BP	bodypart_plural	STP
vanilla_bodies/objects/body_default.txt	1071	BP	bodypart_singular	right lower claw
vanilla_bodies/objects/body_default.txt	1071	BP	bodypart_plural	STP
vanilla_bodies/objects/body_default.txt	1073	BP	bodypart_singular	left lower claw
vanilla_bodies/objects/body_default.txt	1073	BP	bodypart_plural	STP
vanilla_bodies/objects/body_default.txt	1077	BP	bodypart_singular	front
vanilla_bodies/objects/body_default.txt	1077	BP	bodypart_plural	STP
vanilla_bodies/objects/body_default.txt	1079	BP	bodypart_singular	back
vanilla_bodies/objects/body_default.txt	1079	BP	bodypart_plural	STP
vanilla_bodies/objects/body_default.txt	1081	BP	bodypart_singular	right front wheel
vanilla_bodies/objects/body_default.txt	1081	BP	bodypart_plural	STP
vanilla_bodies/objects/body_default.txt	1083	BP	bodypart_singular	left front wheel
vanilla_bodies/objects/body_default.txt	1083	BP	bodypart_plural	STP
vanilla_bodies/objects/body_default.txt	1085	BP	bodypart_singular	right rear wheel
vanilla_bodies/objects/body_default.txt	1085	BP	bodypart_plural	STP
vanilla_bodies/objects/body_default.txt	1087	BP	bodypart_singular	left rear wheel
vanilla_bodies/objects/body_default.txt	1087	BP	bodypart_plural	STP
vanilla_bodies/objects/body_default.txt	1091	BP	bodypart_singular	tail
vanilla_bodies/objects/body_default.txt	1091	BP	bodypart_plural	STP
vanilla_bodies/objects/body_default.txt	1095	BP	bodypart_singular	shell
vanilla_bodies/objects/body_default.txt	1095	BP	bodypart_plural	STP
vanilla_bodies/objects/body_default.txt	1100	BP	bodypart_singular	upper carapace
vanilla_bodies/objects/body_default.txt	1100	BP	bodypart_plural	STP
vanilla_bodies/objects/body_default.txt	1102	BP	bodypart_singular	lower carapace
vanilla_bodies/objects/body_default.txt	1102	BP	bodypart_plural	STP
vanilla_bodies/objects/body_default.txt	1106	BP	bodypart_singular	tail
vanilla_bodies/objects/body_default.txt	1106	BP	bodypart_plural	STP
vanilla_bodies/objects/body_default.txt	1110	BP	bodypart_singular	stinger
vanilla_bodies/objects/body_default.txt	1110	BP	bodypart_plural	STP
vanilla_bodies/objects/body_default.txt	1114	BP	bodypart_singular	right pincer
vanilla_bodies/objects/body_default.txt	1114	BP	bodypart_plural	STP
vanilla_bodies/objects/body_default.txt	1116	BP	bodypart_singular	left pincer
vanilla_bodies/objects/body_default.txt	1116	BP	bodypart_plural	STP
vanilla_bodies/objects/body_default.txt	1120	BP	bodypart_singular	right pincer
vanilla_bodies/objects/body_default.txt	1120	BP	bodypart_plural	STP
vanilla_bodies/objects/body_default.txt	1122	BP	bodypart_singular	left pincer
vanilla_bodies/objects/body_default.txt	1122	BP	bodypart_plural	STP
vanilla_bodies/objects/body_default.txt	1126	BP	bodypart_singular	right frontal appendage
vanilla_bodies/objects/body_default.txt	1126	BP	bodypart_plural	STP
vanilla_bodies/objects/body_default.txt	1128	BP	bodypart_singular	left frontal appendage
vanilla_bodies/objects/body_default.txt	1128	BP	bodypart_plural	STP
vanilla_bodies/objects/body_default.txt	1153	BP	bodypart_singular	right eye
vanilla_bodies/objects/body_default.txt	1153	BP	bodypart_plural	STP
vanilla_bodies/objects/body_default.txt	1155	BP	bodypart_singular	left eye
vanilla_bodies/objects/body_default.txt	1155	BP	bodypart_plural	STP
vanilla_bodies/objects/body_default.txt	1159	BP	bodypart_singular	right eye
vanilla_bodies/objects/body_default.txt	1159	BP	bodypart_plural	STP
vanilla_bodies/objects/body_default.txt	1161	BP	bodypart_singular	left eye
vanilla_bodies/objects/body_default.txt	1161	BP	bodypart_plural	STP
vanilla_bodies/objects/body_default.txt	1163	BP	bodypart_singular	center eye
vanilla_bodies/objects/body_default.txt	1163	BP	bodypart_plural	STP
vanilla_bodies/objects/body_default.txt	1167	BP	bodypart_singular	first eye
vanilla_bodies/objects/body_default.txt	1167	BP	bodypart_plural	STP
vanilla_bodies/objects/body_default.txt	1169	BP	bodypart_singular	second eye
vanilla_bodies/objects/body_default.txt	1169	BP	bodypart_plural	STP
vanilla_bodies/objects/body_default.txt	1171	BP	bodypart_singular	third eye
vanilla_bodies/objects/body_default.txt	1171	BP	bodypart_plural	STP
vanilla_bodies/objects/body_default.txt	1173	BP	bodypart_singular	fourth eye
vanilla_bodies/objects/body_default.txt	1173	BP	bodypart_plural	STP
vanilla_bodies/objects/body_default.txt	1177	BP	bodypart_singular	first eye
vanilla_bodies/objects/body_default.txt	1177	BP	bodypart_plural	STP
vanilla_bodies/objects/body_default.txt	1179	BP	bodypart_singular	second eye
vanilla_bodies/objects/body_default.txt	1179	BP	bodypart_plural	STP
vanilla_bodies/objects/body_default.txt	1181	BP	bodypart_singular	third eye
vanilla_bodies/objects/body_default.txt	1181	BP	bodypart_plural	STP
vanilla_bodies/objects/body_default.txt	1183	BP	bodypart_singular	fourth eye
vanilla_bodies/objects/body_default.txt	1183	BP	bodypart_plural	STP
vanilla_bodies/objects/body_default.txt	1185	BP	bodypart_singular	fifth eye
vanilla_bodies/objects/body_default.txt	1185	BP	bodypart_plural	STP
vanilla_bodies/objects/body_default.txt	1189	BP	bodypart_singular	right eyestalk
vanilla_bodies/objects/body_default.txt	1189	BP	bodypart_plural	STP
vanilla_bodies/objects/body_default.txt	1191	BP	bodypart_singular	left eyestalk
vanilla_bodies/objects/body_default.txt	1191	BP	bodypart_plural	STP
vanilla_bodies/objects/body_default.txt	1195	BP	bodypart_singular	right tusk
vanilla_bodies/objects/body_default.txt	1195	BP	bodypart_plural	STP
vanilla_bodies/objects/body_default.txt	1197	BP	bodypart_singular	left tusk
vanilla_bodies/objects/body_default.txt	1197	BP	bodypart_plural	STP
vanilla_bodies/objects/body_default.txt	1201	BP	bodypart_singular	nose
vanilla_bodies/objects/body_default.txt	1201	BP	bodypart_plural	STP
vanilla_bodies/objects/body_default.txt	1205	BP	bodypart_singular	snout
vanilla_bodies/objects/body_default.txt	1205	BP	bodypart_plural	STP
vanilla_bodies/objects/body_default.txt	1209	BP	bodypart_singular	trunk
vanilla_bodies/objects/body_default.txt	1209	BP	bodypart_plural	STP
vanilla_bodies/objects/body_default.txt	1213	BP	bodypart_singular	right ear
vanilla_bodies/objects/body_default.txt	1213	BP	bodypart_plural	STP
vanilla_bodies/objects/body_default.txt	1215	BP	bodypart_singular	left ear
vanilla_bodies/objects/body_default.txt	1215	BP	bodypart_plural	STP
vanilla_bodies/objects/body_default.txt	1219	BP	bodypart_singular	right lung
vanilla_bodies/objects/body_default.txt	1219	BP	bodypart_plural	STP
vanilla_bodies/objects/body_default.txt	1221	BP	bodypart_singular	left lung
vanilla_bodies/objects/body_default.txt	1221	BP	bodypart_plural	STP
vanilla_bodies/objects/body_default.txt	1225	BP	bodypart_singular	mouth
vanilla_bodies/objects/body_default.txt	1225	BP	bodypart_plural	STP
vanilla_bodies/objects/body_default.txt	1229	BP	bodypart_singular	proboscis
vanilla_bodies/objects/body_default.txt	1229	BP	bodypart_plural	proboscises
vanilla_bodies/objects/body_default.txt	1233	BP	bodypart_singular	beak
vanilla_bodies/objects/body_default.txt	1233	BP	bodypart_plural	STP
vanilla_bodies/objects/body_default.txt	1237	BP	bodypart_singular	heart
vanilla_bodies/objects/body_default.txt	1237	BP	bodypart_plural	STP
vanilla_bodies/objects/body_default.txt	1241	BP	bodypart_singular	guts
vanilla_bodies/objects/body_default.txt	1241	BP	bodypart_plural	guts
vanilla_bodies/objects/body_default.txt	1246	BP	bodypart_singular	gizzard
vanilla_bodies/objects/body_default.txt	1246	BP	bodypart_plural	STP
vanilla_bodies/objects/body_default.txt	1250	BP	bodypart_singular	liver
vanilla_bodies/objects/body_default.txt	1250	BP	bodypart_plural	STP
vanilla_bodies/objects/body_default.txt	1252	BP	bodypart_singular	stomach
vanilla_bodies/objects/body_default.txt	1252	BP	bodypart_plural	STP
vanilla_bodies/objects/body_default.txt	1254	BP	bodypart_singular	pancreas
vanilla_bodies/objects/body_default.txt	1254	BP	bodypart_plural	pancreases
vanilla_bodies/objects/body_default.txt	1256	BP	bodypart_singular	spleen
vanilla_bodies/objects/body_default.txt	1256	BP	bodypart_plural	STP
vanilla_bodies/objects/body_default.txt	1258	BP	bodypart_singular	right kidney
vanilla_bodies/objects/body_default.txt	1258	BP	bodypart_plural	STP
vanilla_bodies/objects/body_default.txt	1260	BP	bodypart_singular	left kidney
vanilla_bodies/objects/body_default.txt	1260	BP	bodypart_plural	STP
vanilla_bodies/objects/body_default.txt	1264	BP	bodypart_singular	right shoulder
vanilla_bodies/objects/body_default.txt	1264	BP	bodypart_plural	STP
vanilla_bodies/objects/body_default.txt	1266	BP	bodypart_singular	left shoulder
vanilla_bodies/objects/body_default.txt	1266	BP	bodypart_plural	STP
vanilla_bodies/objects/body_default.txt	1268	BP	bodypart_singular	right elbow
vanilla_bodies/objects/body_default.txt	1268	BP	bodypart_plural	STP
vanilla_bodies/objects/body_default.txt	1270	BP	bodypart_singular	left elbow
vanilla_bodies/objects/body_default.txt	1270	BP	bodypart_plural	STP
vanilla_bodies/objects/body_default.txt	1272	BP	bodypart_singular	right wrist
vanilla_bodies/objects/body_default.txt	1272	BP	bodypart_plural	STP
vanilla_bodies/objects/body_default.txt	1274	BP	bodypart_singular	left wrist
vanilla_bodies/objects/body_default.txt	1274	BP	bodypart_plural	STP
vanilla_bodies/objects/body_default.txt	1276	BP	bodypart_singular	right hip
vanilla_bodies/objects/body_default.txt	1276	BP	bodypart_plural	STP
vanilla_bodies/objects/body_default.txt	1278	BP	bodypart_singular	left hip
vanilla_bodies/objects/body_default.txt	1278	BP	bodypart_plural	STP
vanilla_bodies/objects/body_default.txt	1280	BP	bodypart_singular	right knee
vanilla_bodies/objects/body_default.txt	1280	BP	bodypart_plural	STP
vanilla_bodies/objects/body_default.txt	1282	BP	bodypart_singular	left knee
vanilla_bodies/objects/body_default.txt	1282	BP	bodypart_plural	STP
vanilla_bodies/objects/body_default.txt	1284	BP	bodypart_singular	right ankle
vanilla_bodies/objects/body_default.txt	1284	BP	bodypart_plural	STP
vanilla_bodies/objects/body_default.txt	1286	BP	bodypart_singular	left ankle
vanilla_bodies/objects/body_default.txt	1286	BP	bodypart_plural	STP
vanilla_bodies/objects/body_default.txt	1290	BP	bodypart_singular	throat
vanilla_bodies/objects/body_default.txt	1290	BP	bodypart_plural	STP
vanilla_bodies/objects/body_default.txt	1294	BP	bodypart_singular	upper spine
vanilla_bodies/objects/body_default.txt	1294	BP	bodypart_plural	STP
vanilla_bodies/objects/body_default.txt	1299	BP	bodypart_singular	middle spine
vanilla_bodies/objects/body_default.txt	1299	BP	bodypart_plural	STP
vanilla_bodies/objects/body_default.txt	1302	BP	bodypart_singular	lower spine
vanilla_bodies/objects/body_default.txt	1302	BP	bodypart_plural	STP
vanilla_bodies/objects/body_default.txt	1307	BP	bodypart_singular	brain
vanilla_bodies/objects/body_default.txt	1307	BP	bodypart_plural	STP
vanilla_bodies/objects/body_default.txt	1311	BP	bodypart_singular	brain
vanilla_bodies/objects/body_default.txt	1311	BP	bodypart_plural	STP
vanilla_bodies/objects/body_default.txt	1315	BP	bodypart_singular	skull
vanilla_bodies/objects/body_default.txt	1315	BP	bodypart_plural	STP
vanilla_bodies/objects/body_default.txt	1326	BP	bodypart_singular	casque
vanilla_bodies/objects/body_default.txt	1326	BP	bodypart_plural	STP
vanilla_bodies/objects/body_default.txt	1330	BP	bodypart_singular	crest
vanilla_bodies/objects/body_default.txt	1330	BP	bodypart_plural	STP
vanilla_bodies/objects/body_default.txt	1334	BP	bodypart_singular	horn
vanilla_bodies/objects/body_default.txt	1334	BP	bodypart_plural	STP
vanilla_bodies/objects/body_default.txt	1338	BP	bodypart_singular	right horn
vanilla_bodies/objects/body_default.txt	1338	BP	bodypart_plural	STP
vanilla_bodies/objects/body_default.txt	1340	BP	bodypart_singular	left horn
vanilla_bodies/objects/body_default.txt	1340	BP	bodypart_plural	STP
vanilla_bodies/objects/body_default.txt	1344	BP	bodypart_singular	first horn
vanilla_bodies/objects/body_default.txt	1344	BP	bodypart_plural	STP
vanilla_bodies/objects/body_default.txt	1346	BP	bodypart_singular	second horn
vanilla_bodies/objects/body_default.txt	1346	BP	bodypart_plural	STP
vanilla_bodies/objects/body_default.txt	1350	BP	bodypart_singular	front horn
vanilla_bodies/objects/body_default.txt	1350	BP	bodypart_plural	STP
vanilla_bodies/objects/body_default.txt	1352	BP	bodypart_singular	right horn
vanilla_bodies/objects/body_default.txt	1352	BP	bodypart_plural	STP
vanilla_bodies/objects/body_default.txt	1354	BP	bodypart_singular	left horn
vanilla_bodies/objects/body_default.txt	1354	BP	bodypart_plural	STP
vanilla_bodies/objects/body_default.txt	1358	BP	bodypart_singular	right upper horn
vanilla_bodies/objects/body_default.txt	1358	BP	bodypart_plural	STP
vanilla_bodies/objects/body_default.txt	1360	BP	bodypart_singular	left upper horn
vanilla_bodies/objects/body_default.txt	1360	BP	bodypart_plural	STP
vanilla_bodies/objects/body_default.txt	1362	BP	bodypart_singular	right lower horn
vanilla_bodies/objects/body_default.txt	1362	BP	bodypart_plural	STP
vanilla_bodies/objects/body_default.txt	1364	BP	bodypart_singular	left lower horn
vanilla_bodies/objects/body_default.txt	1364	BP	bodypart_plural	STP
vanilla_bodies/objects/body_default.txt	1368	BP	bodypart_singular	right antler
vanilla_bodies/objects/body_default.txt	1368	BP	bodypart_plural	STP
vanilla_bodies/objects/body_default.txt	1370	BP	bodypart_singular	left antler
vanilla_bodies/objects/body_default.txt	1370	BP	bodypart_plural	STP
vanilla_bodies/objects/body_default.txt	1374	BP	bodypart_singular	eye
vanilla_bodies/objects/body_default.txt	1374	BP	bodypart_plural	STP
vanilla_bodies/objects/body_default.txt	1378	BP	bodypart_singular	eye
vanilla_bodies/objects/body_default.txt	1378	BP	bodypart_plural	STP
vanilla_bodies/objects/body_default.txt	1382	BP	bodypart_singular	eyelid
vanilla_bodies/objects/body_default.txt	1382	BP	bodypart_plural	STP
vanilla_bodies/objects/body_default.txt	1386	BP	bodypart_singular	thumb
vanilla_bodies/objects/body_default.txt	1386	BP	bodypart_plural	STP
vanilla_bodies/objects/body_default.txt	1388	BP	bodypart_singular	first finger
vanilla_bodies/objects/body_default.txt	1388	BP	bodypart_plural	STP
vanilla_bodies/objects/body_default.txt	1390	BP	bodypart_singular	second finger
vanilla_bodies/objects/body_default.txt	1390	BP	bodypart_plural	STP
vanilla_bodies/objects/body_default.txt	1392	BP	bodypart_singular	third finger
vanilla_bodies/objects/body_default.txt	1392	BP	bodypart_plural	STP
vanilla_bodies/objects/body_default.txt	1394	BP	bodypart_singular	fourth finger
vanilla_bodies/objects/body_default.txt	1394	BP	bodypart_plural	STP
vanilla_bodies/objects/body_default.txt	1398	BP	bodypart_singular	thumb
vanilla_bodies/objects/body_default.txt	1398	BP	bodypart_plural	STP
vanilla_bodies/objects/body_default.txt	1400	BP	bodypart_singular	first finger
vanilla_bodies/objects/body_default.txt	1400	BP	bodypart_plural	STP
vanilla_bodies/objects/body_default.txt	1402	BP	bodypart_singular	second finger
vanilla_bodies/objects/body_default.txt	1402	BP	bodypart_plural	STP
vanilla_bodies/objects/body_default.txt	1404	BP	bodypart_singular	third finger
vanilla_bodies/objects/body_default.txt	1404	BP	bodypart_plural	STP
vanilla_bodies/objects/body_default.txt	1408	BP	bodypart_singular	thumb
vanilla_bodies/objects/body_default.txt	1408	BP	bodypart_plural	STP
vanilla_bodies/objects/body_default.txt	1410	BP	bodypart_singular	first finger
vanilla_bodies/objects/body_default.txt	1410	BP	bodypart_plural	STP
vanilla_bodies/objects/body_default.txt	1412	BP	bodypart_singular	second finger
vanilla_bodies/objects/body_default.txt	1412	BP	bodypart_plural	STP
vanilla_bodies/objects/body_default.txt	1416	BP	bodypart_singular	first finger
vanilla_bodies/objects/body_default.txt	1416	BP	bodypart_plural	STP
vanilla_bodies/objects/body_default.txt	1418	BP	bodypart_singular	second finger
vanilla_bodies/objects/body_default.txt	1418	BP	bodypart_plural	STP
vanilla_bodies/objects/body_default.txt	1422	BP	bodypart_singular	finger
vanilla_bodies/objects/body_default.txt	1422	BP	bodypart_plural	STP
vanilla_bodies/objects/body_default.txt	1426	BP	bodypart_singular	first toe
vanilla_bodies/objects/body_default.txt	1426	BP	bodypart_plural	STP
vanilla_bodies/objects/body_default.txt	1428	BP	bodypart_singular	second toe
vanilla_bodies/objects/body_default.txt	1428	BP	bodypart_plural	STP
vanilla_bodies/objects/body_default.txt	1430	BP	bodypart_singular	third toe
vanilla_bodies/objects/body_default.txt	1430	BP	bodypart_plural	STP
vanilla_bodies/objects/body_default.txt	1432	BP	bodypart_singular	fourth toe
vanilla_bodies/objects/body_default.txt	1432	BP	bodypart_plural	STP
vanilla_bodies/objects/body_default.txt	1434	BP	bodypart_singular	fifth toe
vanilla_bodies/objects/body_default.txt	1434	BP	bodypart_plural	STP
vanilla_bodies/objects/body_default.txt	1438	BP	bodypart_singular	first toe
vanilla_bodies/objects/body_default.txt	1438	BP	bodypart_plural	STP
vanilla_bodies/objects/body_default.txt	1440	BP	bodypart_singular	second toe
vanilla_bodies/objects/body_default.txt	1440	BP	bodypart_plural	STP
vanilla_bodies/objects/body_default.txt	1442	BP	bodypart_singular	third toe
vanilla_bodies/objects/body_default.txt	1442	BP	bodypart_plural	STP
vanilla_bodies/objects/body_default.txt	1444	BP	bodypart_singular	fourth toe
vanilla_bodies/objects/body_default.txt	1444	BP	bodypart_plural	STP
vanilla_bodies/objects/body_default.txt	1448	BP	bodypart_singular	first toe
vanilla_bodies/objects/body_default.txt	1448	BP	bodypart_plural	STP
vanilla_bodies/objects/body_default.txt	1450	BP	bodypart_singular	second toe
vanilla_bodies/objects/body_default.txt	1450	BP	bodypart_plural	STP
vanilla_bodies/objects/body_default.txt	1452	BP	bodypart_singular	third toe
vanilla_bodies/objects/body_default.txt	1452	BP	bodypart_plural	STP
vanilla_bodies/objects/body_default.txt	1456	BP	bodypart_singular	first toe
vanilla_bodies/objects/body_default.txt	1456	BP	bodypart_plural	STP
vanilla_bodies/objects/body_default.txt	1458	BP	bodypart_singular	second toe
vanilla_bodies/objects/body_default.txt	1458	BP	bodypart_plural	STP
vanilla_bodies/objects/body_default.txt	1462	BP	bodypart_singular	first right front toe
vanilla_bodies/objects/body_default.txt	1462	BP	bodypart_plural	STP
vanilla_bodies/objects/body_default.txt	1464	BP	bodypart_singular	second right front toe
vanilla_bodies/objects/body_default.txt	1464	BP	bodypart_plural	STP
vanilla_bodies/objects/body_default.txt	1466	BP	bodypart_singular	third right front toe
vanilla_bodies/objects/body_default.txt	1466	BP	bodypart_plural	STP
vanilla_bodies/objects/body_default.txt	1468	BP	bodypart_singular	fourth right front toe
vanilla_bodies/objects/body_default.txt	1468	BP	bodypart_plural	STP
vanilla_bodies/objects/body_default.txt	1470	BP	bodypart_singular	fifth right front toe
vanilla_bodies/objects/body_default.txt	1470	BP	bodypart_plural	STP
vanilla_bodies/objects/body_default.txt	1472	BP	bodypart_singular	first left front toe
vanilla_bodies/objects/body_default.txt	1472	BP	bodypart_plural	STP
vanilla_bodies/objects/body_default.txt	1474	BP	bodypart_singular	second left front toe
vanilla_bodies/objects/body_default.txt	1474	BP	bodypart_plural	STP
vanilla_bodies/objects/body_default.txt	1476	BP	bodypart_singular	third left front toe
vanilla_bodies/objects/body_default.txt	1476	BP	bodypart_plural	STP
vanilla_bodies/objects/body_default.txt	1478	BP	bodypart_singular	fourth left front toe
vanilla_bodies/objects/body_default.txt	1478	BP	bodypart_plural	STP
vanilla_bodies/objects/body_default.txt	1480	BP	bodypart_singular	fifth left front toe
vanilla_bodies/objects/body_default.txt	1480	BP	bodypart_plural	STP
vanilla_bodies/objects/body_default.txt	1484	BP	bodypart_singular	first right front toe
vanilla_bodies/objects/body_default.txt	1484	BP	bodypart_plural	STP
vanilla_bodies/objects/body_default.txt	1486	BP	bodypart_singular	second right front toe
vanilla_bodies/objects/body_default.txt	1486	BP	bodypart_plural	STP
vanilla_bodies/objects/body_default.txt	1488	BP	bodypart_singular	third right front toe
vanilla_bodies/objects/body_default.txt	1488	BP	bodypart_plural	STP
vanilla_bodies/objects/body_default.txt	1490	BP	bodypart_singular	fourth right front toe
vanilla_bodies/objects/body_default.txt	1490	BP	bodypart_plural	STP
vanilla_bodies/objects/body_default.txt	1492	BP	bodypart_singular	first left front toe
vanilla_bodies/objects/body_default.txt	1492	BP	bodypart_plural	STP
vanilla_bodies/objects/body_default.txt	1494	BP	bodypart_singular	second left front toe
vanilla_bodies/objects/body_default.txt	1494	BP	bodypart_plural	STP
vanilla_bodies/objects/body_default.txt	1496	BP	bodypart_singular	third left front toe
vanilla_bodies/objects/body_default.txt	1496	BP	bodypart_plural	STP
vanilla_bodies/objects/body_default.txt	1498	BP	bodypart_singular	fourth left front toe
vanilla_bodies/objects/body_default.txt	1498	BP	bodypart_plural	STP
vanilla_bodies/objects/body_default.txt	1502	BP	bodypart_singular	first right front toe
vanilla_bodies/objects/body_default.txt	1502	BP	bodypart_plural	STP
vanilla_bodies/objects/body_default.txt	1504	BP	bodypart_singular	second right front toe
vanilla_bodies/objects/body_default.txt	1504	BP	bodypart_plural	STP
vanilla_bodies/objects/body_default.txt	1506	BP	bodypart_singular	third right front toe
vanilla_bodies/objects/body_default.txt	1506	BP	bodypart_plural	STP
vanilla_bodies/objects/body_default.txt	1508	BP	bodypart_singular	first left front toe
vanilla_bodies/objects/body_default.txt	1508	BP	bodypart_plural	STP
vanilla_bodies/objects/body_default.txt	1510	BP	bodypart_singular	second left front toe
vanilla_bodies/objects/body_default.txt	1510	BP	bodypart_plural	STP
vanilla_bodies/objects/body_default.txt	1512	BP	bodypart_singular	third left front toe
vanilla_bodies/objects/body_default.txt	1512	BP	bodypart_plural	STP
vanilla_bodies/objects/body_default.txt	1516	BP	bodypart_singular	first right rear toe
vanilla_bodies/objects/body_default.txt	1516	BP	bodypart_plural	STP
vanilla_bodies/objects/body_default.txt	1518	BP	bodypart_singular	second right rear toe
vanilla_bodies/objects/body_default.txt	1518	BP	bodypart_plural	STP
vanilla_bodies/objects/body_default.txt	1520	BP	bodypart_singular	third right rear toe
vanilla_bodies/objects/body_default.txt	1520	BP	bodypart_plural	STP
vanilla_bodies/objects/body_default.txt	1522	BP	bodypart_singular	fourth right rear toe
vanilla_bodies/objects/body_default.txt	1522	BP	bodypart_plural	STP
vanilla_bodies/objects/body_default.txt	1524	BP	bodypart_singular	fifth right rear toe
vanilla_bodies/objects/body_default.txt	1524	BP	bodypart_plural	STP
vanilla_bodies/objects/body_default.txt	1526	BP	bodypart_singular	first left rear toe
vanilla_bodies/objects/body_default.txt	1526	BP	bodypart_plural	STP
vanilla_bodies/objects/body_default.txt	1528	BP	bodypart_singular	second left rear toe
vanilla_bodies/objects/body_default.txt	1528	BP	bodypart_plural	STP
vanilla_bodies/objects/body_default.txt	1530	BP	bodypart_singular	third left rear toe
vanilla_bodies/objects/body_default.txt	1530	BP	bodypart_plural	STP
vanilla_bodies/objects/body_default.txt	1532	BP	bodypart_singular	fourth left rear toe
vanilla_bodies/objects/body_default.txt	1532	BP	bodypart_plural	STP
vanilla_bodies/objects/body_default.txt	1534	BP	bodypart_singular	fifth left rear toe
vanilla_bodies/objects/body_default.txt	1534	BP	bodypart_plural	STP
vanilla_bodies/objects/body_default.txt	1538	BP	bodypart_singular	first right rear toe
vanilla_bodies/objects/body_default.txt	1538	BP	bodypart_plural	STP
vanilla_bodies/objects/body_default.txt	1540	BP	bodypart_singular	second right rear toe
vanilla_bodies/objects/body_default.txt	1540	BP	bodypart_plural	STP
vanilla_bodies/objects/body_default.txt	1542	BP	bodypart_singular	third right rear toe
vanilla_bodies/objects/body_default.txt	1542	BP	bodypart_plural	STP
vanilla_bodies/objects/body_default.txt	1544	BP	bodypart_singular	fourth right rear toe
vanilla_bodies/objects/body_default.txt	1544	BP	bodypart_plural	STP
vanilla_bodies/objects/body_default.txt	1546	BP	bodypart_singular	first left rear toe
vanilla_bodies/objects/body_default.txt	1546	BP	bodypart_plural	STP
vanilla_bodies/objects/body_default.txt	1548	BP	bodypart_singular	second left rear toe
vanilla_bodies/objects/body_default.txt	1548	BP	bodypart_plural	STP
vanilla_bodies/objects/body_default.txt	1550	BP	bodypart_singular	third left rear toe
vanilla_bodies/objects/body_default.txt	1550	BP	bodypart_plural	STP
vanilla_bodies/objects/body_default.txt	1552	BP	bodypart_singular	fourth left rear toe
vanilla_bodies/objects/body_default.txt	1552	BP	bodypart_plural	STP
vanilla_bodies/objects/body_default.txt	1556	BP	bodypart_singular	first right rear toe
vanilla_bodies/objects/body_default.txt	1556	BP	bodypart_plural	STP
vanilla_bodies/objects/body_default.txt	1558	BP	bodypart_singular	second right rear toe
vanilla_bodies/objects/body_default.txt	1558	BP	bodypart_plural	STP
vanilla_bodies/objects/body_default.txt	1560	BP	bodypart_singular	third right rear toe
vanilla_bodies/objects/body_default.txt	1560	BP	bodypart_plural	STP
vanilla_bodies/objects/body_default.txt	1562	BP	bodypart_singular	first left rear toe
vanilla_bodies/objects/body_default.txt	1562	BP	bodypart_plural	STP
vanilla_bodies/objects/body_default.txt	1564	BP	bodypart_singular	second left rear toe
vanilla_bodies/objects/body_default.txt	1564	BP	bodypart_plural	STP
vanilla_bodies/objects/body_default.txt	1566	BP	bodypart_singular	third left rear toe
vanilla_bodies/objects/body_default.txt	1566	BP	bodypart_plural	STP
vanilla_bodies/objects/body_default.txt	1570	BP	bodypart_singular	first right toe
vanilla_bodies/objects/body_default.txt	1570	BP	bodypart_plural	STP
vanilla_bodies/objects/body_default.txt	1572	BP	bodypart_singular	second right toe
vanilla_bodies/objects/body_default.txt	1572	BP	bodypart_plural	STP
vanilla_bodies/objects/body_default.txt	1574	BP	bodypart_singular	third right toe
vanilla_bodies/objects/body_default.txt	1574	BP	bodypart_plural	STP
vanilla_bodies/objects/body_default.txt	1576	BP	bodypart_singular	fourth right toe
vanilla_bodies/objects/body_default.txt	1576	BP	bodypart_plural	STP
vanilla_bodies/objects/body_default.txt	1578	BP	bodypart_singular	fifth right toe
vanilla_bodies/objects/body_default.txt	1578	BP	bodypart_plural	STP
vanilla_bodies/objects/body_default.txt	1580	BP	bodypart_singular	first left toe
vanilla_bodies/objects/body_default.txt	1580	BP	bodypart_plural	STP
vanilla_bodies/objects/body_default.txt	1582	BP	bodypart_singular	second left toe
vanilla_bodies/objects/body_default.txt	1582	BP	bodypart_plural	STP
vanilla_bodies/objects/body_default.txt	1584	BP	bodypart_singular	third left toe
vanilla_bodies/objects/body_default.txt	1584	BP	bodypart_plural	STP
vanilla_bodies/objects/body_default.txt	1586	BP	bodypart_singular	fourth left toe
vanilla_bodies/objects/body_default.txt	1586	BP	bodypart_plural	STP
vanilla_bodies/objects/body_default.txt	1588	BP	bodypart_singular	fifth left toe
vanilla_bodies/objects/body_default.txt	1588	BP	bodypart_plural	STP
vanilla_bodies/objects/body_default.txt	1592	BP	bodypart_singular	first right finger
vanilla_bodies/objects/body_default.txt	1592	BP	bodypart_plural	STP
vanilla_bodies/objects/body_default.txt	1594	BP	bodypart_singular	second right finger
vanilla_bodies/objects/body_default.txt	1594	BP	bodypart_plural	STP
vanilla_bodies/objects/body_default.txt	1596	BP	bodypart_singular	third right finger
vanilla_bodies/objects/body_default.txt	1596	BP	bodypart_plural	STP
vanilla_bodies/objects/body_default.txt	1598	BP	bodypart_singular	fourth right finger
vanilla_bodies/objects/body_default.txt	1598	BP	bodypart_plural	STP
vanilla_bodies/objects/body_default.txt	1600	BP	bodypart_singular	fifth right finger
vanilla_bodies/objects/body_default.txt	1600	BP	bodypart_plural	STP
vanilla_bodies/objects/body_default.txt	1602	BP	bodypart_singular	first left finger
vanilla_bodies/objects/body_default.txt	1602	BP	bodypart_plural	STP
vanilla_bodies/objects/body_default.txt	1604	BP	bodypart_singular	second left finger
vanilla_bodies/objects/body_default.txt	1604	BP	bodypart_plural	STP
vanilla_bodies/objects/body_default.txt	1606	BP	bodypart_singular	third left finger
vanilla_bodies/objects/body_default.txt	1606	BP	bodypart_plural	STP
vanilla_bodies/objects/body_default.txt	1608	BP	bodypart_singular	fourth left finger
vanilla_bodies/objects/body_default.txt	1608	BP	bodypart_plural	STP
vanilla_bodies/objects/body_default.txt	1610	BP	bodypart_singular	fifth left finger
vanilla_bodies/objects/body_default.txt	1610	BP	bodypart_plural	STP
vanilla_bodies/objects/body_default.txt	1614	BP	bodypart_singular	first right finger
vanilla_bodies/objects/body_default.txt	1614	BP	bodypart_plural	STP
vanilla_bodies/objects/body_default.txt	1616	BP	bodypart_singular	second right finger
vanilla_bodies/objects/body_default.txt	1616	BP	bodypart_plural	STP
vanilla_bodies/objects/body_default.txt	1618	BP	bodypart_singular	third right finger
vanilla_bodies/objects/body_default.txt	1618	BP	bodypart_plural	STP
vanilla_bodies/objects/body_default.txt	1620	BP	bodypart_singular	fourth right finger
vanilla_bodies/objects/body_default.txt	1620	BP	bodypart_plural	STP
vanilla_bodies/objects/body_default.txt	1622	BP	bodypart_singular	first left finger
vanilla_bodies/objects/body_default.txt	1622	BP	bodypart_plural	STP
vanilla_bodies/objects/body_default.txt	1624	BP	bodypart_singular	second left finger
vanilla_bodies/objects/body_default.txt	1624	BP	bodypart_plural	STP
vanilla_bodies/objects/body_default.txt	1626	BP	bodypart_singular	third left finger
vanilla_bodies/objects/body_default.txt	1626	BP	bodypart_plural	STP
vanilla_bodies/objects/body_default.txt	1628	BP	bodypart_singular	fourth left finger
vanilla_bodies/objects/body_default.txt	1628	BP	bodypart_plural	STP
vanilla_bodies/objects/body_default.txt	1632	BP	bodypart_singular	right fin
vanilla_bodies/objects/body_default.txt	1632	BP	bodypart_plural	STP
vanilla_bodies/objects/body_default.txt	1634	BP	bodypart_singular	left fin
vanilla_bodies/objects/body_default.txt	1634	BP	bodypart_plural	STP
vanilla_bodies/objects/body_default.txt	1638	BP	bodypart_singular	dorsal fin
vanilla_bodies/objects/body_default.txt	1638	BP	bodypart_plural	STP
vanilla_bodies/objects/body_default.txt	1642	BP	bodypart_singular	right flipper
vanilla_bodies/objects/body_default.txt	1642	BP	bodypart_plural	STP
vanilla_bodies/objects/body_default.txt	1644	BP	bodypart_singular	left flipper
vanilla_bodies/objects/body_default.txt	1644	BP	bodypart_plural	STP
vanilla_bodies/objects/body_default.txt	1648	BP	bodypart_singular	right front flipper
vanilla_bodies/objects/body_default.txt	1648	BP	bodypart_plural	STP
vanilla_bodies/objects/body_default.txt	1650	BP	bodypart_singular	left front flipper
vanilla_bodies/objects/body_default.txt	1650	BP	bodypart_plural	STP
vanilla_bodies/objects/body_default.txt	1654	BP	bodypart_singular	right rear flipper
vanilla_bodies/objects/body_default.txt	1654	BP	bodypart_plural	STP
vanilla_bodies/objects/body_default.txt	1656	BP	bodypart_singular	left rear flipper
vanilla_bodies/objects/body_default.txt	1656	BP	bodypart_plural	STP
vanilla_bodies/objects/body_default.txt	1660	BP	bodypart_singular	right front fin
vanilla_bodies/objects/body_default.txt	1660	BP	bodypart_plural	STP
vanilla_bodies/objects/body_default.txt	1662	BP	bodypart_singular	left front fin
vanilla_bodies/objects/body_default.txt	1662	BP	bodypart_plural	STP
vanilla_bodies/objects/body_default.txt	1666	BP	bodypart_singular	right rear fin
vanilla_bodies/objects/body_default.txt	1666	BP	bodypart_plural	STP
vanilla_bodies/objects/body_default.txt	1668	BP	bodypart_singular	left rear fin
vanilla_bodies/objects/body_default.txt	1668	BP	bodypart_plural	STP
vanilla_bodies/objects/body_default.txt	1672	BP	bodypart_singular	hump
vanilla_bodies/objects/body_default.txt	1672	BP	bodypart_plural	STP
vanilla_bodies/objects/body_default.txt	1676	BP	bodypart_singular	front hump
vanilla_bodies/objects/body_default.txt	1676	BP	bodypart_plural	STP
vanilla_bodies/objects/body_default.txt	1678	BP	bodypart_singular	rear hump
vanilla_bodies/objects/body_default.txt	1678	BP	bodypart_plural	STP
vanilla_bodies/objects/body_default.txt	1682	BP	bodypart_singular	left cheek
vanilla_bodies/objects/body_default.txt	1682	BP	bodypart_plural	STP
vanilla_bodies/objects/body_default.txt	1684	BP	bodypart_singular	right cheek
vanilla_bodies/objects/body_default.txt	1684	BP	bodypart_plural	STP
vanilla_bodies/objects/body_default.txt	1688	BP	bodypart_singular	left eyelid
vanilla_bodies/objects/body_default.txt	1688	BP	bodypart_plural	STP
vanilla_bodies/objects/body_default.txt	1690	BP	bodypart_singular	right eyelid
vanilla_bodies/objects/body_default.txt	1690	BP	bodypart_plural	STP
vanilla_bodies/objects/body_default.txt	1694	BP	bodypart_singular	tongue
vanilla_bodies/objects/body_default.txt	1694	BP	bodypart_plural	STP
vanilla_bodies/objects/body_default.txt	1698	BP	bodypart_singular	forked tongue
vanilla_bodies/objects/body_default.txt	1698	BP	bodypart_plural	STP
vanilla_bodies/objects/body_default.txt	1702	BP	bodypart_singular	lower lip
vanilla_bodies/objects/body_default.txt	1702	BP	bodypart_plural	STP
vanilla_bodies/objects/body_default.txt	1704	BP	bodypart_singular	upper lip
vanilla_bodies/objects/body_default.txt	1704	BP	bodypart_plural	STP
vanilla_bodies/objects/body_default.txt	1708	BP	bodypart_singular	left cheek
vanilla_bodies/objects/body_default.txt	1708	BP	bodypart_plural	STP
vanilla_bodies/objects/body_default.txt	1710	BP	bodypart_singular	right cheek
vanilla_bodies/objects/body_default.txt	1710	BP	bodypart_plural	STP
vanilla_bodies/objects/body_default.txt	1712	BP	bodypart_singular	left eyelid
vanilla_bodies/objects/body_default.txt	1712	BP	bodypart_plural	STP
vanilla_bodies/objects/body_default.txt	1714	BP	bodypart_singular	right eyelid
vanilla_bodies/objects/body_default.txt	1714	BP	bodypart_plural	STP
vanilla_bodies/objects/body_default.txt	1716	BP	bodypart_singular	lower lip
vanilla_bodies/objects/body_default.txt	1716	BP	bodypart_plural	STP
vanilla_bodies/objects/body_default.txt	1718	BP	bodypart_singular	upper lip
vanilla_bodies/objects/body_default.txt	1718	BP	bodypart_plural	STP
vanilla_bodies/objects/body_default.txt	1722	BP	bodypart_singular	eyelid
vanilla_bodies/objects/body_default.txt	1722	BP	bodypart_plural	STP
vanilla_bodies/objects/body_default.txt	1727	BP	bodypart_singular	left true rib
vanilla_bodies/objects/body_default.txt	1727	BP	bodypart_plural	STP
vanilla_bodies/objects/body_default.txt	1729	BP	bodypart_singular	right true rib
vanilla_bodies/objects/body_default.txt	1729	BP	bodypart_plural	STP
vanilla_bodies/objects/body_default.txt	1731	BP	bodypart_singular	left false rib
vanilla_bodies/objects/body_default.txt	1731	BP	bodypart_plural	STP
vanilla_bodies/objects/body_default.txt	1733	BP	bodypart_singular	right false rib
vanilla_bodies/objects/body_default.txt	1733	BP	bodypart_plural	STP
vanilla_bodies/objects/body_default.txt	1735	BP	bodypart_singular	left floating rib
vanilla_bodies/objects/body_default.txt	1735	BP	bodypart_plural	STP
vanilla_bodies/objects/body_default.txt	1737	BP	bodypart_singular	right floating rib
vanilla_bodies/objects/body_default.txt	1737	BP	bodypart_plural	STP
vanilla_bodies/objects/body_default.txt	1741	BP	bodypart_singular	tooth
vanilla_bodies/objects/body_default.txt	1741	BP	bodypart_plural	teeth
vanilla_bodies/objects/body_default.txt	1743	BP	bodypart_singular	right eye tooth
vanilla_bodies/objects/body_default.txt	1743	BP	bodypart_plural	right eye teeth
vanilla_bodies/objects/body_default.txt	1745	BP	bodypart_singular	left eye tooth
vanilla_bodies/objects/body_default.txt	1745	BP	bodypart_plural	left eye teeth
vanilla_bodies/objects/body_default.txt	1749	BP	bodypart_singular	tooth
vanilla_bodies/objects/body_default.txt	1749	BP	bodypart_plural	teeth
vanilla_bodies/objects/body_default.txt	1751	BP	bodypart_singular	right fang
vanilla_bodies/objects/body_default.txt	1751	BP	bodypart_plural	right fangs
vanilla_bodies/objects/body_default.txt	1753	BP	bodypart_singular	left fang
vanilla_bodies/objects/body_default.txt	1753	BP	bodypart_plural	left fangs
vanilla_bodies/objects/body_default.txt	1757	BP	bodypart_singular	tooth
vanilla_bodies/objects/body_default.txt	1757	BP	bodypart_plural	teeth
vanilla_bodies/objects/body_default.txt	1759	BP	bodypart_singular	right upper incisor
vanilla_bodies/objects/body_default.txt	1759	BP	bodypart_plural	STP
vanilla_bodies/objects/body_default.txt	1761	BP	bodypart_singular	left upper incisor
vanilla_bodies/objects/body_default.txt	1761	BP	bodypart_plural	STP
vanilla_bodies/objects/body_default.txt	1763	BP	bodypart_singular	right lower incisor
vanilla_bodies/objects/body_default.txt	1763	BP	bodypart_plural	STP
vanilla_bodies/objects/body_default.txt	1765	BP	bodypart_singular	left lower incisor
vanilla_bodies/objects/body_default.txt	1765	BP	bodypart_plural	STP
vanilla_bodies/objects/body_default.txt	1769	BP	bodypart_singular	right tooth
vanilla_bodies/objects/body_default.txt	1769	BP	bodypart_plural	STP
vanilla_bodies/objects/body_default.txt	1771	BP	bodypart_singular	left tooth
vanilla_bodies/objects/body_default.txt	1771	BP	bodypart_plural	STP
vanilla_bodies/objects/body_default.txt	1775	BP	bodypart_singular	tooth
vanilla_bodies/objects/body_default.txt	1775	BP	bodypart_plural	teeth
vanilla_bodies/objects/body_default.txt	1779	BP	bodypart_singular	upper front tooth
vanilla_bodies/objects/body_default.txt	1779	BP	bodypart_plural	upper front teeth
vanilla_bodies/objects/body_default.txt	1788	BP	bodypart_singular	lower front tooth
vanilla_bodies/objects/body_default.txt	1788	BP	bodypart_plural	lower front teeth
vanilla_bodies/objects/body_default.txt	1796	BP	bodypart_singular	upper right back tooth
vanilla_bodies/objects/body_default.txt	1796	BP	bodypart_plural	upper right back teeth
vanilla_bodies/objects/body_default.txt	1802	BP	bodypart_singular	lower right back tooth
vanilla_bodies/objects/body_default.txt	1802	BP	bodypart_plural	lower right back teeth
vanilla_bodies/objects/body_default.txt	1808	BP	bodypart_singular	upper left back tooth
vanilla_bodies/objects/body_default.txt	1808	BP	bodypart_plural	upper left back teeth
vanilla_bodies/objects/body_default.txt	1814	BP	bodypart_singular	lower left back tooth
vanilla_bodies/objects/body_default.txt	1814	BP	bodypart_plural	lower left back teeth
vanilla_bodies/objects/body_default.txt	1822	BP	bodypart_singular	upper body
vanilla_bodies/objects/body_default.txt	1822	BP	bodypart_plural	upper bodies
vanilla_bodies/objects/body_default.txt	1824	BP	bodypart_singular	lower body
vanilla_bodies/objects/body_default.txt	1824	BP	bodypart_plural	lower bodies
vanilla_bodies/objects/body_default.txt	1826	BP	bodypart_singular	neck
vanilla_bodies/objects/body_default.txt	1826	BP	bodypart_plural	STP
vanilla_bodies/objects/body_default.txt	1828	BP	bodypart_singular	head
vanilla_bodies/objects/body_default.txt	1828	BP	bodypart_plural	STP
vanilla_bodies/objects/body_default.txt	1830	BP	bodypart_singular	right upper arm
vanilla_bodies/objects/body_default.txt	1830	BP	bodypart_plural	STP
vanilla_bodies/objects/body_default.txt	1832	BP	bodypart_singular	left upper arm
vanilla_bodies/objects/body_default.txt	1832	BP	bodypart_plural	STP
vanilla_bodies/objects/body_default.txt	1834	BP	bodypart_singular	right lower arm
vanilla_bodies/objects/body_default.txt	1834	BP	bodypart_plural	STP
vanilla_bodies/objects/body_default.txt	1836	BP	bodypart_singular	left lower arm
vanilla_bodies/objects/body_default.txt	1836	BP	bodypart_plural	STP
vanilla_bodies/objects/body_default.txt	1838	BP	bodypart_singular	right hand
vanilla_bodies/objects/body_default.txt	1838	BP	bodypart_plural	STP
vanilla_bodies/objects/body_default.txt	1840	BP	bodypart_singular	left hand
vanilla_bodies/objects/body_default.txt	1840	BP	bodypart_plural	STP
vanilla_bodies/objects/body_default.txt	1842	BP	bodypart_singular	right front leg
vanilla_bodies/objects/body_default.txt	1842	BP	bodypart_plural	STP
vanilla_bodies/objects/body_default.txt	1844	BP	bodypart_singular	left front leg
vanilla_bodies/objects/body_default.txt	1844	BP	bodypart_plural	STP
vanilla_bodies/objects/body_default.txt	1846	BP	bodypart_singular	right front foot
vanilla_bodies/objects/body_default.txt	1846	BP	bodypart_plural	right front feet
vanilla_bodies/objects/body_default.txt	1848	BP	bodypart_singular	left front foot
vanilla_bodies/objects/body_default.txt	1848	BP	bodypart_plural	left front feet
vanilla_bodies/objects/body_default.txt	1850	BP	bodypart_singular	right rear leg
vanilla_bodies/objects/body_default.txt	1850	BP	bodypart_plural	STP
vanilla_bodies/objects/body_default.txt	1852	BP	bodypart_singular	left rear leg
vanilla_bodies/objects/body_default.txt	1852	BP	bodypart_plural	STP
vanilla_bodies/objects/body_default.txt	1854	BP	bodypart_singular	right rear foot
vanilla_bodies/objects/body_default.txt	1854	BP	bodypart_plural	right rear feet
vanilla_bodies/objects/body_default.txt	1856	BP	bodypart_singular	left rear foot
vanilla_bodies/objects/body_default.txt	1856	BP	bodypart_plural	left rear feet
vanilla_bodies/objects/body_default.txt	1860	BP	bodypart_singular	right mandible
vanilla_bodies/objects/body_default.txt	1860	BP	bodypart_plural	STP
vanilla_bodies/objects/body_default.txt	1862	BP	bodypart_singular	left mandible
vanilla_bodies/objects/body_default.txt	1862	BP	bodypart_plural	STP
vanilla_bodies/objects/body_default.txt	1866	BP	bodypart_singular	bill
vanilla_bodies/objects/body_default.txt	1866	BP	bodypart_plural	STP
vanilla_bodies/objects/body_default.txt	1870	BP	bodypart_singular	upper body
vanilla_bodies/objects/body_default.txt	1870	BP	bodypart_plural	upper bodies
vanilla_bodies/objects/body_default.txt	1872	BP	bodypart_singular	lower body
vanilla_bodies/objects/body_default.txt	1872	BP	bodypart_plural	lower bodies
vanilla_bodies/objects/body_default.txt	1874	BP	bodypart_singular	neck
vanilla_bodies/objects/body_default.txt	1874	BP	bodypart_plural	STP
vanilla_bodies/objects/body_default.txt	1876	BP	bodypart_singular	head
vanilla_bodies/objects/body_default.txt	1876	BP	bodypart_plural	STP
vanilla_bodies/objects/body_default.txt	1878	BP	bodypart_singular	right upper leg
vanilla_bodies/objects/body_default.txt	1878	BP	bodypart_plural	STP
vanilla_bodies/objects/body_default.txt	1880	BP	bodypart_singular	left upper leg
vanilla_bodies/objects/body_default.txt	1880	BP	bodypart_plural	STP
vanilla_bodies/objects/body_default.txt	1882	BP	bodypart_singular	right lower leg
vanilla_bodies/objects/body_default.txt	1882	BP	bodypart_plural	STP
vanilla_bodies/objects/body_default.txt	1884	BP	bodypart_singular	left lower leg
vanilla_bodies/objects/body_default.txt	1884	BP	bodypart_plural	STP
vanilla_bodies/objects/body_default.txt	1886	BP	bodypart_singular	right foot
vanilla_bodies/objects/body_default.txt	1886	BP	bodypart_plural	right feet
vanilla_bodies/objects/body_default.txt	1888	BP	bodypart_singular	left foot
vanilla_bodies/objects/body_default.txt	1888	BP	bodypart_plural	left feet
vanilla_bodies/objects/body_default.txt	1892	BP	bodypart_singular	tusk
vanilla_bodies/objects/body_default.txt	1892	BP	bodypart_plural	STP
vanilla_bodies/objects/body_default.txt	1896	BP	bodypart_singular	right frontal endite
vanilla_bodies/objects/body_default.txt	1896	BP	bodypart_plural	STP
vanilla_bodies/objects/body_default.txt	1898	BP	bodypart_singular	left frontal endite
vanilla_bodies/objects/body_default.txt	1898	BP	bodypart_plural	STP
vanilla_bodies/objects/body_default.txt	1902	BP	bodypart_singular	head sclerite
vanilla_bodies/objects/body_default.txt	1902	BP	bodypart_plural	STP
vanilla_bodies/objects/body_default.txt	1906	BP	bodypart_singular	tooth whorl
vanilla_bodies/objects/body_default.txt	1906	BP	bodypart_plural	STP
vanilla_bodies/objects/body_default.txt	1910	BP	bodypart_singular	right antenna
vanilla_bodies/objects/body_default.txt	1910	BP	bodypart_plural	STP
vanilla_bodies/objects/body_default.txt	1912	BP	bodypart_singular	left antenna
vanilla_bodies/objects/body_default.txt	1912	BP	bodypart_plural	STP
vanilla_bodies/objects/body_default.txt	1916	BP	bodypart_singular	thagomizer
vanilla_bodies/objects/body_default.txt	1916	BP	bodypart_plural	STP
vanilla_bodies/objects/body_default.txt	1920	BP	bodypart_singular	tail club
vanilla_bodies/objects/body_default.txt	1920	BP	bodypart_plural	STP
vanilla_bodies/objects/body_default.txt	1924	BP	bodypart_singular	sail
vanilla_bodies/objects/body_default.txt	1924	BP	bodypart_plural	STP
vanilla_bodies/objects/body_default.txt	1928	BP	bodypart_singular	right shoulder spine
vanilla_bodies/objects/body_default.txt	1928	BP	bodypart_plural	STP
vanilla_bodies/objects/body_default.txt	1930	BP	bodypart_singular	left shoulder spine
vanilla_bodies/objects/body_default.txt	1930	BP	bodypart_plural	STP
vanilla_bodies/objects/body_rcp.txt	6	BP	bodypart_singular	body
vanilla_bodies/objects/body_rcp.txt	6	BP	bodypart_plural	bodies
vanilla_bodies/objects/body_rcp.txt	10	BP	bodypart_singular	body
vanilla_bodies/objects/body_rcp.txt	10	BP	bodypart_plural	bodies
vanilla_bodies/objects/body_rcp.txt	14	BP	bodypart_singular	body
vanilla_bodies/objects/body_rcp.txt	14	BP	bodypart_plural	bodies
vanilla_bodies/objects/body_rcp.txt	18	BP	bodypart_singular	upper body
vanilla_bodies/objects/body_rcp.txt	18	BP	bodypart_plural	upper bodies
vanilla_bodies/objects/body_rcp.txt	22	BP	bodypart_singular	lower body
vanilla_bodies/objects/body_rcp.txt	22	BP	bodypart_plural	lower bodies
vanilla_bodies/objects/body_rcp.txt	26	BP	bodypart_singular	thorax
vanilla_bodies/objects/body_rcp.txt	26	BP	bodypart_plural	thoraxes
vanilla_bodies/objects/body_rcp.txt	30	BP	bodypart_singular	abdomen
vanilla_bodies/objects/body_rcp.txt	30	BP	bodypart_plural	STP
vanilla_bodies/objects/body_rcp.txt	34	BP	bodypart_singular	cephalothorax
vanilla_bodies/objects/body_rcp.txt	34	BP	bodypart_plural	cephalothoraxes
vanilla_bodies/objects/body_rcp.txt	38	BP	bodypart_singular	head
vanilla_bodies/objects/body_rcp.txt	38	BP	bodypart_plural	STP
vanilla_bodies/objects/body_rcp.txt	42	BP	bodypart_singular	right upper arm
vanilla_bodies/objects/body_rcp.txt	42	BP	bodypart_plural	STP
vanilla_bodies/objects/body_rcp.txt	44	BP	bodypart_singular	left upper arm
vanilla_bodies/objects/body_rcp.txt	44	BP	bodypart_plural	STP
vanilla_bodies/objects/body_rcp.txt	46	BP	bodypart_singular	right lower arm
vanilla_bodies/objects/body_rcp.txt	46	BP	bodypart_plural	STP
vanilla_bodies/objects/body_rcp.txt	48	BP	bodypart_singular	left lower arm
vanilla_bodies/objects/body_rcp.txt	48	BP	bodypart_plural	STP
vanilla_bodies/objects/body_rcp.txt	50	BP	bodypart_singular	right hand
vanilla_bodies/objects/body_rcp.txt	50	BP	bodypart_plural	STP
vanilla_bodies/objects/body_rcp.txt	52	BP	bodypart_singular	left hand
vanilla_bodies/objects/body_rcp.txt	52	BP	bodypart_plural	STP
vanilla_bodies/objects/body_rcp.txt	56	BP	bodypart_singular	right pincer
vanilla_bodies/objects/body_rcp.txt	56	BP	bodypart_plural	STP
vanilla_bodies/objects/body_rcp.txt	58	BP	bodypart_singular	left pincer
vanilla_bodies/objects/body_rcp.txt	58	BP	bodypart_plural	STP
vanilla_bodies/objects/body_rcp.txt	62	BP	bodypart_singular	right claw
vanilla_bodies/objects/body_rcp.txt	62	BP	bodypart_plural	STP
vanilla_bodies/objects/body_rcp.txt	64	BP	bodypart_singular	left claw
vanilla_bodies/objects/body_rcp.txt	64	BP	bodypart_plural	STP
vanilla_bodies/objects/body_rcp.txt	68	BP	bodypart_singular	right first leg
vanilla_bodies/objects/body_rcp.txt	68	BP	bodypart_plural	STP
vanilla_bodies/objects/body_rcp.txt	70	BP	bodypart_singular	left first leg
vanilla_bodies/objects/body_rcp.txt	70	BP	bodypart_plural	STP
vanilla_bodies/objects/body_rcp.txt	72	BP	bodypart_singular	right first foot
vanilla_bodies/objects/body_rcp.txt	72	BP	bodypart_plural	right first feet
vanilla_bodies/objects/body_rcp.txt	74	BP	bodypart_singular	left first foot
vanilla_bodies/objects/body_rcp.txt	74	BP	bodypart_plural	left first feet
vanilla_bodies/objects/body_rcp.txt	78	BP	bodypart_singular	right first leg
vanilla_bodies/objects/body_rcp.txt	78	BP	bodypart_plural	STP
vanilla_bodies/objects/body_rcp.txt	80	BP	bodypart_singular	left first leg
vanilla_bodies/objects/body_rcp.txt	80	BP	bodypart_plural	STP
vanilla_bodies/objects/body_rcp.txt	82	BP	bodypart_singular	right first foot
vanilla_bodies/objects/body_rcp.txt	82	BP	bodypart_plural	right first feet
vanilla_bodies/objects/body_rcp.txt	84	BP	bodypart_singular	left first foot
vanilla_bodies/objects/body_rcp.txt	84	BP	bodypart_plural	left first feet
vanilla_bodies/objects/body_rcp.txt	88	BP	bodypart_singular	right second leg
vanilla_bodies/objects/body_rcp.txt	88	BP	bodypart_plural	STP
vanilla_bodies/objects/body_rcp.txt	90	BP	bodypart_singular	left second leg
vanilla_bodies/objects/body_rcp.txt	90	BP	bodypart_plural	STP
vanilla_bodies/objects/body_rcp.txt	92	BP	bodypart_singular	right second foot
vanilla_bodies/objects/body_rcp.txt	92	BP	bodypart_plural	right second feet
vanilla_bodies/objects/body_rcp.txt	94	BP	bodypart_singular	left second foot
vanilla_bodies/objects/body_rcp.txt	94	BP	bodypart_plural	left second feet
vanilla_bodies/objects/body_rcp.txt	98	BP	bodypart_singular	right third leg
vanilla_bodies/objects/body_rcp.txt	98	BP	bodypart_plural	STP
vanilla_bodies/objects/body_rcp.txt	100	BP	bodypart_singular	left third leg
vanilla_bodies/objects/body_rcp.txt	100	BP	bodypart_plural	STP
vanilla_bodies/objects/body_rcp.txt	102	BP	bodypart_singular	right third foot
vanilla_bodies/objects/body_rcp.txt	102	BP	bodypart_plural	right third feet
vanilla_bodies/objects/body_rcp.txt	104	BP	bodypart_singular	left third foot
vanilla_bodies/objects/body_rcp.txt	104	BP	bodypart_plural	left third feet
vanilla_bodies/objects/body_rcp.txt	108	BP	bodypart_singular	right fourth leg
vanilla_bodies/objects/body_rcp.txt	108	BP	bodypart_plural	STP
vanilla_bodies/objects/body_rcp.txt	110	BP	bodypart_singular	left fourth leg
vanilla_bodies/objects/body_rcp.txt	110	BP	bodypart_plural	STP
vanilla_bodies/objects/body_rcp.txt	112	BP	bodypart_singular	right fourth foot
vanilla_bodies/objects/body_rcp.txt	112	BP	bodypart_plural	right fourth feet
vanilla_bodies/objects/body_rcp.txt	114	BP	bodypart_singular	left fourth foot
vanilla_bodies/objects/body_rcp.txt	114	BP	bodypart_plural	left fourth feet
vanilla_bodies/objects/body_rcp.txt	118	BP	bodypart_singular	right fifth leg
vanilla_bodies/objects/body_rcp.txt	118	BP	bodypart_plural	STP
vanilla_bodies/objects/body_rcp.txt	120	BP	bodypart_singular	left fifth leg
vanilla_bodies/objects/body_rcp.txt	120	BP	bodypart_plural	STP
vanilla_bodies/objects/body_rcp.txt	122	BP	bodypart_singular	right fifth foot
vanilla_bodies/objects/body_rcp.txt	122	BP	bodypart_plural	right fifth feet
vanilla_bodies/objects/body_rcp.txt	124	BP	bodypart_singular	left fifth foot
vanilla_bodies/objects/body_rcp.txt	124	BP	bodypart_plural	left fifth feet
vanilla_bodies/objects/body_rcp.txt	128	BP	bodypart_singular	right front leg
vanilla_bodies/objects/body_rcp.txt	128	BP	bodypart_plural	STP
vanilla_bodies/objects/body_rcp.txt	130	BP	bodypart_singular	left front leg
vanilla_bodies/objects/body_rcp.txt	130	BP	bodypart_plural	STP
vanilla_bodies/objects/body_rcp.txt	132	BP	bodypart_singular	right front foot
vanilla_bodies/objects/body_rcp.txt	132	BP	bodypart_plural	right front feet
vanilla_bodies/objects/body_rcp.txt	134	BP	bodypart_singular	left front foot
vanilla_bodies/objects/body_rcp.txt	134	BP	bodypart_plural	left front feet
vanilla_bodies/objects/body_rcp.txt	138	BP	bodypart_singular	right front leg
vanilla_bodies/objects/body_rcp.txt	138	BP	bodypart_plural	STP
vanilla_bodies/objects/body_rcp.txt	140	BP	bodypart_singular	left front leg
vanilla_bodies/objects/body_rcp.txt	140	BP	bodypart_plural	STP
vanilla_bodies/objects/body_rcp.txt	142	BP	bodypart_singular	right front foot
vanilla_bodies/objects/body_rcp.txt	142	BP	bodypart_plural	right front feet
vanilla_bodies/objects/body_rcp.txt	144	BP	bodypart_singular	left front foot
vanilla_bodies/objects/body_rcp.txt	144	BP	bodypart_plural	left front feet
vanilla_bodies/objects/body_rcp.txt	148	BP	bodypart_singular	right rear leg
vanilla_bodies/objects/body_rcp.txt	148	BP	bodypart_plural	STP
vanilla_bodies/objects/body_rcp.txt	150	BP	bodypart_singular	left rear leg
vanilla_bodies/objects/body_rcp.txt	150	BP	bodypart_plural	STP
vanilla_bodies/objects/body_rcp.txt	152	BP	bodypart_singular	right rear foot
vanilla_bodies/objects/body_rcp.txt	152	BP	bodypart_plural	right rear feet
vanilla_bodies/objects/body_rcp.txt	154	BP	bodypart_singular	left rear foot
vanilla_bodies/objects/body_rcp.txt	154	BP	bodypart_plural	left rear feet
vanilla_bodies/objects/body_rcp.txt	158	BP	bodypart_singular	right upper leg
vanilla_bodies/objects/body_rcp.txt	158	BP	bodypart_plural	STP
vanilla_bodies/objects/body_rcp.txt	160	BP	bodypart_singular	left upper leg
vanilla_bodies/objects/body_rcp.txt	160	BP	bodypart_plural	STP
vanilla_bodies/objects/body_rcp.txt	162	BP	bodypart_singular	right lower leg
vanilla_bodies/objects/body_rcp.txt	162	BP	bodypart_plural	STP
vanilla_bodies/objects/body_rcp.txt	164	BP	bodypart_singular	left lower leg
vanilla_bodies/objects/body_rcp.txt	164	BP	bodypart_plural	STP
vanilla_bodies/objects/body_rcp.txt	166	BP	bodypart_singular	right foot
vanilla_bodies/objects/body_rcp.txt	166	BP	bodypart_plural	right feet
vanilla_bodies/objects/body_rcp.txt	168	BP	bodypart_singular	left foot
vanilla_bodies/objects/body_rcp.txt	168	BP	bodypart_plural	left feet
vanilla_bodies/objects/body_rcp.txt	172	BP	bodypart_singular	right front flipper
vanilla_bodies/objects/body_rcp.txt	172	BP	bodypart_plural	STP
vanilla_bodies/objects/body_rcp.txt	174	BP	bodypart_singular	left front flipper
vanilla_bodies/objects/body_rcp.txt	174	BP	bodypart_plural	STP
vanilla_bodies/objects/body_rcp.txt	178	BP	bodypart_singular	right rear flipper
vanilla_bodies/objects/body_rcp.txt	178	BP	bodypart_plural	STP
vanilla_bodies/objects/body_rcp.txt	180	BP	bodypart_singular	left rear flipper
vanilla_bodies/objects/body_rcp.txt	180	BP	bodypart_plural	STP
vanilla_bodies/objects/body_rcp.txt	184	BP	bodypart_singular	right wing
vanilla_bodies/objects/body_rcp.txt	184	BP	bodypart_plural	STP
vanilla_bodies/objects/body_rcp.txt	186	BP	bodypart_singular	left wing
vanilla_bodies/objects/body_rcp.txt	186	BP	bodypart_plural	STP
vanilla_bodies/objects/body_rcp.txt	190	BP	bodypart_singular	right wing
vanilla_bodies/objects/body_rcp.txt	190	BP	bodypart_plural	STP
vanilla_bodies/objects/body_rcp.txt	192	BP	bodypart_singular	left wing
vanilla_bodies/objects/body_rcp.txt	192	BP	bodypart_plural	STP
vanilla_bodies/objects/body_rcp.txt	196	BP	bodypart_singular	tail
vanilla_bodies/objects/body_rcp.txt	196	BP	bodypart_plural	STP
vanilla_bodies/objects/body_rcp.txt	200	BP	bodypart_singular	left tail
vanilla_bodies/objects/body_rcp.txt	200	BP	bodypart_plural	STP
vanilla_bodies/objects/body_rcp.txt	202	BP	bodypart_singular	right tail
vanilla_bodies/objects/body_rcp.txt	202	BP	bodypart_plural	STP
vanilla_bodies/objects/body_rcp.txt	206	BP	bodypart_singular	left tail
vanilla_bodies/objects/body_rcp.txt	206	BP	bodypart_plural	STP
vanilla_bodies/objects/body_rcp.txt	208	BP	bodypart_singular	center tail
vanilla_bodies/objects/body_rcp.txt	208	BP	bodypart_plural	STP
vanilla_bodies/objects/body_rcp.txt	210	BP	bodypart_singular	right tail
vanilla_bodies/objects/body_rcp.txt	210	BP	bodypart_plural	STP
vanilla_bodies/objects/body_rcp.txt	214	BP	bodypart_singular	stinger
vanilla_bodies/objects/body_rcp.txt	214	BP	bodypart_plural	STP
vanilla_bodies/objects/body_rcp.txt	218	BP	bodypart_singular	stinger
vanilla_bodies/objects/body_rcp.txt	218	BP	bodypart_plural	STP
vanilla_bodies/objects/body_rcp.txt	222	BP	bodypart_singular	trunk
vanilla_bodies/objects/body_rcp.txt	222	BP	bodypart_plural	STP
vanilla_bodies/objects/body_rcp.txt	226	BP	bodypart_singular	trunk
vanilla_bodies/objects/body_rcp.txt	226	BP	bodypart_plural	STP
vanilla_bodies/objects/body_rcp.txt	230	BP	bodypart_singular	shell
vanilla_bodies/objects/body_rcp.txt	230	BP	bodypart_plural	STP
vanilla_bodies/objects/body_rcp.txt	235	BP	bodypart_singular	right antenna
vanilla_bodies/objects/body_rcp.txt	235	BP	bodypart_plural	STP
vanilla_bodies/objects/body_rcp.txt	237	BP	bodypart_singular	left antenna
vanilla_bodies/objects/body_rcp.txt	237	BP	bodypart_plural	STP
vanilla_bodies/objects/body_rcp.txt	241	BP	bodypart_singular	horn
vanilla_bodies/objects/body_rcp.txt	241	BP	bodypart_plural	STP
vanilla_bodies/objects/body_rcp.txt	245	BP	bodypart_singular	left horn
vanilla_bodies/objects/body_rcp.txt	245	BP	bodypart_plural	STP
vanilla_bodies/objects/body_rcp.txt	247	BP	bodypart_singular	right horn
vanilla_bodies/objects/body_rcp.txt	247	BP	bodypart_plural	STP
vanilla_bodies/objects/body_rcp.txt	251	BP	bodypart_singular	first horn
vanilla_bodies/objects/body_rcp.txt	251	BP	bodypart_plural	STP
vanilla_bodies/objects/body_rcp.txt	253	BP	bodypart_singular	second horn
vanilla_bodies/objects/body_rcp.txt	253	BP	bodypart_plural	STP
vanilla_bodies/objects/body_rcp.txt	255	BP	bodypart_singular	third horn
vanilla_bodies/objects/body_rcp.txt	255	BP	bodypart_plural	STP
vanilla_bodies/objects/body_rcp.txt	259	BP	bodypart_singular	first horn
vanilla_bodies/objects/body_rcp.txt	259	BP	bodypart_plural	STP
vanilla_bodies/objects/body_rcp.txt	261	BP	bodypart_singular	second horn
vanilla_bodies/objects/body_rcp.txt	261	BP	bodypart_plural	STP
vanilla_bodies/objects/body_rcp.txt	263	BP	bodypart_singular	third horn
vanilla_bodies/objects/body_rcp.txt	263	BP	bodypart_plural	STP
vanilla_bodies/objects/body_rcp.txt	265	BP	bodypart_singular	fourth horn
vanilla_bodies/objects/body_rcp.txt	265	BP	bodypart_plural	STP
vanilla_bodies/objects/body_rcp.txt	269	BP	bodypart_singular	right mandible
vanilla_bodies/objects/body_rcp.txt	269	BP	bodypart_plural	STP
vanilla_bodies/objects/body_rcp.txt	271	BP	bodypart_singular	left mandible
vanilla_bodies/objects/body_rcp.txt	271	BP	bodypart_plural	STP
vanilla_bodies/objects/body_rcp.txt	275	BP	bodypart_singular	thumb
vanilla_bodies/objects/body_rcp.txt	275	BP	bodypart_plural	STP
vanilla_bodies/objects/body_rcp.txt	277	BP	bodypart_singular	first finger
vanilla_bodies/objects/body_rcp.txt	277	BP	bodypart_plural	STP
vanilla_bodies/objects/body_rcp.txt	279	BP	bodypart_singular	second finger
vanilla_bodies/objects/body_rcp.txt	279	BP	bodypart_plural	STP
vanilla_bodies/objects/body_rcp.txt	281	BP	bodypart_singular	third finger
vanilla_bodies/objects/body_rcp.txt	281	BP	bodypart_plural	STP
vanilla_bodies/objects/body_rcp.txt	283	BP	bodypart_singular	fourth finger
vanilla_bodies/objects/body_rcp.txt	283	BP	bodypart_plural	STP
vanilla_bodies/objects/body_rcp.txt	287	BP	bodypart_singular	thumb
vanilla_bodies/objects/body_rcp.txt	287	BP	bodypart_plural	STP
vanilla_bodies/objects/body_rcp.txt	289	BP	bodypart_singular	first finger
vanilla_bodies/objects/body_rcp.txt	289	BP	bodypart_plural	STP
vanilla_bodies/objects/body_rcp.txt	291	BP	bodypart_singular	second finger
vanilla_bodies/objects/body_rcp.txt	291	BP	bodypart_plural	STP
vanilla_bodies/objects/body_rcp.txt	293	BP	bodypart_singular	third finger
vanilla_bodies/objects/body_rcp.txt	293	BP	bodypart_plural	STP
vanilla_bodies/objects/body_rcp.txt	297	BP	bodypart_singular	thumb
vanilla_bodies/objects/body_rcp.txt	297	BP	bodypart_plural	STP
vanilla_bodies/objects/body_rcp.txt	299	BP	bodypart_singular	first finger
vanilla_bodies/objects/body_rcp.txt	299	BP	bodypart_plural	STP
vanilla_bodies/objects/body_rcp.txt	301	BP	bodypart_singular	second finger
vanilla_bodies/objects/body_rcp.txt	301	BP	bodypart_plural	STP
vanilla_bodies/objects/body_rcp.txt	305	BP	bodypart_singular	first finger
vanilla_bodies/objects/body_rcp.txt	305	BP	bodypart_plural	STP
vanilla_bodies/objects/body_rcp.txt	307	BP	bodypart_singular	second finger
vanilla_bodies/objects/body_rcp.txt	307	BP	bodypart_plural	STP
vanilla_bodies/objects/body_rcp.txt	311	BP	bodypart_singular	first toe
vanilla_bodies/objects/body_rcp.txt	311	BP	bodypart_plural	STP
vanilla_bodies/objects/body_rcp.txt	313	BP	bodypart_singular	second toe
vanilla_bodies/objects/body_rcp.txt	313	BP	bodypart_plural	STP
vanilla_bodies/objects/body_rcp.txt	315	BP	bodypart_singular	third toe
vanilla_bodies/objects/body_rcp.txt	315	BP	bodypart_plural	STP
vanilla_bodies/objects/body_rcp.txt	317	BP	bodypart_singular	fourth toe
vanilla_bodies/objects/body_rcp.txt	317	BP	bodypart_plural	STP
vanilla_bodies/objects/body_rcp.txt	319	BP	bodypart_singular	fifth toe
vanilla_bodies/objects/body_rcp.txt	319	BP	bodypart_plural	STP
vanilla_bodies/objects/body_rcp.txt	323	BP	bodypart_singular	first toe
vanilla_bodies/objects/body_rcp.txt	323	BP	bodypart_plural	STP
vanilla_bodies/objects/body_rcp.txt	325	BP	bodypart_singular	second toe
vanilla_bodies/objects/body_rcp.txt	325	BP	bodypart_plural	STP
vanilla_bodies/objects/body_rcp.txt	327	BP	bodypart_singular	third toe
vanilla_bodies/objects/body_rcp.txt	327	BP	bodypart_plural	STP
vanilla_bodies/objects/body_rcp.txt	329	BP	bodypart_singular	fourth toe
vanilla_bodies/objects/body_rcp.txt	329	BP	bodypart_plural	STP
vanilla_bodies/objects/body_rcp.txt	333	BP	bodypart_singular	first toe
vanilla_bodies/objects/body_rcp.txt	333	BP	bodypart_plural	STP
vanilla_bodies/objects/body_rcp.txt	335	BP	bodypart_singular	second toe
vanilla_bodies/objects/body_rcp.txt	335	BP	bodypart_plural	STP
vanilla_bodies/objects/body_rcp.txt	337	BP	bodypart_singular	third toe
vanilla_bodies/objects/body_rcp.txt	337	BP	bodypart_plural	STP
vanilla_bodies/objects/body_rcp.txt	341	BP	bodypart_singular	first toe
vanilla_bodies/objects/body_rcp.txt	341	BP	bodypart_plural	STP
vanilla_bodies/objects/body_rcp.txt	343	BP	bodypart_singular	second toe
vanilla_bodies/objects/body_rcp.txt	343	BP	bodypart_plural	STP
vanilla_bodies/objects/body_rcp.txt	347	BP	bodypart_singular	first toe
vanilla_bodies/objects/body_rcp.txt	347	BP	bodypart_plural	STP
vanilla_bodies/objects/body_rcp.txt	349	BP	bodypart_singular	second toe
vanilla_bodies/objects/body_rcp.txt	349	BP	bodypart_plural	STP
vanilla_bodies/objects/body_rcp.txt	351	BP	bodypart_singular	third toe
vanilla_bodies/objects/body_rcp.txt	351	BP	bodypart_plural	STP
vanilla_bodies/objects/body_rcp.txt	353	BP	bodypart_singular	fourth toe
vanilla_bodies/objects/body_rcp.txt	353	BP	bodypart_plural	STP
vanilla_bodies/objects/body_rcp.txt	355	BP	bodypart_singular	fifth toe
vanilla_bodies/objects/body_rcp.txt	355	BP	bodypart_plural	STP
vanilla_bodies/objects/body_rcp.txt	359	BP	bodypart_singular	first toe
vanilla_bodies/objects/body_rcp.txt	359	BP	bodypart_plural	STP
vanilla_bodies/objects/body_rcp.txt	361	BP	bodypart_singular	second toe
vanilla_bodies/objects/body_rcp.txt	361	BP	bodypart_plural	STP
vanilla_bodies/objects/body_rcp.txt	363	BP	bodypart_singular	third toe
vanilla_bodies/objects/body_rcp.txt	363	BP	bodypart_plural	STP
vanilla_bodies/objects/body_rcp.txt	365	BP	bodypart_singular	fourth toe
vanilla_bodies/objects/body_rcp.txt	365	BP	bodypart_plural	STP
vanilla_bodies/objects/body_rcp.txt	369	BP	bodypart_singular	first toe
vanilla_bodies/objects/body_rcp.txt	369	BP	bodypart_plural	STP
vanilla_bodies/objects/body_rcp.txt	371	BP	bodypart_singular	second toe
vanilla_bodies/objects/body_rcp.txt	371	BP	bodypart_plural	STP
vanilla_bodies/objects/body_rcp.txt	373	BP	bodypart_singular	third toe
vanilla_bodies/objects/body_rcp.txt	373	BP	bodypart_plural	STP
vanilla_bodies/objects/body_rcp.txt	377	BP	bodypart_singular	first toe
vanilla_bodies/objects/body_rcp.txt	377	BP	bodypart_plural	STP
vanilla_bodies/objects/body_rcp.txt	379	BP	bodypart_singular	second toe
vanilla_bodies/objects/body_rcp.txt	379	BP	bodypart_plural	STP
vanilla_bodies/objects/body_rcp.txt	383	BP	bodypart_singular	first toe
vanilla_bodies/objects/body_rcp.txt	383	BP	bodypart_plural	STP
vanilla_bodies/objects/body_rcp.txt	385	BP	bodypart_singular	second toe
vanilla_bodies/objects/body_rcp.txt	385	BP	bodypart_plural	STP
vanilla_bodies/objects/body_rcp.txt	387	BP	bodypart_singular	third toe
vanilla_bodies/objects/body_rcp.txt	387	BP	bodypart_plural	STP
vanilla_bodies/objects/body_rcp.txt	389	BP	bodypart_singular	fourth toe
vanilla_bodies/objects/body_rcp.txt	389	BP	bodypart_plural	STP
vanilla_bodies/objects/body_rcp.txt	391	BP	bodypart_singular	fifth toe
vanilla_bodies/objects/body_rcp.txt	391	BP	bodypart_plural	STP
vanilla_bodies/objects/body_rcp.txt	395	BP	bodypart_singular	first toe
vanilla_bodies/objects/body_rcp.txt	395	BP	bodypart_plural	STP
vanilla_bodies/objects/body_rcp.txt	397	BP	bodypart_singular	second toe
vanilla_bodies/objects/body_rcp.txt	397	BP	bodypart_plural	STP
vanilla_bodies/objects/body_rcp.txt	399	BP	bodypart_singular	third toe
vanilla_bodies/objects/body_rcp.txt	399	BP	bodypart_plural	STP
vanilla_bodies/objects/body_rcp.txt	401	BP	bodypart_singular	fourth toe
vanilla_bodies/objects/body_rcp.txt	401	BP	bodypart_plural	STP
vanilla_bodies/objects/body_rcp.txt	405	BP	bodypart_singular	first toe
vanilla_bodies/objects/body_rcp.txt	405	BP	bodypart_plural	STP
vanilla_bodies/objects/body_rcp.txt	407	BP	bodypart_singular	second toe
vanilla_bodies/objects/body_rcp.txt	407	BP	bodypart_plural	STP
vanilla_bodies/objects/body_rcp.txt	409	BP	bodypart_singular	third toe
vanilla_bodies/objects/body_rcp.txt	409	BP	bodypart_plural	STP
vanilla_bodies/objects/body_rcp.txt	413	BP	bodypart_singular	first toe
vanilla_bodies/objects/body_rcp.txt	413	BP	bodypart_plural	STP
vanilla_bodies/objects/body_rcp.txt	415	BP	bodypart_singular	second toe
vanilla_bodies/objects/body_rcp.txt	415	BP	bodypart_plural	STP
vanilla_bodies/objects/body_rcp.txt	419	BP	bodypart_singular	first finger
vanilla_bodies/objects/body_rcp.txt	419	BP	bodypart_plural	STP
vanilla_bodies/objects/body_rcp.txt	421	BP	bodypart_singular	second finger
vanilla_bodies/objects/body_rcp.txt	421	BP	bodypart_plural	STP
vanilla_bodies/objects/body_rcp.txt	423	BP	bodypart_singular	third finger
vanilla_bodies/objects/body_rcp.txt	423	BP	bodypart_plural	STP
vanilla_bodies/objects/body_rcp.txt	425	BP	bodypart_singular	fourth finger
vanilla_bodies/objects/body_rcp.txt	425	BP	bodypart_plural	STP
vanilla_bodies/objects/body_rcp.txt	427	BP	bodypart_singular	fifth finger
vanilla_bodies/objects/body_rcp.txt	427	BP	bodypart_plural	STP
vanilla_bodies/objects/body_rcp.txt	431	BP	bodypart_singular	first finger
vanilla_bodies/objects/body_rcp.txt	431	BP	bodypart_plural	STP
vanilla_bodies/objects/body_rcp.txt	433	BP	bodypart_singular	second finger
vanilla_bodies/objects/body_rcp.txt	433	BP	bodypart_plural	STP
vanilla_bodies/objects/body_rcp.txt	435	BP	bodypart_singular	third finger
vanilla_bodies/objects/body_rcp.txt	435	BP	bodypart_plural	STP
vanilla_bodies/objects/body_rcp.txt	437	BP	bodypart_singular	fourth finger
vanilla_bodies/objects/body_rcp.txt	437	BP	bodypart_plural	STP
vanilla_bodies/objects/body_rcp.txt	441	BP	bodypart_singular	first finger
vanilla_bodies/objects/body_rcp.txt	441	BP	bodypart_plural	STP
vanilla_bodies/objects/body_rcp.txt	443	BP	bodypart_singular	second finger
vanilla_bodies/objects/body_rcp.txt	443	BP	bodypart_plural	STP
vanilla_bodies/objects/body_rcp.txt	445	BP	bodypart_singular	third finger
vanilla_bodies/objects/body_rcp.txt	445	BP	bodypart_plural	STP
vanilla_bodies/objects/body_rcp.txt	449	BP	bodypart_singular	first finger
vanilla_bodies/objects/body_rcp.txt	449	BP	bodypart_plural	STP
vanilla_bodies/objects/body_rcp.txt	451	BP	bodypart_singular	second finger
vanilla_bodies/objects/body_rcp.txt	451	BP	bodypart_plural	STP
vanilla_bodies/objects/body_rcp.txt	455	BP	bodypart_singular	eye
vanilla_bodies/objects/body_rcp.txt	455	BP	bodypart_plural	STP
vanilla_bodies/objects/body_rcp.txt	459	BP	bodypart_singular	right eye
vanilla_bodies/objects/body_rcp.txt	459	BP	bodypart_plural	STP
vanilla_bodies/objects/body_rcp.txt	461	BP	bodypart_singular	left eye
vanilla_bodies/objects/body_rcp.txt	461	BP	bodypart_plural	STP
vanilla_bodies/objects/body_rcp.txt	465	BP	bodypart_singular	right eye
vanilla_bodies/objects/body_rcp.txt	465	BP	bodypart_plural	STP
vanilla_bodies/objects/body_rcp.txt	467	BP	bodypart_singular	left eye
vanilla_bodies/objects/body_rcp.txt	467	BP	bodypart_plural	STP
vanilla_bodies/objects/body_rcp.txt	469	BP	bodypart_singular	center eye
vanilla_bodies/objects/body_rcp.txt	469	BP	bodypart_plural	STP
vanilla_bodies/objects/body_rcp.txt	473	BP	bodypart_singular	beak
vanilla_bodies/objects/body_rcp.txt	473	BP	bodypart_plural	STP
vanilla_bodies/objects/body_rcp.txt	477	BP	bodypart_singular	nose
vanilla_bodies/objects/body_rcp.txt	477	BP	bodypart_plural	STP
vanilla_bodies/objects/body_rcp.txt	481	BP	bodypart_singular	left cheek
vanilla_bodies/objects/body_rcp.txt	481	BP	bodypart_plural	STP
vanilla_bodies/objects/body_rcp.txt	483	BP	bodypart_singular	right cheek
vanilla_bodies/objects/body_rcp.txt	483	BP	bodypart_plural	STP
vanilla_bodies/objects/body_rcp.txt	487	BP	bodypart_singular	right lung
vanilla_bodies/objects/body_rcp.txt	487	BP	bodypart_plural	STP
vanilla_bodies/objects/body_rcp.txt	489	BP	bodypart_singular	left lung
vanilla_bodies/objects/body_rcp.txt	489	BP	bodypart_plural	STP
vanilla_bodies/objects/body_rcp.txt	493	BP	bodypart_singular	heart
vanilla_bodies/objects/body_rcp.txt	493	BP	bodypart_plural	STP
vanilla_bodies/objects/body_rcp.txt	497	BP	bodypart_singular	guts
vanilla_bodies/objects/body_rcp.txt	497	BP	bodypart_plural	guts
vanilla_bodies/objects/body_rcp.txt	502	BP	bodypart_singular	throat
vanilla_bodies/objects/body_rcp.txt	502	BP	bodypart_plural	STP
vanilla_bodies/objects/body_rcp.txt	506	BP	bodypart_singular	middle spine
vanilla_bodies/objects/body_rcp.txt	506	BP	bodypart_plural	STP
vanilla_bodies/objects/body_rcp.txt	509	BP	bodypart_singular	lower spine
vanilla_bodies/objects/body_rcp.txt	509	BP	bodypart_plural	STP
vanilla_bodies/objects/body_rcp.txt	514	BP	bodypart_singular	neck
vanilla_bodies/objects/body_rcp.txt	514	BP	bodypart_plural	STP
vanilla_bodies/objects/body_rcp.txt	518	BP	bodypart_singular	upper spine
vanilla_bodies/objects/body_rcp.txt	518	BP	bodypart_plural	STP
vanilla_bodies/objects/body_rcp.txt	523	BP	bodypart_singular	brain
vanilla_bodies/objects/body_rcp.txt	523	BP	bodypart_plural	STP
vanilla_bodies/objects/body_rcp.txt	527	BP	bodypart_singular	skull
vanilla_bodies/objects/body_rcp.txt	527	BP	bodypart_plural	STP
vanilla_bodies/objects/body_rcp.txt	537	BP	bodypart_singular	mouth
vanilla_bodies/objects/body_rcp.txt	537	BP	bodypart_plural	STP
vanilla_bodies/objects/body_rcp.txt	541	BP	bodypart_singular	tooth
vanilla_bodies/objects/body_rcp.txt	541	BP	bodypart_plural	teeth
vanilla_bodies/objects/body_rcp.txt	545	BP	bodypart_singular	left true rib
vanilla_bodies/objects/body_rcp.txt	545	BP	bodypart_plural	STP
vanilla_bodies/objects/body_rcp.txt	547	BP	bodypart_singular	right true rib
vanilla_bodies/objects/body_rcp.txt	547	BP	bodypart_plural	STP
vanilla_bodies/objects/body_rcp.txt	549	BP	bodypart_singular	left false rib
vanilla_bodies/objects/body_rcp.txt	549	BP	bodypart_plural	STP
vanilla_bodies/objects/body_rcp.txt	551	BP	bodypart_singular	right false rib
vanilla_bodies/objects/body_rcp.txt	551	BP	bodypart_plural	STP
vanilla_bodies/objects/body_rcp.txt	553	BP	bodypart_singular	left floating rib
vanilla_bodies/objects/body_rcp.txt	553	BP	bodypart_plural	STP
vanilla_bodies/objects/body_rcp.txt	555	BP	bodypart_singular	right floating rib
vanilla_bodies/objects/body_rcp.txt	555	BP	bodypart_plural	STP
vanilla_bodies/objects/body_rcp.txt	559	BP	bodypart_singular	left true rib
vanilla_bodies/objects/body_rcp.txt	559	BP	bodypart_plural	STP
vanilla_bodies/objects/body_rcp.txt	561	BP	bodypart_singular	right true rib
vanilla_bodies/objects/body_rcp.txt	561	BP	bodypart_plural	STP
vanilla_bodies/objects/body_rcp.txt	563	BP	bodypart_singular	left false rib
vanilla_bodies/objects/body_rcp.txt	563	BP	bodypart_plural	STP
vanilla_bodies/objects/body_rcp.txt	565	BP	bodypart_singular	right false rib
vanilla_bodies/objects/body_rcp.txt	565	BP	bodypart_plural	STP
vanilla_bodies/objects/body_rcp.txt	567	BP	bodypart_singular	left floating rib
vanilla_bodies/objects/body_rcp.txt	567	BP	bodypart_plural	STP
vanilla_bodies/objects/body_rcp.txt	569	BP	bodypart_singular	right floating rib
vanilla_bodies/objects/body_rcp.txt	569	BP	bodypart_plural	STP
vanilla_bodies/objects/body_rcp.txt	573	BP	bodypart_singular	lower lip
vanilla_bodies/objects/body_rcp.txt	573	BP	bodypart_plural	STP
vanilla_bodies/objects/body_rcp.txt	575	BP	bodypart_singular	upper lip
vanilla_bodies/objects/body_rcp.txt	575	BP	bodypart_plural	STP
vanilla_bodies/objects/body_rcp.txt	579	BP	bodypart_singular	tongue
vanilla_bodies/objects/body_rcp.txt	579	BP	bodypart_plural	STP
vanilla_bodies/objects/body_rcp.txt	583	BP	bodypart_singular	forked tongue
vanilla_bodies/objects/body_rcp.txt	583	BP	bodypart_plural	STP
vanilla_bodies/objects/body_rcp.txt	587	BP	bodypart_singular	eyelid
vanilla_bodies/objects/body_rcp.txt	587	BP	bodypart_plural	STP
vanilla_bodies/objects/body_rcp.txt	591	BP	bodypart_singular	left eyelid
vanilla_bodies/objects/body_rcp.txt	591	BP	bodypart_plural	STP
vanilla_bodies/objects/body_rcp.txt	593	BP	bodypart_singular	right eyelid
vanilla_bodies/objects/body_rcp.txt	593	BP	bodypart_plural	STP
vanilla_bodies/objects/body_rcp.txt	597	BP	bodypart_singular	left eyelid
vanilla_bodies/objects/body_rcp.txt	597	BP	bodypart_plural	STP
vanilla_bodies/objects/body_rcp.txt	599	BP	bodypart_singular	right eyelid
vanilla_bodies/objects/body_rcp.txt	599	BP	bodypart_plural	STP
vanilla_bodies/objects/body_rcp.txt	601	BP	bodypart_singular	center eyelid
vanilla_bodies/objects/body_rcp.txt	601	BP	bodypart_plural	STP
vanilla_bodies/objects/body_rcp.txt	609	BP	bodypart_singular	bill
vanilla_bodies/objects/body_rcp.txt	609	BP	bodypart_plural	STP
vanilla_bodies/objects/body_rcp.txt	613	BP	bodypart_singular	left antler
vanilla_bodies/objects/body_rcp.txt	613	BP	bodypart_plural	STP
vanilla_bodies/objects/body_rcp.txt	615	BP	bodypart_singular	right antler
vanilla_bodies/objects/body_rcp.txt	615	BP	bodypart_plural	STP
vanilla_creatures/objects/creature_amphibians.txt	51	ATTACK_VERB	natural_attack_first	bite
vanilla_creatures/objects/creature_amphibians.txt	51	ATTACK_VERB	natural_attack_third	bites
vanilla_creatures/objects/creature_birds.txt	71	ATTACK_VERB	natural_attack_first	bite
vanilla_creatures/objects/creature_birds.txt	71	ATTACK_VERB	natural_attack_third	bites
vanilla_creatures/objects/creature_birds.txt	80	ATTACK_VERB	natural_attack_first	snatch at
vanilla_creatures/objects/creature_birds.txt	80	ATTACK_VERB	natural_attack_third	snatches at
vanilla_creatures/objects/creature_birds.txt	231	ATTACK_VERB	natural_attack_first	bite
vanilla_creatures/objects/creature_birds.txt	231	ATTACK_VERB	natural_attack_third	bites
vanilla_creatures/objects/creature_birds.txt	240	ATTACK_VERB	natural_attack_first	snatch at
vanilla_creatures/objects/creature_birds.txt	240	ATTACK_VERB	natural_attack_third	snatches at
vanilla_creatures/objects/creature_birds.txt	387	ATTACK_VERB	natural_attack_first	bite
vanilla_creatures/objects/creature_birds.txt	387	ATTACK_VERB	natural_attack_third	bites
vanilla_creatures/objects/creature_birds.txt	396	ATTACK_VERB	natural_attack_first	snatch at
vanilla_creatures/objects/creature_birds.txt	396	ATTACK_VERB	natural_attack_third	snatches at
vanilla_creatures/objects/creature_birds.txt	542	ATTACK_VERB	natural_attack_first	bite
vanilla_creatures/objects/creature_birds.txt	542	ATTACK_VERB	natural_attack_third	bites
vanilla_creatures/objects/creature_birds.txt	551	ATTACK_VERB	natural_attack_first	snatch at
vanilla_creatures/objects/creature_birds.txt	551	ATTACK_VERB	natural_attack_third	snatches at
vanilla_creatures/objects/creature_birds.txt	698	ATTACK_VERB	natural_attack_first	bite
vanilla_creatures/objects/creature_birds.txt	698	ATTACK_VERB	natural_attack_third	bites
vanilla_creatures/objects/creature_birds.txt	707	ATTACK_VERB	natural_attack_first	snatch at
vanilla_creatures/objects/creature_birds.txt	707	ATTACK_VERB	natural_attack_third	snatches at
vanilla_creatures/objects/creature_birds.txt	863	ATTACK_VERB	natural_attack_first	bite
vanilla_creatures/objects/creature_birds.txt	863	ATTACK_VERB	natural_attack_third	bites
vanilla_creatures/objects/creature_birds.txt	959	ATTACK_VERB	natural_attack_first	bite
vanilla_creatures/objects/creature_birds.txt	959	ATTACK_VERB	natural_attack_third	bites
vanilla_creatures/objects/creature_birds.txt	1055	ATTACK_VERB	natural_attack_first	bite
vanilla_creatures/objects/creature_birds.txt	1055	ATTACK_VERB	natural_attack_third	bites
vanilla_creatures/objects/creature_birds.txt	1226	ATTACK_VERB	natural_attack_first	bite
vanilla_creatures/objects/creature_birds.txt	1226	ATTACK_VERB	natural_attack_third	bites
vanilla_creatures/objects/creature_birds.txt	1235	ATTACK_VERB	natural_attack_first	snatch at
vanilla_creatures/objects/creature_birds.txt	1235	ATTACK_VERB	natural_attack_third	snatches at
vanilla_creatures/objects/creature_birds.txt	1398	ATTACK_VERB	natural_attack_first	snatch at
vanilla_creatures/objects/creature_birds.txt	1398	ATTACK_VERB	natural_attack_third	snatches at
vanilla_creatures/objects/creature_birds.txt	1559	ATTACK_VERB	natural_attack_first	kick
vanilla_creatures/objects/creature_birds.txt	1559	ATTACK_VERB	natural_attack_third	kicks
vanilla_creatures/objects/creature_birds.txt	1567	ATTACK_VERB	natural_attack_first	bite
vanilla_creatures/objects/creature_birds.txt	1567	ATTACK_VERB	natural_attack_third	bites
vanilla_creatures/objects/creature_birds_new.txt	78	ATTACK_VERB	natural_attack_first	bite
vanilla_creatures/objects/creature_birds_new.txt	78	ATTACK_VERB	natural_attack_third	bites
vanilla_creatures/objects/creature_birds_new.txt	87	ATTACK_VERB	natural_attack_first	snatch at
vanilla_creatures/objects/creature_birds_new.txt	87	ATTACK_VERB	natural_attack_third	snatches at
vanilla_creatures/objects/creature_birds_new.txt	247	ATTACK_VERB	natural_attack_first	bite
vanilla_creatures/objects/creature_birds_new.txt	247	ATTACK_VERB	natural_attack_third	bites
vanilla_creatures/objects/creature_birds_new.txt	256	ATTACK_VERB	natural_attack_first	snatch at
vanilla_creatures/objects/creature_birds_new.txt	256	ATTACK_VERB	natural_attack_third	snatches at
vanilla_creatures/objects/creature_birds_new.txt	404	ATTACK_VERB	natural_attack_first	kick
vanilla_creatures/objects/creature_birds_new.txt	404	ATTACK_VERB	natural_attack_third	kicks
vanilla_creatures/objects/creature_birds_new.txt	412	ATTACK_VERB	natural_attack_first	bite
vanilla_creatures/objects/creature_birds_new.txt	412	ATTACK_VERB	natural_attack_third	bites
vanilla_creatures/objects/creature_birds_new.txt	563	ATTACK_VERB	natural_attack_first	bite
vanilla_creatures/objects/creature_birds_new.txt	563	ATTACK_VERB	natural_attack_third	bites
vanilla_creatures/objects/creature_birds_new.txt	572	ATTACK_VERB	natural_attack_first	snatch at
vanilla_creatures/objects/creature_birds_new.txt	572	ATTACK_VERB	natural_attack_third	snatches at
vanilla_creatures/objects/creature_birds_new.txt	728	ATTACK_VERB	natural_attack_first	bite
vanilla_creatures/objects/creature_birds_new.txt	728	ATTACK_VERB	natural_attack_third	bites
vanilla_creatures/objects/creature_birds_new.txt	737	ATTACK_VERB	natural_attack_first	snatch at
vanilla_creatures/objects/creature_birds_new.txt	737	ATTACK_VERB	natural_attack_third	snatches at
vanilla_creatures/objects/creature_birds_new.txt	898	ATTACK_VERB	natural_attack_first	bite
vanilla_creatures/objects/creature_birds_new.txt	898	ATTACK_VERB	natural_attack_third	bites
vanilla_creatures/objects/creature_birds_new.txt	907	ATTACK_VERB	natural_attack_first	snatch at
vanilla_creatures/objects/creature_birds_new.txt	907	ATTACK_VERB	natural_attack_third	snatches at
vanilla_creatures/objects/creature_birds_new.txt	1057	ATTACK_VERB	natural_attack_first	bite
vanilla_creatures/objects/creature_birds_new.txt	1057	ATTACK_VERB	natural_attack_third	bites
vanilla_creatures/objects/creature_birds_new.txt	1207	ATTACK_VERB	natural_attack_first	bite
vanilla_creatures/objects/creature_birds_new.txt	1207	ATTACK_VERB	natural_attack_third	bites
vanilla_creatures/objects/creature_birds_new.txt	1366	ATTACK_VERB	natural_attack_first	bite
vanilla_creatures/objects/creature_birds_new.txt	1366	ATTACK_VERB	natural_attack_third	bites
vanilla_creatures/objects/creature_birds_new.txt	1375	ATTACK_VERB	natural_attack_first	snatch at
vanilla_creatures/objects/creature_birds_new.txt	1375	ATTACK_VERB	natural_attack_third	snatches at
vanilla_creatures/objects/creature_birds_new.txt	1529	ATTACK_VERB	natural_attack_first	bite
vanilla_creatures/objects/creature_birds_new.txt	1529	ATTACK_VERB	natural_attack_third	bites
vanilla_creatures/objects/creature_birds_new.txt	1538	ATTACK_VERB	natural_attack_first	snatch at
vanilla_creatures/objects/creature_birds_new.txt	1538	ATTACK_VERB	natural_attack_third	snatches at
vanilla_creatures/objects/creature_birds_new.txt	1687	ATTACK_VERB	natural_attack_first	bite
vanilla_creatures/objects/creature_birds_new.txt	1687	ATTACK_VERB	natural_attack_third	bites
vanilla_creatures/objects/creature_birds_new.txt	1836	ATTACK_VERB	natural_attack_first	bite
vanilla_creatures/objects/creature_birds_new.txt	1836	ATTACK_VERB	natural_attack_third	bites
vanilla_creatures/objects/creature_birds_new.txt	1981	ATTACK_VERB	natural_attack_first	bite
vanilla_creatures/objects/creature_birds_new.txt	1981	ATTACK_VERB	natural_attack_third	bites
vanilla_creatures/objects/creature_birds_new.txt	2124	ATTACK_VERB	natural_attack_first	bite
vanilla_creatures/objects/creature_birds_new.txt	2124	ATTACK_VERB	natural_attack_third	bites
vanilla_creatures/objects/creature_birds_new.txt	2276	ATTACK_VERB	natural_attack_first	bite
vanilla_creatures/objects/creature_birds_new.txt	2276	ATTACK_VERB	natural_attack_third	bites
vanilla_creatures/objects/creature_birds_new.txt	2285	ATTACK_VERB	natural_attack_first	snatch at
vanilla_creatures/objects/creature_birds_new.txt	2285	ATTACK_VERB	natural_attack_third	snatches at
vanilla_creatures/objects/creature_birds_new.txt	2441	ATTACK_VERB	natural_attack_first	bite
vanilla_creatures/objects/creature_birds_new.txt	2441	ATTACK_VERB	natural_attack_third	bites
vanilla_creatures/objects/creature_birds_new.txt	2450	ATTACK_VERB	natural_attack_first	snatch at
vanilla_creatures/objects/creature_birds_new.txt	2450	ATTACK_VERB	natural_attack_third	snatches at
vanilla_creatures/objects/creature_birds_new.txt	2608	ATTACK_VERB	natural_attack_first	bite
vanilla_creatures/objects/creature_birds_new.txt	2608	ATTACK_VERB	natural_attack_third	bites
vanilla_creatures/objects/creature_birds_new.txt	2617	ATTACK_VERB	natural_attack_first	snatch at
vanilla_creatures/objects/creature_birds_new.txt	2617	ATTACK_VERB	natural_attack_third	snatches at
vanilla_creatures/objects/creature_birds_new.txt	2765	ATTACK_VERB	natural_attack_first	kick
vanilla_creatures/objects/creature_birds_new.txt	2765	ATTACK_VERB	natural_attack_third	kicks
vanilla_creatures/objects/creature_birds_new.txt	2773	ATTACK_VERB	natural_attack_first	bite
vanilla_creatures/objects/creature_birds_new.txt	2773	ATTACK_VERB	natural_attack_third	bites
vanilla_creatures/objects/creature_birds_new.txt	2922	ATTACK_VERB	natural_attack_first	bite
vanilla_creatures/objects/creature_birds_new.txt	2922	ATTACK_VERB	natural_attack_third	bites
vanilla_creatures/objects/creature_birds_new.txt	2931	ATTACK_VERB	natural_attack_first	snatch at
vanilla_creatures/objects/creature_birds_new.txt	2931	ATTACK_VERB	natural_attack_third	snatches at
vanilla_creatures/objects/creature_birds_new.txt	3082	ATTACK_VERB	natural_attack_first	bite
vanilla_creatures/objects/creature_birds_new.txt	3082	ATTACK_VERB	natural_attack_third	bites
vanilla_creatures/objects/creature_birds_new.txt	3091	ATTACK_VERB	natural_attack_first	snatch at
vanilla_creatures/objects/creature_birds_new.txt	3091	ATTACK_VERB	natural_attack_third	snatches at
vanilla_creatures/objects/creature_birds_new.txt	3244	ATTACK_VERB	natural_attack_first	bite
vanilla_creatures/objects/creature_birds_new.txt	3244	ATTACK_VERB	natural_attack_third	bites
vanilla_creatures/objects/creature_birds_new.txt	3253	ATTACK_VERB	natural_attack_first	snatch at
vanilla_creatures/objects/creature_birds_new.txt	3253	ATTACK_VERB	natural_attack_third	snatches at
vanilla_creatures/objects/creature_birds_new.txt	3408	ATTACK_VERB	natural_attack_first	bite
vanilla_creatures/objects/creature_birds_new.txt	3408	ATTACK_VERB	natural_attack_third	bites
vanilla_creatures/objects/creature_birds_new.txt	3417	ATTACK_VERB	natural_attack_first	snatch at
vanilla_creatures/objects/creature_birds_new.txt	3417	ATTACK_VERB	natural_attack_third	snatches at
vanilla_creatures/objects/creature_birds_new.txt	3565	ATTACK_VERB	natural_attack_first	bite
vanilla_creatures/objects/creature_birds_new.txt	3565	ATTACK_VERB	natural_attack_third	bites
vanilla_creatures/objects/creature_birds_new.txt	3722	ATTACK_VERB	natural_attack_first	bite
vanilla_creatures/objects/creature_birds_new.txt	3722	ATTACK_VERB	natural_attack_third	bites
vanilla_creatures/objects/creature_birds_new.txt	3731	ATTACK_VERB	natural_attack_first	snatch at
vanilla_creatures/objects/creature_birds_new.txt	3731	ATTACK_VERB	natural_attack_third	snatches at
vanilla_creatures/objects/creature_birds_new.txt	3890	ATTACK_VERB	natural_attack_first	bite
vanilla_creatures/objects/creature_birds_new.txt	3890	ATTACK_VERB	natural_attack_third	bites
vanilla_creatures/objects/creature_birds_new.txt	3899	ATTACK_VERB	natural_attack_first	snatch at
vanilla_creatures/objects/creature_birds_new.txt	3899	ATTACK_VERB	natural_attack_third	snatches at
vanilla_creatures/objects/creature_birds_new.txt	4049	ATTACK_VERB	natural_attack_first	bite
vanilla_creatures/objects/creature_birds_new.txt	4049	ATTACK_VERB	natural_attack_third	bites
vanilla_creatures/objects/creature_birds_new.txt	4058	ATTACK_VERB	natural_attack_first	snatch at
vanilla_creatures/objects/creature_birds_new.txt	4058	ATTACK_VERB	natural_attack_third	snatches at
vanilla_creatures/objects/creature_birds_new.txt	4210	ATTACK_VERB	natural_attack_first	bite
vanilla_creatures/objects/creature_birds_new.txt	4210	ATTACK_VERB	natural_attack_third	bites
vanilla_creatures/objects/creature_birds_new.txt	4219	ATTACK_VERB	natural_attack_first	snatch at
vanilla_creatures/objects/creature_birds_new.txt	4219	ATTACK_VERB	natural_attack_third	snatches at
vanilla_creatures/objects/creature_birds_new.txt	4368	ATTACK_VERB	natural_attack_first	bite
vanilla_creatures/objects/creature_birds_new.txt	4368	ATTACK_VERB	natural_attack_third	bites
vanilla_creatures/objects/creature_birds_new.txt	4377	ATTACK_VERB	natural_attack_first	snatch at
vanilla_creatures/objects/creature_birds_new.txt	4377	ATTACK_VERB	natural_attack_third	snatches at
vanilla_creatures/objects/creature_desert_new.txt	63	ATTACK_VERB	natural_attack_first	bite
vanilla_creatures/objects/creature_desert_new.txt	63	ATTACK_VERB	natural_attack_third	bites
vanilla_creatures/objects/creature_desert_new.txt	198	ATTACK_VERB	natural_attack_first	bite
vanilla_creatures/objects/creature_desert_new.txt	198	ATTACK_VERB	natural_attack_third	bites
vanilla_creatures/objects/creature_desert_new.txt	358	ATTACK_VERB	natural_attack_first	bite
vanilla_creatures/objects/creature_desert_new.txt	358	ATTACK_VERB	natural_attack_third	bites
vanilla_creatures/objects/creature_domestic.txt	50	ATTACK_VERB	natural_attack_first	bite
vanilla_creatures/objects/creature_domestic.txt	50	ATTACK_VERB	natural_attack_third	bites
vanilla_creatures/objects/creature_domestic.txt	59	ATTACK_VERB	natural_attack_first	scratch
vanilla_creatures/objects/creature_domestic.txt	59	ATTACK_VERB	natural_attack_third	scratches
vanilla_creatures/objects/creature_domestic.txt	174	ATTACK_VERB	natural_attack_first	bite
vanilla_creatures/objects/creature_domestic.txt	174	ATTACK_VERB	natural_attack_third	bites
vanilla_creatures/objects/creature_domestic.txt	183	ATTACK_VERB	natural_attack_first	scratch
vanilla_creatures/objects/creature_domestic.txt	183	ATTACK_VERB	natural_attack_third	scratches
vanilla_creatures/objects/creature_domestic.txt	322	ATTACK_VERB	natural_attack_first	kick
vanilla_creatures/objects/creature_domestic.txt	322	ATTACK_VERB	natural_attack_third	kicks
vanilla_creatures/objects/creature_domestic.txt	330	ATTACK_VERB	natural_attack_first	kick
vanilla_creatures/objects/creature_domestic.txt	330	ATTACK_VERB	natural_attack_third	kicks
vanilla_creatures/objects/creature_domestic.txt	338	ATTACK_VERB	natural_attack_first	bite
vanilla_creatures/objects/creature_domestic.txt	338	ATTACK_VERB	natural_attack_third	bites
vanilla_creatures/objects/creature_domestic.txt	412	ATTACK_VERB	natural_attack_first	kick
vanilla_creatures/objects/creature_domestic.txt	412	ATTACK_VERB	natural_attack_third	kicks
vanilla_creatures/objects/creature_domestic.txt	420	ATTACK_VERB	natural_attack_first	kick
vanilla_creatures/objects/creature_domestic.txt	420	ATTACK_VERB	natural_attack_third	kicks
vanilla_creatures/objects/creature_domestic.txt	428	ATTACK_VERB	natural_attack_first	bite
vanilla_creatures/objects/creature_domestic.txt	428	ATTACK_VERB	natural_attack_third	bites
vanilla_creatures/objects/creature_domestic.txt	530	ATTACK_VERB	natural_attack_first	kick
vanilla_creatures/objects/creature_domestic.txt	530	ATTACK_VERB	natural_attack_third	kicks
vanilla_creatures/objects/creature_domestic.txt	538	ATTACK_VERB	natural_attack_first	kick
vanilla_creatures/objects/creature_domestic.txt	538	ATTACK_VERB	natural_attack_third	kicks
vanilla_creatures/objects/creature_domestic.txt	546	ATTACK_VERB	natural_attack_first	bite
vanilla_creatures/objects/creature_domestic.txt	546	ATTACK_VERB	natural_attack_third	bites
vanilla_creatures/objects/creature_domestic.txt	650	ATTACK_VERB	natural_attack_first	kick
vanilla_creatures/objects/creature_domestic.txt	650	ATTACK_VERB	natural_attack_third	kicks
vanilla_creatures/objects/creature_domestic.txt	658	ATTACK_VERB	natural_attack_first	kick
vanilla_creatures/objects/creature_domestic.txt	658	ATTACK_VERB	natural_attack_third	kicks
vanilla_creatures/objects/creature_domestic.txt	666	ATTACK_VERB	natural_attack_first	bite
vanilla_creatures/objects/creature_domestic.txt	666	ATTACK_VERB	natural_attack_third	bites
vanilla_creatures/objects/creature_domestic.txt	675	ATTACK_VERB	natural_attack_first	gore
vanilla_creatures/objects/creature_domestic.txt	675	ATTACK_VERB	natural_attack_third	gores
vanilla_creatures/objects/creature_domestic.txt	787	ATTACK_VERB	natural_attack_first	kick
vanilla_creatures/objects/creature_domestic.txt	787	ATTACK_VERB	natural_attack_third	kicks
vanilla_creatures/objects/creature_domestic.txt	795	ATTACK_VERB	natural_attack_first	kick
vanilla_creatures/objects/creature_domestic.txt	795	ATTACK_VERB	natural_attack_third	kicks
vanilla_creatures/objects/creature_domestic.txt	803	ATTACK_VERB	natural_attack_first	bite
vanilla_creatures/objects/creature_domestic.txt	803	ATTACK_VERB	natural_attack_third	bites
vanilla_creatures/objects/creature_domestic.txt	813	ATTACK_VERB	natural_attack_first	gore
vanilla_creatures/objects/creature_domestic.txt	813	ATTACK_VERB	natural_attack_third	gores
vanilla_creatures/objects/creature_domestic.txt	915	ATTACK_VERB	natural_attack_first	kick
vanilla_creatures/objects/creature_domestic.txt	915	ATTACK_VERB	natural_attack_third	kicks
vanilla_creatures/objects/creature_domestic.txt	923	ATTACK_VERB	natural_attack_first	kick
vanilla_creatures/objects/creature_domestic.txt	923	ATTACK_VERB	natural_attack_third	kicks
vanilla_creatures/objects/creature_domestic.txt	931	ATTACK_VERB	natural_attack_first	bite
vanilla_creatures/objects/creature_domestic.txt	931	ATTACK_VERB	natural_attack_third	bites
vanilla_creatures/objects/creature_domestic.txt	1036	ATTACK_VERB	natural_attack_first	kick
vanilla_creatures/objects/creature_domestic.txt	1036	ATTACK_VERB	natural_attack_third	kicks
vanilla_creatures/objects/creature_domestic.txt	1044	ATTACK_VERB	natural_attack_first	kick
vanilla_creatures/objects/creature_domestic.txt	1044	ATTACK_VERB	natural_attack_third	kicks
vanilla_creatures/objects/creature_domestic.txt	1052	ATTACK_VERB	natural_attack_first	bite
vanilla_creatures/objects/creature_domestic.txt	1052	ATTACK_VERB	natural_attack_third	bites
vanilla_creatures/objects/creature_domestic.txt	1061	ATTACK_VERB	natural_attack_first	gore
vanilla_creatures/objects/creature_domestic.txt	1061	ATTACK_VERB	natural_attack_third	gores
vanilla_creatures/objects/creature_domestic.txt	1172	ATTACK_VERB	natural_attack_first	bite
vanilla_creatures/objects/creature_domestic.txt	1172	ATTACK_VERB	natural_attack_third	bites
vanilla_creatures/objects/creature_domestic.txt	1181	ATTACK_VERB	natural_attack_first	snatch at
vanilla_creatures/objects/creature_domestic.txt	1181	ATTACK_VERB	natural_attack_third	snatches at
vanilla_creatures/objects/creature_domestic.txt	1270	ATTACK_VERB	natural_attack_first	bite
vanilla_creatures/objects/creature_domestic.txt	1270	ATTACK_VERB	natural_attack_third	bites
vanilla_creatures/objects/creature_domestic.txt	1279	ATTACK_VERB	natural_attack_first	scratch
vanilla_creatures/objects/creature_domestic.txt	1279	ATTACK_VERB	natural_attack_third	scratches
vanilla_creatures/objects/creature_domestic.txt	1370	ATTACK_VERB	natural_attack_first	bite
vanilla_creatures/objects/creature_domestic.txt	1370	ATTACK_VERB	natural_attack_third	bites
vanilla_creatures/objects/creature_domestic.txt	1453	ATTACK_VERB	natural_attack_first	gore
vanilla_creatures/objects/creature_domestic.txt	1453	ATTACK_VERB	natural_attack_third	gores
vanilla_creatures/objects/creature_domestic.txt	1460	ATTACK_VERB	natural_attack_first	kick
vanilla_creatures/objects/creature_domestic.txt	1460	ATTACK_VERB	natural_attack_third	kicks
vanilla_creatures/objects/creature_domestic.txt	1468	ATTACK_VERB	natural_attack_first	kick
vanilla_creatures/objects/creature_domestic.txt	1468	ATTACK_VERB	natural_attack_third	kicks
vanilla_creatures/objects/creature_domestic.txt	1476	ATTACK_VERB	natural_attack_first	bite
vanilla_creatures/objects/creature_domestic.txt	1476	ATTACK_VERB	natural_attack_third	bites
vanilla_creatures/objects/creature_domestic.txt	1584	ATTACK_VERB	natural_attack_first	kick
vanilla_creatures/objects/creature_domestic.txt	1584	ATTACK_VERB	natural_attack_third	kicks
vanilla_creatures/objects/creature_domestic.txt	1592	ATTACK_VERB	natural_attack_first	kick
vanilla_creatures/objects/creature_domestic.txt	1592	ATTACK_VERB	natural_attack_third	kicks
vanilla_creatures/objects/creature_domestic.txt	1600	ATTACK_VERB	natural_attack_first	bite
vanilla_creatures/objects/creature_domestic.txt	1600	ATTACK_VERB	natural_attack_third	bites
vanilla_creatures/objects/creature_domestic.txt	1609	ATTACK_VERB	natural_attack_first	gore
vanilla_creatures/objects/creature_domestic.txt	1609	ATTACK_VERB	natural_attack_third	gores
vanilla_creatures/objects/creature_domestic.txt	1720	ATTACK_VERB	natural_attack_first	bite
vanilla_creatures/objects/creature_domestic.txt	1720	ATTACK_VERB	natural_attack_third	bites
vanilla_creatures/objects/creature_domestic.txt	1803	ATTACK_VERB	natural_attack_first	kick
vanilla_creatures/objects/creature_domestic.txt	1803	ATTACK_VERB	natural_attack_third	kicks
vanilla_creatures/objects/creature_domestic.txt	1811	ATTACK_VERB	natural_attack_first	kick
vanilla_creatures/objects/creature_domestic.txt	1811	ATTACK_VERB	natural_attack_third	kicks
vanilla_creatures/objects/creature_domestic.txt	1819	ATTACK_VERB	natural_attack_first	bite
vanilla_creatures/objects/creature_domestic.txt	1819	ATTACK_VERB	natural_attack_third	bites
vanilla_creatures/objects/creature_domestic.txt	1828	ATTACK_VERB	natural_attack_first	gore
vanilla_creatures/objects/creature_domestic.txt	1828	ATTACK_VERB	natural_attack_third	gores
vanilla_creatures/objects/creature_domestic.txt	1934	ATTACK_VERB	natural_attack_first	kick
vanilla_creatures/objects/creature_domestic.txt	1934	ATTACK_VERB	natural_attack_third	kicks
vanilla_creatures/objects/creature_domestic.txt	1942	ATTACK_VERB	natural_attack_first	kick
vanilla_creatures/objects/creature_domestic.txt	1942	ATTACK_VERB	natural_attack_third	kicks
vanilla_creatures/objects/creature_domestic.txt	1950	ATTACK_VERB	natural_attack_first	bite
vanilla_creatures/objects/creature_domestic.txt	1950	ATTACK_VERB	natural_attack_third	bites
vanilla_creatures/objects/creature_domestic.txt	2064	ATTACK_VERB	natural_attack_first	kick
vanilla_creatures/objects/creature_domestic.txt	2064	ATTACK_VERB	natural_attack_third	kicks
vanilla_creatures/objects/creature_domestic.txt	2072	ATTACK_VERB	natural_attack_first	kick
vanilla_creatures/objects/creature_domestic.txt	2072	ATTACK_VERB	natural_attack_third	kicks
vanilla_creatures/objects/creature_domestic.txt	2080	ATTACK_VERB	natural_attack_first	bite
vanilla_creatures/objects/creature_domestic.txt	2080	ATTACK_VERB	natural_attack_third	bites
vanilla_creatures/objects/creature_domestic.txt	2192	ATTACK_VERB	natural_attack_first	bite
vanilla_creatures/objects/creature_domestic.txt	2192	ATTACK_VERB	natural_attack_third	bites
vanilla_creatures/objects/creature_domestic.txt	2201	ATTACK_VERB	natural_attack_first	snatch at
vanilla_creatures/objects/creature_domestic.txt	2201	ATTACK_VERB	natural_attack_third	snatches at
vanilla_creatures/objects/creature_domestic.txt	2296	ATTACK_VERB	natural_attack_first	bite
vanilla_creatures/objects/creature_domestic.txt	2296	ATTACK_VERB	natural_attack_third	bites
vanilla_creatures/objects/creature_domestic.txt	2305	ATTACK_VERB	natural_attack_first	snatch at
vanilla_creatures/objects/creature_domestic.txt	2305	ATTACK_VERB	natural_attack_third	snatches at
vanilla_creatures/objects/creature_domestic.txt	2407	ATTACK_VERB	natural_attack_first	bite
vanilla_creatures/objects/creature_domestic.txt	2407	ATTACK_VERB	natural_attack_third	bites
vanilla_creatures/objects/creature_domestic.txt	2416	ATTACK_VERB	natural_attack_first	snatch at
vanilla_creatures/objects/creature_domestic.txt	2416	ATTACK_VERB	natural_attack_third	snatches at
vanilla_creatures/objects/creature_domestic.txt	2505	ATTACK_VERB	natural_attack_first	bite
vanilla_creatures/objects/creature_domestic.txt	2505	ATTACK_VERB	natural_attack_third	bites
vanilla_creatures/objects/creature_domestic.txt	2514	ATTACK_VERB	natural_attack_first	scratch
vanilla_creatures/objects/creature_domestic.txt	2514	ATTACK_VERB	natural_attack_third	scratches
vanilla_creatures/objects/creature_large_mountain.txt	62	ATTACK_VERB	natural_attack_first	kick
vanilla_creatures/objects/creature_large_mountain.txt	62	ATTACK_VERB	natural_attack_third	kicks
vanilla_creatures/objects/creature_large_mountain.txt	70	ATTACK_VERB	natural_attack_first	kick
vanilla_creatures/objects/creature_large_mountain.txt	70	ATTACK_VERB	natural_attack_third	kicks
vanilla_creatures/objects/creature_large_mountain.txt	78	ATTACK_VERB	natural_attack_first	bite
vanilla_creatures/objects/creature_large_mountain.txt	78	ATTACK_VERB	natural_attack_third	bites
vanilla_creatures/objects/creature_large_mountain.txt	217	ATTACK_VERB	natural_attack_first	bite
vanilla_creatures/objects/creature_large_mountain.txt	217	ATTACK_VERB	natural_attack_third	bites
vanilla_creatures/objects/creature_large_mountain.txt	226	ATTACK_VERB	natural_attack_first	scratch
vanilla_creatures/objects/creature_large_mountain.txt	226	ATTACK_VERB	natural_attack_third	scratches
vanilla_creatures/objects/creature_large_mountain.txt	459	ATTACK_VERB	natural_attack_first	punch
vanilla_creatures/objects/creature_large_mountain.txt	459	ATTACK_VERB	natural_attack_third	punches
vanilla_creatures/objects/creature_large_mountain.txt	466	ATTACK_VERB	natural_attack_first	scratch
vanilla_creatures/objects/creature_large_mountain.txt	466	ATTACK_VERB	natural_attack_third	scratches
vanilla_creatures/objects/creature_large_mountain.txt	474	ATTACK_VERB	natural_attack_first	bite
vanilla_creatures/objects/creature_large_mountain.txt	474	ATTACK_VERB	natural_attack_third	bites
vanilla_creatures/objects/creature_large_mountain.txt	705	ATTACK_VERB	natural_attack_first	punch
vanilla_creatures/objects/creature_large_mountain.txt	705	ATTACK_VERB	natural_attack_third	punches
vanilla_creatures/objects/creature_large_mountain.txt	712	ATTACK_VERB	natural_attack_first	scratch
vanilla_creatures/objects/creature_large_mountain.txt	712	ATTACK_VERB	natural_attack_third	scratches
vanilla_creatures/objects/creature_large_mountain.txt	720	ATTACK_VERB	natural_attack_first	bite
vanilla_creatures/objects/creature_large_mountain.txt	720	ATTACK_VERB	natural_attack_third	bites
vanilla_creatures/objects/creature_large_ocean.txt	185	ATTACK_VERB	natural_attack_first	bite
vanilla_creatures/objects/creature_large_ocean.txt	185	ATTACK_VERB	natural_attack_third	bites
vanilla_creatures/objects/creature_large_ocean.txt	193	ATTACK_VERB	natural_attack_first	slap
vanilla_creatures/objects/creature_large_ocean.txt	193	ATTACK_VERB	natural_attack_third	slaps
vanilla_creatures/objects/creature_large_ocean.txt	264	ATTACK_VERB	natural_attack_first	bite
vanilla_creatures/objects/creature_large_ocean.txt	264	ATTACK_VERB	natural_attack_third	bites
vanilla_creatures/objects/creature_large_ocean.txt	273	ATTACK_VERB	natural_attack_first	slap
vanilla_creatures/objects/creature_large_ocean.txt	273	ATTACK_VERB	natural_attack_third	slaps
vanilla_creatures/objects/creature_large_ocean.txt	344	ATTACK_VERB	natural_attack_first	bite
vanilla_creatures/objects/creature_large_ocean.txt	344	ATTACK_VERB	natural_attack_third	bites
vanilla_creatures/objects/creature_large_ocean.txt	353	ATTACK_VERB	natural_attack_first	slap
vanilla_creatures/objects/creature_large_ocean.txt	353	ATTACK_VERB	natural_attack_third	slaps
vanilla_creatures/objects/creature_large_ocean.txt	424	ATTACK_VERB	natural_attack_first	bite
vanilla_creatures/objects/creature_large_ocean.txt	424	ATTACK_VERB	natural_attack_third	bites
vanilla_creatures/objects/creature_large_ocean.txt	433	ATTACK_VERB	natural_attack_first	slap
vanilla_creatures/objects/creature_large_ocean.txt	433	ATTACK_VERB	natural_attack_third	slaps
vanilla_creatures/objects/creature_large_ocean.txt	504	ATTACK_VERB	natural_attack_first	bite
vanilla_creatures/objects/creature_large_ocean.txt	504	ATTACK_VERB	natural_attack_third	bites
vanilla_creatures/objects/creature_large_ocean.txt	513	ATTACK_VERB	natural_attack_first	slap
vanilla_creatures/objects/creature_large_ocean.txt	513	ATTACK_VERB	natural_attack_third	slaps
vanilla_creatures/objects/creature_large_ocean.txt	583	ATTACK_VERB	natural_attack_first	slap
vanilla_creatures/objects/creature_large_ocean.txt	583	ATTACK_VERB	natural_attack_third	slaps
vanilla_creatures/objects/creature_large_ocean.txt	653	ATTACK_VERB	natural_attack_first	slap
vanilla_creatures/objects/creature_large_ocean.txt	653	ATTACK_VERB	natural_attack_third	slaps
vanilla_creatures/objects/creature_large_ocean.txt	723	ATTACK_VERB	natural_attack_first	bite
vanilla_creatures/objects/creature_large_ocean.txt	723	ATTACK_VERB	natural_attack_third	bites
vanilla_creatures/objects/creature_large_ocean.txt	732	ATTACK_VERB	natural_attack_first	slap
vanilla_creatures/objects/creature_large_ocean.txt	732	ATTACK_VERB	natural_attack_third	slaps
vanilla_creatures/objects/creature_large_ocean.txt	803	ATTACK_VERB	natural_attack_first	bite
vanilla_creatures/objects/creature_large_ocean.txt	803	ATTACK_VERB	natural_attack_third	bites
vanilla_creatures/objects/creature_large_ocean.txt	812	ATTACK_VERB	natural_attack_first	slap
vanilla_creatures/objects/creature_large_ocean.txt	812	ATTACK_VERB	natural_attack_third	slaps
vanilla_creatures/objects/creature_large_ocean.txt	883	ATTACK_VERB	natural_attack_first	bite
vanilla_creatures/objects/creature_large_ocean.txt	883	ATTACK_VERB	natural_attack_third	bites
vanilla_creatures/objects/creature_large_ocean.txt	892	ATTACK_VERB	natural_attack_first	slap
vanilla_creatures/objects/creature_large_ocean.txt	892	ATTACK_VERB	natural_attack_third	slaps
vanilla_creatures/objects/creature_large_ocean.txt	962	ATTACK_VERB	natural_attack_first	bite
vanilla_creatures/objects/creature_large_ocean.txt	962	ATTACK_VERB	natural_attack_third	bites
vanilla_creatures/objects/creature_large_ocean.txt	971	ATTACK_VERB	natural_attack_first	slap
vanilla_creatures/objects/creature_large_ocean.txt	971	ATTACK_VERB	natural_attack_third	slaps
vanilla_creatures/objects/creature_large_ocean.txt	1041	ATTACK_VERB	natural_attack_first	bite
vanilla_creatures/objects/creature_large_ocean.txt	1041	ATTACK_VERB	natural_attack_third	bites
vanilla_creatures/objects/creature_large_ocean.txt	1050	ATTACK_VERB	natural_attack_first	slap
vanilla_creatures/objects/creature_large_ocean.txt	1050	ATTACK_VERB	natural_attack_third	slaps
vanilla_creatures/objects/creature_large_ocean.txt	1121	ATTACK_VERB	natural_attack_first	bite
vanilla_creatures/objects/creature_large_ocean.txt	1121	ATTACK_VERB	natural_attack_third	bites
vanilla_creatures/objects/creature_large_ocean.txt	1130	ATTACK_VERB	natural_attack_first	slap
vanilla_creatures/objects/creature_large_ocean.txt	1130	ATTACK_VERB	natural_attack_third	slaps
vanilla_creatures/objects/creature_large_ocean.txt	1200	ATTACK_VERB	natural_attack_first	bite
vanilla_creatures/objects/creature_large_ocean.txt	1200	ATTACK_VERB	natural_attack_third	bites
vanilla_creatures/objects/creature_large_ocean.txt	1209	ATTACK_VERB	natural_attack_first	slap
vanilla_creatures/objects/creature_large_ocean.txt	1209	ATTACK_VERB	natural_attack_third	slaps
vanilla_creatures/objects/creature_large_ocean.txt	1279	ATTACK_VERB	natural_attack_first	bite
vanilla_creatures/objects/creature_large_ocean.txt	1279	ATTACK_VERB	natural_attack_third	bites
vanilla_creatures/objects/creature_large_ocean.txt	1288	ATTACK_VERB	natural_attack_first	slap
vanilla_creatures/objects/creature_large_ocean.txt	1288	ATTACK_VERB	natural_attack_third	slaps
vanilla_creatures/objects/creature_large_ocean.txt	1359	ATTACK_VERB	natural_attack_first	bite
vanilla_creatures/objects/creature_large_ocean.txt	1359	ATTACK_VERB	natural_attack_third	bites
vanilla_creatures/objects/creature_large_ocean.txt	1368	ATTACK_VERB	natural_attack_first	slap
vanilla_creatures/objects/creature_large_ocean.txt	1368	ATTACK_VERB	natural_attack_third	slaps
vanilla_creatures/objects/creature_large_ocean.txt	1439	ATTACK_VERB	natural_attack_first	bite
vanilla_creatures/objects/creature_large_ocean.txt	1439	ATTACK_VERB	natural_attack_third	bites
vanilla_creatures/objects/creature_large_ocean.txt	1448	ATTACK_VERB	natural_attack_first	slap
vanilla_creatures/objects/creature_large_ocean.txt	1448	ATTACK_VERB	natural_attack_third	slaps
vanilla_creatures/objects/creature_large_ocean.txt	1519	ATTACK_VERB	natural_attack_first	bite
vanilla_creatures/objects/creature_large_ocean.txt	1519	ATTACK_VERB	natural_attack_third	bites
vanilla_creatures/objects/creature_large_ocean.txt	1658	ATTACK_VERB	natural_attack_first	stab
vanilla_creatures/objects/creature_large_ocean.txt	1658	ATTACK_VERB	natural_attack_third	stabs
vanilla_creatures/objects/creature_large_ocean.txt	1735	ATTACK_VERB	natural_attack_first	bite
vanilla_creatures/objects/creature_large_ocean.txt	1735	ATTACK_VERB	natural_attack_third	bites
vanilla_creatures/objects/creature_large_ocean.txt	1742	ATTACK_VERB	natural_attack_first	slap
vanilla_creatures/objects/creature_large_ocean.txt	1742	ATTACK_VERB	natural_attack_third	slaps
vanilla_creatures/objects/creature_large_ocean.txt	1821	ATTACK_VERB	natural_attack_first	bite
vanilla_creatures/objects/creature_large_ocean.txt	1821	ATTACK_VERB	natural_attack_third	bites
vanilla_creatures/objects/creature_large_ocean.txt	1828	ATTACK_VERB	natural_attack_first	slap
vanilla_creatures/objects/creature_large_ocean.txt	1828	ATTACK_VERB	natural_attack_third	slaps
vanilla_creatures/objects/creature_large_ocean.txt	1898	ATTACK_VERB	natural_attack_first	bite
vanilla_creatures/objects/creature_large_ocean.txt	1898	ATTACK_VERB	natural_attack_third	bites
vanilla_creatures/objects/creature_large_ocean.txt	1979	ATTACK_VERB	natural_attack_first	bite
vanilla_creatures/objects/creature_large_ocean.txt	1979	ATTACK_VERB	natural_attack_third	bites
vanilla_creatures/objects/creature_large_ocean.txt	1986	ATTACK_VERB	natural_attack_first	slap
vanilla_creatures/objects/creature_large_ocean.txt	1986	ATTACK_VERB	natural_attack_third	slaps
vanilla_creatures/objects/creature_large_ocean.txt	2063	ATTACK_VERB	natural_attack_first	bite
vanilla_creatures/objects/creature_large_ocean.txt	2063	ATTACK_VERB	natural_attack_third	bites
vanilla_creatures/objects/creature_large_ocean.txt	2070	ATTACK_VERB	natural_attack_first	slap
vanilla_creatures/objects/creature_large_ocean.txt	2070	ATTACK_VERB	natural_attack_third	slaps
vanilla_creatures/objects/creature_large_ocean.txt	2146	ATTACK_VERB	natural_attack_first	bite
vanilla_creatures/objects/creature_large_ocean.txt	2146	ATTACK_VERB	natural_attack_third	bites
vanilla_creatures/objects/creature_large_ocean.txt	2153	ATTACK_VERB	natural_attack_first	slap
vanilla_creatures/objects/creature_large_ocean.txt	2153	ATTACK_VERB	natural_attack_third	slaps
vanilla_creatures/objects/creature_large_ocean.txt	2228	ATTACK_VERB	natural_attack_first	bite
vanilla_creatures/objects/creature_large_ocean.txt	2228	ATTACK_VERB	natural_attack_third	bites
vanilla_creatures/objects/creature_large_ocean.txt	2235	ATTACK_VERB	natural_attack_first	slap
vanilla_creatures/objects/creature_large_ocean.txt	2235	ATTACK_VERB	natural_attack_third	slaps
vanilla_creatures/objects/creature_large_ocean.txt	2312	ATTACK_VERB	natural_attack_first	bite
vanilla_creatures/objects/creature_large_ocean.txt	2312	ATTACK_VERB	natural_attack_third	bites
vanilla_creatures/objects/creature_large_ocean.txt	2319	ATTACK_VERB	natural_attack_first	slap
vanilla_creatures/objects/creature_large_ocean.txt	2319	ATTACK_VERB	natural_attack_third	slaps
vanilla_creatures/objects/creature_large_ocean.txt	2396	ATTACK_VERB	natural_attack_first	bite
vanilla_creatures/objects/creature_large_ocean.txt	2396	ATTACK_VERB	natural_attack_third	bites
vanilla_creatures/objects/creature_large_ocean.txt	2403	ATTACK_VERB	natural_attack_first	slap
vanilla_creatures/objects/creature_large_ocean.txt	2403	ATTACK_VERB	natural_attack_third	slaps
vanilla_creatures/objects/creature_large_ocean.txt	2479	ATTACK_VERB	natural_attack_first	stab
vanilla_creatures/objects/creature_large_ocean.txt	2479	ATTACK_VERB	natural_attack_third	stabs
vanilla_creatures/objects/creature_large_ocean.txt	2487	ATTACK_VERB	natural_attack_first	slap
vanilla_creatures/objects/creature_large_ocean.txt	2487	ATTACK_VERB	natural_attack_third	slaps
vanilla_creatures/objects/creature_large_ocean.txt	2563	ATTACK_VERB	natural_attack_first	stab
vanilla_creatures/objects/creature_large_ocean.txt	2563	ATTACK_VERB	natural_attack_third	stabs
vanilla_creatures/objects/creature_large_ocean.txt	2571	ATTACK_VERB	natural_attack_first	slap
vanilla_creatures/objects/creature_large_ocean.txt	2571	ATTACK_VERB	natural_attack_third	slaps
vanilla_creatures/objects/creature_large_ocean.txt	2647	ATTACK_VERB	natural_attack_first	bite
vanilla_creatures/objects/creature_large_ocean.txt	2647	ATTACK_VERB	natural_attack_third	bites
vanilla_creatures/objects/creature_large_ocean.txt	2654	ATTACK_VERB	natural_attack_first	slap
vanilla_creatures/objects/creature_large_ocean.txt	2654	ATTACK_VERB	natural_attack_third	slaps
vanilla_creatures/objects/creature_large_ocean.txt	2730	ATTACK_VERB	natural_attack_first	bite
vanilla_creatures/objects/creature_large_ocean.txt	2730	ATTACK_VERB	natural_attack_third	bites
vanilla_creatures/objects/creature_large_ocean.txt	2739	ATTACK_VERB	natural_attack_first	slap
vanilla_creatures/objects/creature_large_ocean.txt	2739	ATTACK_VERB	natural_attack_third	slaps
vanilla_creatures/objects/creature_large_ocean.txt	2817	ATTACK_VERB	natural_attack_first	bite
vanilla_creatures/objects/creature_large_ocean.txt	2817	ATTACK_VERB	natural_attack_third	bites
vanilla_creatures/objects/creature_large_ocean.txt	2824	ATTACK_VERB	natural_attack_first	slap
vanilla_creatures/objects/creature_large_ocean.txt	2824	ATTACK_VERB	natural_attack_third	slaps
vanilla_creatures/objects/creature_large_ocean.txt	2909	ATTACK_VERB	natural_attack_first	stab
vanilla_creatures/objects/creature_large_ocean.txt	2909	ATTACK_VERB	natural_attack_third	stabs
vanilla_creatures/objects/creature_large_ocean.txt	2917	ATTACK_VERB	natural_attack_first	slap
vanilla_creatures/objects/creature_large_ocean.txt	2917	ATTACK_VERB	natural_attack_third	slaps
vanilla_creatures/objects/creature_large_riverlake.txt	63	ATTACK_VERB	natural_attack_first	kick
vanilla_creatures/objects/creature_large_riverlake.txt	63	ATTACK_VERB	natural_attack_third	kicks
vanilla_creatures/objects/creature_large_riverlake.txt	71	ATTACK_VERB	natural_attack_first	gore
vanilla_creatures/objects/creature_large_riverlake.txt	71	ATTACK_VERB	natural_attack_third	gores
vanilla_creatures/objects/creature_large_riverlake.txt	202	ATTACK_VERB	natural_attack_first	bite
vanilla_creatures/objects/creature_large_riverlake.txt	202	ATTACK_VERB	natural_attack_third	bites
vanilla_creatures/objects/creature_large_riverlake.txt	211	ATTACK_VERB	natural_attack_first	slap
vanilla_creatures/objects/creature_large_riverlake.txt	211	ATTACK_VERB	natural_attack_third	slaps
vanilla_creatures/objects/creature_large_riverlake.txt	290	ATTACK_VERB	natural_attack_first	bite
vanilla_creatures/objects/creature_large_riverlake.txt	290	ATTACK_VERB	natural_attack_third	bites
vanilla_creatures/objects/creature_large_riverlake.txt	297	ATTACK_VERB	natural_attack_first	slap
vanilla_creatures/objects/creature_large_riverlake.txt	297	ATTACK_VERB	natural_attack_third	slaps
vanilla_creatures/objects/creature_large_riverlake.txt	374	ATTACK_VERB	natural_attack_first	bite
vanilla_creatures/objects/creature_large_riverlake.txt	374	ATTACK_VERB	natural_attack_third	bites
vanilla_creatures/objects/creature_large_riverlake.txt	383	ATTACK_VERB	natural_attack_first	slap
vanilla_creatures/objects/creature_large_riverlake.txt	383	ATTACK_VERB	natural_attack_third	slaps
vanilla_creatures/objects/creature_large_riverlake.txt	461	ATTACK_VERB	natural_attack_first	bite
vanilla_creatures/objects/creature_large_riverlake.txt	461	ATTACK_VERB	natural_attack_third	bites
vanilla_creatures/objects/creature_large_riverlake.txt	470	ATTACK_VERB	natural_attack_first	slap
vanilla_creatures/objects/creature_large_riverlake.txt	470	ATTACK_VERB	natural_attack_third	slaps
vanilla_creatures/objects/creature_large_riverlake.txt	590	ATTACK_VERB	natural_attack_first	bite
vanilla_creatures/objects/creature_large_riverlake.txt	590	ATTACK_VERB	natural_attack_third	bites
vanilla_creatures/objects/creature_large_riverlake.txt	602	ATTACK_VERB	natural_attack_first	kick
vanilla_creatures/objects/creature_large_riverlake.txt	602	ATTACK_VERB	natural_attack_third	kicks
vanilla_creatures/objects/creature_large_riverlake.txt	613	ATTACK_VERB	natural_attack_first	bite
vanilla_creatures/objects/creature_large_riverlake.txt	613	ATTACK_VERB	natural_attack_third	bites
vanilla_creatures/objects/creature_large_riverlake.txt	657	ATTACK_VERB	natural_attack_first	kick
vanilla_creatures/objects/creature_large_riverlake.txt	657	ATTACK_VERB	natural_attack_third	kicks
vanilla_creatures/objects/creature_large_temperate.txt	64	ATTACK_VERB	natural_attack_first	bite
vanilla_creatures/objects/creature_large_temperate.txt	64	ATTACK_VERB	natural_attack_third	bites
vanilla_creatures/objects/creature_large_temperate.txt	73	ATTACK_VERB	natural_attack_first	scratch
vanilla_creatures/objects/creature_large_temperate.txt	73	ATTACK_VERB	natural_attack_third	scratches
vanilla_creatures/objects/creature_large_temperate.txt	218	ATTACK_VERB	natural_attack_first	bite
vanilla_creatures/objects/creature_large_temperate.txt	218	ATTACK_VERB	natural_attack_third	bites
vanilla_creatures/objects/creature_large_temperate.txt	227	ATTACK_VERB	natural_attack_first	scratch
vanilla_creatures/objects/creature_large_temperate.txt	227	ATTACK_VERB	natural_attack_third	scratches
vanilla_creatures/objects/creature_large_temperate.txt	351	ATTACK_VERB	natural_attack_first	gore
vanilla_creatures/objects/creature_large_temperate.txt	351	ATTACK_VERB	natural_attack_third	gores
vanilla_creatures/objects/creature_large_temperate.txt	359	ATTACK_VERB	natural_attack_first	kick
vanilla_creatures/objects/creature_large_temperate.txt	359	ATTACK_VERB	natural_attack_third	kicks
vanilla_creatures/objects/creature_large_temperate.txt	367	ATTACK_VERB	natural_attack_first	kick
vanilla_creatures/objects/creature_large_temperate.txt	367	ATTACK_VERB	natural_attack_third	kicks
vanilla_creatures/objects/creature_large_temperate.txt	375	ATTACK_VERB	natural_attack_first	bite
vanilla_creatures/objects/creature_large_temperate.txt	375	ATTACK_VERB	natural_attack_third	bites
vanilla_creatures/objects/creature_large_temperate.txt	532	ATTACK_VERB	natural_attack_first	bite
vanilla_creatures/objects/creature_large_temperate.txt	532	ATTACK_VERB	natural_attack_third	bites
vanilla_creatures/objects/creature_large_temperate.txt	541	ATTACK_VERB	natural_attack_first	scratch
vanilla_creatures/objects/creature_large_temperate.txt	541	ATTACK_VERB	natural_attack_third	scratches
vanilla_creatures/objects/creature_large_temperate.txt	679	ATTACK_VERB	natural_attack_first	bite
vanilla_creatures/objects/creature_large_temperate.txt	679	ATTACK_VERB	natural_attack_third	bites
vanilla_creatures/objects/creature_large_temperate.txt	688	ATTACK_VERB	natural_attack_first	scratch
vanilla_creatures/objects/creature_large_temperate.txt	688	ATTACK_VERB	natural_attack_third	scratches
vanilla_creatures/objects/creature_large_temperate.txt	827	ATTACK_VERB	natural_attack_first	bite
vanilla_creatures/objects/creature_large_temperate.txt	827	ATTACK_VERB	natural_attack_third	bites
vanilla_creatures/objects/creature_large_temperate.txt	836	ATTACK_VERB	natural_attack_first	scratch
vanilla_creatures/objects/creature_large_temperate.txt	836	ATTACK_VERB	natural_attack_third	scratches
vanilla_creatures/objects/creature_large_temperate.txt	976	ATTACK_VERB	natural_attack_first	bite
vanilla_creatures/objects/creature_large_temperate.txt	976	ATTACK_VERB	natural_attack_third	bites
vanilla_creatures/objects/creature_large_temperate.txt	985	ATTACK_VERB	natural_attack_first	scratch
vanilla_creatures/objects/creature_large_temperate.txt	985	ATTACK_VERB	natural_attack_third	scratches
vanilla_creatures/objects/creature_large_temperate.txt	1129	ATTACK_VERB	natural_attack_first	bite
vanilla_creatures/objects/creature_large_temperate.txt	1129	ATTACK_VERB	natural_attack_third	bites
vanilla_creatures/objects/creature_large_temperate.txt	1138	ATTACK_VERB	natural_attack_first	scratch
vanilla_creatures/objects/creature_large_temperate.txt	1138	ATTACK_VERB	natural_attack_third	scratches
vanilla_creatures/objects/creature_large_temperate.txt	1280	ATTACK_VERB	natural_attack_first	bite
vanilla_creatures/objects/creature_large_temperate.txt	1280	ATTACK_VERB	natural_attack_third	bites
vanilla_creatures/objects/creature_large_temperate.txt	1289	ATTACK_VERB	natural_attack_first	scratch
vanilla_creatures/objects/creature_large_temperate.txt	1289	ATTACK_VERB	natural_attack_third	scratches
vanilla_creatures/objects/creature_large_temperate.txt	1444	ATTACK_VERB	natural_attack_first	bite
vanilla_creatures/objects/creature_large_temperate.txt	1444	ATTACK_VERB	natural_attack_third	bites
vanilla_creatures/objects/creature_large_temperate.txt	1599	ATTACK_VERB	natural_attack_first	bite
vanilla_creatures/objects/creature_large_temperate.txt	1599	ATTACK_VERB	natural_attack_third	bites
vanilla_creatures/objects/creature_large_temperate.txt	1608	ATTACK_VERB	natural_attack_first	snatch at
vanilla_creatures/objects/creature_large_temperate.txt	1608	ATTACK_VERB	natural_attack_third	snatches at
vanilla_creatures/objects/creature_large_temperate.txt	1758	ATTACK_VERB	natural_attack_first	bite
vanilla_creatures/objects/creature_large_temperate.txt	1758	ATTACK_VERB	natural_attack_third	bites
vanilla_creatures/objects/creature_large_temperate.txt	1767	ATTACK_VERB	natural_attack_first	scratch
vanilla_creatures/objects/creature_large_temperate.txt	1767	ATTACK_VERB	natural_attack_third	scratches
vanilla_creatures/objects/creature_large_temperate.txt	1959	ATTACK_VERB	natural_attack_first	bite
vanilla_creatures/objects/creature_large_temperate.txt	1959	ATTACK_VERB	natural_attack_third	bites
vanilla_creatures/objects/creature_large_temperate.txt	1968	ATTACK_VERB	natural_attack_first	scratch
vanilla_creatures/objects/creature_large_temperate.txt	1968	ATTACK_VERB	natural_attack_third	scratches
vanilla_creatures/objects/creature_large_temperate.txt	2123	ATTACK_VERB	natural_attack_first	bite
vanilla_creatures/objects/creature_large_temperate.txt	2123	ATTACK_VERB	natural_attack_third	bites
vanilla_creatures/objects/creature_large_temperate.txt	2132	ATTACK_VERB	natural_attack_first	scratch
vanilla_creatures/objects/creature_large_temperate.txt	2132	ATTACK_VERB	natural_attack_third	scratches
vanilla_creatures/objects/creature_large_temperate.txt	2296	ATTACK_VERB	natural_attack_first	gore
vanilla_creatures/objects/creature_large_temperate.txt	2296	ATTACK_VERB	natural_attack_third	gores
vanilla_creatures/objects/creature_large_temperate.txt	2308	ATTACK_VERB	natural_attack_first	kick
vanilla_creatures/objects/creature_large_temperate.txt	2308	ATTACK_VERB	natural_attack_third	kicks
vanilla_creatures/objects/creature_large_temperate.txt	2316	ATTACK_VERB	natural_attack_first	kick
vanilla_creatures/objects/creature_large_temperate.txt	2316	ATTACK_VERB	natural_attack_third	kicks
vanilla_creatures/objects/creature_large_temperate.txt	2324	ATTACK_VERB	natural_attack_first	bite
vanilla_creatures/objects/creature_large_temperate.txt	2324	ATTACK_VERB	natural_attack_third	bites
vanilla_creatures/objects/creature_large_temperate.txt	2495	ATTACK_VERB	natural_attack_first	bite
vanilla_creatures/objects/creature_large_temperate.txt	2495	ATTACK_VERB	natural_attack_third	bites
vanilla_creatures/objects/creature_large_temperate.txt	2504	ATTACK_VERB	natural_attack_first	scratch
vanilla_creatures/objects/creature_large_temperate.txt	2504	ATTACK_VERB	natural_attack_third	scratches
vanilla_creatures/objects/creature_large_tropical.txt	70	ATTACK_VERB	natural_attack_first	kick
vanilla_creatures/objects/creature_large_tropical.txt	70	ATTACK_VERB	natural_attack_third	kicks
vanilla_creatures/objects/creature_large_tropical.txt	78	ATTACK_VERB	natural_attack_first	gore
vanilla_creatures/objects/creature_large_tropical.txt	78	ATTACK_VERB	natural_attack_third	gores
vanilla_creatures/objects/creature_large_tropical.txt	230	ATTACK_VERB	natural_attack_first	kick
vanilla_creatures/objects/creature_large_tropical.txt	230	ATTACK_VERB	natural_attack_third	kicks
vanilla_creatures/objects/creature_large_tropical.txt	238	ATTACK_VERB	natural_attack_first	kick
vanilla_creatures/objects/creature_large_tropical.txt	238	ATTACK_VERB	natural_attack_third	kicks
vanilla_creatures/objects/creature_large_tropical.txt	246	ATTACK_VERB	natural_attack_first	bite
vanilla_creatures/objects/creature_large_tropical.txt	246	ATTACK_VERB	natural_attack_third	bites
vanilla_creatures/objects/creature_large_tropical.txt	390	ATTACK_VERB	natural_attack_first	bite
vanilla_creatures/objects/creature_large_tropical.txt	390	ATTACK_VERB	natural_attack_third	bites
vanilla_creatures/objects/creature_large_tropical.txt	399	ATTACK_VERB	natural_attack_first	scratch
vanilla_creatures/objects/creature_large_tropical.txt	399	ATTACK_VERB	natural_attack_third	scratches
vanilla_creatures/objects/creature_large_tropical.txt	539	ATTACK_VERB	natural_attack_first	bite
vanilla_creatures/objects/creature_large_tropical.txt	539	ATTACK_VERB	natural_attack_third	bites
vanilla_creatures/objects/creature_large_tropical.txt	548	ATTACK_VERB	natural_attack_first	scratch
vanilla_creatures/objects/creature_large_tropical.txt	548	ATTACK_VERB	natural_attack_third	scratches
vanilla_creatures/objects/creature_large_tropical.txt	688	ATTACK_VERB	natural_attack_first	bite
vanilla_creatures/objects/creature_large_tropical.txt	688	ATTACK_VERB	natural_attack_third	bites
vanilla_creatures/objects/creature_large_tropical.txt	697	ATTACK_VERB	natural_attack_first	scratch
vanilla_creatures/objects/creature_large_tropical.txt	697	ATTACK_VERB	natural_attack_third	scratches
vanilla_creatures/objects/creature_large_tropical.txt	839	ATTACK_VERB	natural_attack_first	bite
vanilla_creatures/objects/creature_large_tropical.txt	839	ATTACK_VERB	natural_attack_third	bites
vanilla_creatures/objects/creature_large_tropical.txt	848	ATTACK_VERB	natural_attack_first	scratch
vanilla_creatures/objects/creature_large_tropical.txt	848	ATTACK_VERB	natural_attack_third	scratches
vanilla_creatures/objects/creature_large_tropical.txt	987	ATTACK_VERB	natural_attack_first	bite
vanilla_creatures/objects/creature_large_tropical.txt	987	ATTACK_VERB	natural_attack_third	bites
vanilla_creatures/objects/creature_large_tropical.txt	996	ATTACK_VERB	natural_attack_first	scratch
vanilla_creatures/objects/creature_large_tropical.txt	996	ATTACK_VERB	natural_attack_third	scratches
vanilla_creatures/objects/creature_large_tropical.txt	1132	ATTACK_VERB	natural_attack_first	kick
vanilla_creatures/objects/creature_large_tropical.txt	1132	ATTACK_VERB	natural_attack_third	kicks
vanilla_creatures/objects/creature_large_tropical.txt	1140	ATTACK_VERB	natural_attack_first	kick
vanilla_creatures/objects/creature_large_tropical.txt	1140	ATTACK_VERB	natural_attack_third	kicks
vanilla_creatures/objects/creature_large_tropical.txt	1148	ATTACK_VERB	natural_attack_first	bite
vanilla_creatures/objects/creature_large_tropical.txt	1148	ATTACK_VERB	natural_attack_third	bites
vanilla_creatures/objects/creature_large_tropical.txt	1281	ATTACK_VERB	natural_attack_first	bite
vanilla_creatures/objects/creature_large_tropical.txt	1281	ATTACK_VERB	natural_attack_third	bites
vanilla_creatures/objects/creature_large_tropical.txt	1290	ATTACK_VERB	natural_attack_first	scratch
vanilla_creatures/objects/creature_large_tropical.txt	1290	ATTACK_VERB	natural_attack_third	scratches
vanilla_creatures/objects/creature_large_tropical.txt	1428	ATTACK_VERB	natural_attack_first	bite
vanilla_creatures/objects/creature_large_tropical.txt	1428	ATTACK_VERB	natural_attack_third	bites
vanilla_creatures/objects/creature_large_tropical.txt	1437	ATTACK_VERB	natural_attack_first	scratch
vanilla_creatures/objects/creature_large_tropical.txt	1437	ATTACK_VERB	natural_attack_third	scratches
vanilla_creatures/objects/creature_large_tropical.txt	1520	ATTACK_VERB	natural_attack_first	bite
vanilla_creatures/objects/creature_large_tropical.txt	1520	ATTACK_VERB	natural_attack_third	bites
vanilla_creatures/objects/creature_large_tropical.txt	1529	ATTACK_VERB	natural_attack_first	scratch
vanilla_creatures/objects/creature_large_tropical.txt	1529	ATTACK_VERB	natural_attack_third	scratches
vanilla_creatures/objects/creature_large_tropical.txt	1615	ATTACK_VERB	natural_attack_first	bite
vanilla_creatures/objects/creature_large_tropical.txt	1615	ATTACK_VERB	natural_attack_third	bites
vanilla_creatures/objects/creature_large_tropical.txt	1624	ATTACK_VERB	natural_attack_first	scratch
vanilla_creatures/objects/creature_large_tropical.txt	1624	ATTACK_VERB	natural_attack_third	scratches
vanilla_creatures/objects/creature_large_tropical.txt	1707	ATTACK_VERB	natural_attack_first	bite
vanilla_creatures/objects/creature_large_tropical.txt	1707	ATTACK_VERB	natural_attack_third	bites
vanilla_creatures/objects/creature_large_tropical.txt	1716	ATTACK_VERB	natural_attack_first	scratch
vanilla_creatures/objects/creature_large_tropical.txt	1716	ATTACK_VERB	natural_attack_third	scratches
vanilla_creatures/objects/creature_large_tropical.txt	1799	ATTACK_VERB	natural_attack_first	bite
vanilla_creatures/objects/creature_large_tropical.txt	1799	ATTACK_VERB	natural_attack_third	bites
vanilla_creatures/objects/creature_large_tropical.txt	1808	ATTACK_VERB	natural_attack_first	scratch
vanilla_creatures/objects/creature_large_tropical.txt	1808	ATTACK_VERB	natural_attack_third	scratches
vanilla_creatures/objects/creature_large_tropical.txt	1891	ATTACK_VERB	natural_attack_first	bite
vanilla_creatures/objects/creature_large_tropical.txt	1891	ATTACK_VERB	natural_attack_third	bites
vanilla_creatures/objects/creature_large_tropical.txt	1900	ATTACK_VERB	natural_attack_first	scratch
vanilla_creatures/objects/creature_large_tropical.txt	1900	ATTACK_VERB	natural_attack_third	scratches
vanilla_creatures/objects/creature_large_tropical.txt	1984	ATTACK_VERB	natural_attack_first	bite
vanilla_creatures/objects/creature_large_tropical.txt	1984	ATTACK_VERB	natural_attack_third	bites
vanilla_creatures/objects/creature_large_tropical.txt	1993	ATTACK_VERB	natural_attack_first	scratch
vanilla_creatures/objects/creature_large_tropical.txt	1993	ATTACK_VERB	natural_attack_third	scratches
vanilla_creatures/objects/creature_large_tropical.txt	2077	ATTACK_VERB	natural_attack_first	bite
vanilla_creatures/objects/creature_large_tropical.txt	2077	ATTACK_VERB	natural_attack_third	bites
vanilla_creatures/objects/creature_large_tropical.txt	2086	ATTACK_VERB	natural_attack_first	scratch
vanilla_creatures/objects/creature_large_tropical.txt	2086	ATTACK_VERB	natural_attack_third	scratches
vanilla_creatures/objects/creature_large_tropical.txt	2169	ATTACK_VERB	natural_attack_first	bite
vanilla_creatures/objects/creature_large_tropical.txt	2169	ATTACK_VERB	natural_attack_third	bites
vanilla_creatures/objects/creature_large_tropical.txt	2178	ATTACK_VERB	natural_attack_first	scratch
vanilla_creatures/objects/creature_large_tropical.txt	2178	ATTACK_VERB	natural_attack_third	scratches
vanilla_creatures/objects/creature_large_tropical.txt	2261	ATTACK_VERB	natural_attack_first	bite
vanilla_creatures/objects/creature_large_tropical.txt	2261	ATTACK_VERB	natural_attack_third	bites
vanilla_creatures/objects/creature_large_tropical.txt	2270	ATTACK_VERB	natural_attack_first	scratch
vanilla_creatures/objects/creature_large_tropical.txt	2270	ATTACK_VERB	natural_attack_third	scratches
vanilla_creatures/objects/creature_large_tropical.txt	2356	ATTACK_VERB	natural_attack_first	bite
vanilla_creatures/objects/creature_large_tropical.txt	2356	ATTACK_VERB	natural_attack_third	bites
vanilla_creatures/objects/creature_large_tropical.txt	2365	ATTACK_VERB	natural_attack_first	scratch
vanilla_creatures/objects/creature_large_tropical.txt	2365	ATTACK_VERB	natural_attack_third	scratches
vanilla_creatures/objects/creature_large_tropical.txt	2448	ATTACK_VERB	natural_attack_first	bite
vanilla_creatures/objects/creature_large_tropical.txt	2448	ATTACK_VERB	natural_attack_third	bites
vanilla_creatures/objects/creature_large_tropical.txt	2457	ATTACK_VERB	natural_attack_first	scratch
vanilla_creatures/objects/creature_large_tropical.txt	2457	ATTACK_VERB	natural_attack_third	scratches
vanilla_creatures/objects/creature_large_tropical.txt	2540	ATTACK_VERB	natural_attack_first	bite
vanilla_creatures/objects/creature_large_tropical.txt	2540	ATTACK_VERB	natural_attack_third	bites
vanilla_creatures/objects/creature_large_tropical.txt	2549	ATTACK_VERB	natural_attack_first	scratch
vanilla_creatures/objects/creature_large_tropical.txt	2549	ATTACK_VERB	natural_attack_third	scratches
vanilla_creatures/objects/creature_large_tropical.txt	2632	ATTACK_VERB	natural_attack_first	kick
vanilla_creatures/objects/creature_large_tropical.txt	2632	ATTACK_VERB	natural_attack_third	kicks
vanilla_creatures/objects/creature_large_tropical.txt	2640	ATTACK_VERB	natural_attack_first	kick
vanilla_creatures/objects/creature_large_tropical.txt	2640	ATTACK_VERB	natural_attack_third	kicks
vanilla_creatures/objects/creature_large_tropical.txt	2648	ATTACK_VERB	natural_attack_first	bite
vanilla_creatures/objects/creature_large_tropical.txt	2648	ATTACK_VERB	natural_attack_third	bites
vanilla_creatures/objects/creature_large_tropical.txt	2823	ATTACK_VERB	natural_attack_first	kick
vanilla_creatures/objects/creature_large_tropical.txt	2823	ATTACK_VERB	natural_attack_third	kicks
vanilla_creatures/objects/creature_large_tropical.txt	2831	ATTACK_VERB	natural_attack_first	kick
vanilla_creatures/objects/creature_large_tropical.txt	2831	ATTACK_VERB	natural_attack_third	kicks
vanilla_creatures/objects/creature_large_tropical.txt	2839	ATTACK_VERB	natural_attack_first	bite
vanilla_creatures/objects/creature_large_tropical.txt	2839	ATTACK_VERB	natural_attack_third	bites
vanilla_creatures/objects/creature_large_tropical.txt	3033	ATTACK_VERB	natural_attack_first	bite
vanilla_creatures/objects/creature_large_tropical.txt	3033	ATTACK_VERB	natural_attack_third	bites
vanilla_creatures/objects/creature_large_tropical.txt	3187	ATTACK_VERB	natural_attack_first	bite
vanilla_creatures/objects/creature_large_tropical.txt	3187	ATTACK_VERB	natural_attack_third	bites
vanilla_creatures/objects/creature_large_tropical.txt	3196	ATTACK_VERB	natural_attack_first	snatch at
vanilla_creatures/objects/creature_large_tropical.txt	3196	ATTACK_VERB	natural_attack_third	snatches at
vanilla_creatures/objects/creature_large_tropical.txt	3331	ATTACK_VERB	natural_attack_first	kick
vanilla_creatures/objects/creature_large_tropical.txt	3331	ATTACK_VERB	natural_attack_third	kicks
vanilla_creatures/objects/creature_large_tropical.txt	3339	ATTACK_VERB	natural_attack_first	gore
vanilla_creatures/objects/creature_large_tropical.txt	3339	ATTACK_VERB	natural_attack_third	gores
vanilla_creatures/objects/creature_large_tropical.txt	3381	ATTACK_VERB	natural_attack_first	gore
vanilla_creatures/objects/creature_large_tropical.txt	3381	ATTACK_VERB	natural_attack_third	gores
vanilla_creatures/objects/creature_large_tropical.txt	3483	ATTACK_VERB	natural_attack_first	kick
vanilla_creatures/objects/creature_large_tropical.txt	3483	ATTACK_VERB	natural_attack_third	kicks
vanilla_creatures/objects/creature_large_tropical.txt	3622	ATTACK_VERB	natural_attack_first	bite
vanilla_creatures/objects/creature_large_tropical.txt	3622	ATTACK_VERB	natural_attack_third	bites
vanilla_creatures/objects/creature_large_tropical.txt	3631	ATTACK_VERB	natural_attack_first	scratch
vanilla_creatures/objects/creature_large_tropical.txt	3631	ATTACK_VERB	natural_attack_third	scratches
vanilla_creatures/objects/creature_large_tropical.txt	3805	ATTACK_VERB	natural_attack_first	bite
vanilla_creatures/objects/creature_large_tropical.txt	3805	ATTACK_VERB	natural_attack_third	bites
vanilla_creatures/objects/creature_large_tropical.txt	3952	ATTACK_VERB	natural_attack_first	bite
vanilla_creatures/objects/creature_large_tropical.txt	3952	ATTACK_VERB	natural_attack_third	bites
vanilla_creatures/objects/creature_large_tundra.txt	62	ATTACK_VERB	natural_attack_first	kick
vanilla_creatures/objects/creature_large_tundra.txt	62	ATTACK_VERB	natural_attack_third	kicks
vanilla_creatures/objects/creature_large_tundra.txt	70	ATTACK_VERB	natural_attack_first	kick
vanilla_creatures/objects/creature_large_tundra.txt	70	ATTACK_VERB	natural_attack_third	kicks
vanilla_creatures/objects/creature_large_tundra.txt	78	ATTACK_VERB	natural_attack_first	bite
vanilla_creatures/objects/creature_large_tundra.txt	78	ATTACK_VERB	natural_attack_third	bites
vanilla_creatures/objects/creature_large_tundra.txt	231	ATTACK_VERB	natural_attack_first	kick
vanilla_creatures/objects/creature_large_tundra.txt	231	ATTACK_VERB	natural_attack_third	kicks
vanilla_creatures/objects/creature_large_tundra.txt	239	ATTACK_VERB	natural_attack_first	kick
vanilla_creatures/objects/creature_large_tundra.txt	239	ATTACK_VERB	natural_attack_third	kicks
vanilla_creatures/objects/creature_large_tundra.txt	247	ATTACK_VERB	natural_attack_first	bite
vanilla_creatures/objects/creature_large_tundra.txt	247	ATTACK_VERB	natural_attack_third	bites
vanilla_creatures/objects/creature_large_tundra.txt	386	ATTACK_VERB	natural_attack_first	bite
vanilla_creatures/objects/creature_large_tundra.txt	386	ATTACK_VERB	natural_attack_third	bites
vanilla_creatures/objects/creature_large_tundra.txt	395	ATTACK_VERB	natural_attack_first	scratch
vanilla_creatures/objects/creature_large_tundra.txt	395	ATTACK_VERB	natural_attack_third	scratches
vanilla_creatures/objects/creature_mountain_new.txt	65	ATTACK_VERB	natural_attack_first	bite
vanilla_creatures/objects/creature_mountain_new.txt	65	ATTACK_VERB	natural_attack_third	bites
vanilla_creatures/objects/creature_mountain_new.txt	74	ATTACK_VERB	natural_attack_first	scratch
vanilla_creatures/objects/creature_mountain_new.txt	74	ATTACK_VERB	natural_attack_third	scratches
vanilla_creatures/objects/creature_mountain_new.txt	222	ATTACK_VERB	natural_attack_first	bite
vanilla_creatures/objects/creature_mountain_new.txt	222	ATTACK_VERB	natural_attack_third	bites
vanilla_creatures/objects/creature_mountain_new.txt	231	ATTACK_VERB	natural_attack_first	scratch
vanilla_creatures/objects/creature_mountain_new.txt	231	ATTACK_VERB	natural_attack_third	scratches
vanilla_creatures/objects/creature_next_underground.txt	110	ATTACK_VERB	natural_attack_first	bite
vanilla_creatures/objects/creature_next_underground.txt	110	ATTACK_VERB	natural_attack_third	bites
vanilla_creatures/objects/creature_next_underground.txt	119	ATTACK_VERB	natural_attack_first	scratch
vanilla_creatures/objects/creature_next_underground.txt	119	ATTACK_VERB	natural_attack_third	scratches
vanilla_creatures/objects/creature_next_underground.txt	254	ATTACK_VERB	natural_attack_first	bite
vanilla_creatures/objects/creature_next_underground.txt	254	ATTACK_VERB	natural_attack_third	bites
vanilla_creatures/objects/creature_next_underground.txt	330	ATTACK_VERB	natural_attack_first	punch
vanilla_creatures/objects/creature_next_underground.txt	330	ATTACK_VERB	natural_attack_third	punches
vanilla_creatures/objects/creature_next_underground.txt	337	ATTACK_VERB	natural_attack_first	kick
vanilla_creatures/objects/creature_next_underground.txt	337	ATTACK_VERB	natural_attack_third	kicks
vanilla_creatures/objects/creature_next_underground.txt	345	ATTACK_VERB	natural_attack_first	bite
vanilla_creatures/objects/creature_next_underground.txt	345	ATTACK_VERB	natural_attack_third	bites
vanilla_creatures/objects/creature_next_underground.txt	422	ATTACK_VERB	natural_attack_first	bite
vanilla_creatures/objects/creature_next_underground.txt	422	ATTACK_VERB	natural_attack_third	bites
vanilla_creatures/objects/creature_next_underground.txt	574	ATTACK_VERB	natural_attack_first	scratch
vanilla_creatures/objects/creature_next_underground.txt	574	ATTACK_VERB	natural_attack_third	scratches
vanilla_creatures/objects/creature_next_underground.txt	582	ATTACK_VERB	natural_attack_first	punch
vanilla_creatures/objects/creature_next_underground.txt	582	ATTACK_VERB	natural_attack_third	punches
vanilla_creatures/objects/creature_next_underground.txt	589	ATTACK_VERB	natural_attack_first	kick
vanilla_creatures/objects/creature_next_underground.txt	589	ATTACK_VERB	natural_attack_third	kicks
vanilla_creatures/objects/creature_next_underground.txt	597	ATTACK_VERB	natural_attack_first	bite
vanilla_creatures/objects/creature_next_underground.txt	597	ATTACK_VERB	natural_attack_third	bites
vanilla_creatures/objects/creature_next_underground.txt	680	ATTACK_VERB	natural_attack_first	bite
vanilla_creatures/objects/creature_next_underground.txt	680	ATTACK_VERB	natural_attack_third	bites
vanilla_creatures/objects/creature_next_underground.txt	818	ATTACK_VERB	natural_attack_first	bite
vanilla_creatures/objects/creature_next_underground.txt	818	ATTACK_VERB	natural_attack_third	bites
vanilla_creatures/objects/creature_next_underground.txt	827	ATTACK_VERB	natural_attack_first	snatch at
vanilla_creatures/objects/creature_next_underground.txt	827	ATTACK_VERB	natural_attack_third	snatches at
vanilla_creatures/objects/creature_next_underground.txt	937	ATTACK_VERB	natural_attack_first	bite
vanilla_creatures/objects/creature_next_underground.txt	937	ATTACK_VERB	natural_attack_third	bites
vanilla_creatures/objects/creature_next_underground.txt	1016	ATTACK_VERB	natural_attack_first	bite
vanilla_creatures/objects/creature_next_underground.txt	1016	ATTACK_VERB	natural_attack_third	bites
vanilla_creatures/objects/creature_next_underground.txt	1090	ATTACK_VERB	natural_attack_first	kick
vanilla_creatures/objects/creature_next_underground.txt	1090	ATTACK_VERB	natural_attack_third	kicks
vanilla_creatures/objects/creature_next_underground.txt	1098	ATTACK_VERB	natural_attack_first	bite
vanilla_creatures/objects/creature_next_underground.txt	1098	ATTACK_VERB	natural_attack_third	bites
vanilla_creatures/objects/creature_next_underground.txt	1223	ATTACK_VERB	natural_attack_first	kick
vanilla_creatures/objects/creature_next_underground.txt	1223	ATTACK_VERB	natural_attack_third	kicks
vanilla_creatures/objects/creature_next_underground.txt	1231	ATTACK_VERB	natural_attack_first	bite
vanilla_creatures/objects/creature_next_underground.txt	1231	ATTACK_VERB	natural_attack_third	bites
vanilla_creatures/objects/creature_next_underground.txt	1369	ATTACK_VERB	natural_attack_first	punch
vanilla_creatures/objects/creature_next_underground.txt	1369	ATTACK_VERB	natural_attack_third	punches
vanilla_creatures/objects/creature_next_underground.txt	1376	ATTACK_VERB	natural_attack_first	kick
vanilla_creatures/objects/creature_next_underground.txt	1376	ATTACK_VERB	natural_attack_third	kicks
vanilla_creatures/objects/creature_next_underground.txt	1437	ATTACK_VERB	natural_attack_first	bite
vanilla_creatures/objects/creature_next_underground.txt	1437	ATTACK_VERB	natural_attack_third	bites
vanilla_creatures/objects/creature_next_underground.txt	1515	ATTACK_VERB	natural_attack_first	bite
vanilla_creatures/objects/creature_next_underground.txt	1515	ATTACK_VERB	natural_attack_third	bites
vanilla_creatures/objects/creature_next_underground.txt	1524	ATTACK_VERB	natural_attack_first	scratch
vanilla_creatures/objects/creature_next_underground.txt	1524	ATTACK_VERB	natural_attack_third	scratches
vanilla_creatures/objects/creature_next_underground.txt	1605	ATTACK_VERB	natural_attack_first	bite
vanilla_creatures/objects/creature_next_underground.txt	1605	ATTACK_VERB	natural_attack_third	bites
vanilla_creatures/objects/creature_next_underground.txt	1614	ATTACK_VERB	natural_attack_first	scratch
vanilla_creatures/objects/creature_next_underground.txt	1614	ATTACK_VERB	natural_attack_third	scratches
vanilla_creatures/objects/creature_next_underground.txt	1710	ATTACK_VERB	natural_attack_first	bite
vanilla_creatures/objects/creature_next_underground.txt	1710	ATTACK_VERB	natural_attack_third	bites
vanilla_creatures/objects/creature_next_underground.txt	1719	ATTACK_VERB	natural_attack_first	snatch at
vanilla_creatures/objects/creature_next_underground.txt	1719	ATTACK_VERB	natural_attack_third	snatches at
vanilla_creatures/objects/creature_next_underground.txt	1795	ATTACK_VERB	natural_attack_first	bite
vanilla_creatures/objects/creature_next_underground.txt	1795	ATTACK_VERB	natural_attack_third	bites
vanilla_creatures/objects/creature_next_underground.txt	1804	ATTACK_VERB	natural_attack_first	stab at
vanilla_creatures/objects/creature_next_underground.txt	1804	ATTACK_VERB	natural_attack_third	stabs at
vanilla_creatures/objects/creature_next_underground.txt	1874	ATTACK_VERB	natural_attack_first	bite
vanilla_creatures/objects/creature_next_underground.txt	1874	ATTACK_VERB	natural_attack_third	bites
vanilla_creatures/objects/creature_next_underground.txt	1883	ATTACK_VERB	natural_attack_first	scratch
vanilla_creatures/objects/creature_next_underground.txt	1883	ATTACK_VERB	natural_attack_third	scratches
vanilla_creatures/objects/creature_next_underground.txt	1970	ATTACK_VERB	natural_attack_first	bite
vanilla_creatures/objects/creature_next_underground.txt	1970	ATTACK_VERB	natural_attack_third	bites
vanilla_creatures/objects/creature_next_underground.txt	1979	ATTACK_VERB	natural_attack_first	claw
vanilla_creatures/objects/creature_next_underground.txt	1979	ATTACK_VERB	natural_attack_third	claws
vanilla_creatures/objects/creature_next_underground.txt	2067	ATTACK_VERB	natural_attack_first	punch
vanilla_creatures/objects/creature_next_underground.txt	2067	ATTACK_VERB	natural_attack_third	punches
vanilla_creatures/objects/creature_next_underground.txt	2074	ATTACK_VERB	natural_attack_first	kick
vanilla_creatures/objects/creature_next_underground.txt	2074	ATTACK_VERB	natural_attack_third	kicks
vanilla_creatures/objects/creature_next_underground.txt	2082	ATTACK_VERB	natural_attack_first	scratch
vanilla_creatures/objects/creature_next_underground.txt	2082	ATTACK_VERB	natural_attack_third	scratches
vanilla_creatures/objects/creature_next_underground.txt	2090	ATTACK_VERB	natural_attack_first	bite
vanilla_creatures/objects/creature_next_underground.txt	2090	ATTACK_VERB	natural_attack_third	bites
vanilla_creatures/objects/creature_next_underground.txt	2167	ATTACK_VERB	natural_attack_first	punch
vanilla_creatures/objects/creature_next_underground.txt	2167	ATTACK_VERB	natural_attack_third	punches
vanilla_creatures/objects/creature_next_underground.txt	2174	ATTACK_VERB	natural_attack_first	kick
vanilla_creatures/objects/creature_next_underground.txt	2174	ATTACK_VERB	natural_attack_third	kicks
vanilla_creatures/objects/creature_next_underground.txt	2272	ATTACK_VERB	natural_attack_first	bite
vanilla_creatures/objects/creature_next_underground.txt	2272	ATTACK_VERB	natural_attack_third	bites
vanilla_creatures/objects/creature_next_underground.txt	2281	ATTACK_VERB	natural_attack_first	punch
vanilla_creatures/objects/creature_next_underground.txt	2281	ATTACK_VERB	natural_attack_third	punches
vanilla_creatures/objects/creature_next_underground.txt	2288	ATTACK_VERB	natural_attack_first	scratch
vanilla_creatures/objects/creature_next_underground.txt	2288	ATTACK_VERB	natural_attack_third	scratches
vanilla_creatures/objects/creature_next_underground.txt	2466	ATTACK_VERB	natural_attack_first	punch
vanilla_creatures/objects/creature_next_underground.txt	2466	ATTACK_VERB	natural_attack_third	punches
vanilla_creatures/objects/creature_next_underground.txt	2473	ATTACK_VERB	natural_attack_first	kick
vanilla_creatures/objects/creature_next_underground.txt	2473	ATTACK_VERB	natural_attack_third	kicks
vanilla_creatures/objects/creature_next_underground.txt	2619	ATTACK_VERB	natural_attack_first	punch
vanilla_creatures/objects/creature_next_underground.txt	2619	ATTACK_VERB	natural_attack_third	punches
vanilla_creatures/objects/creature_next_underground.txt	2626	ATTACK_VERB	natural_attack_first	kick
vanilla_creatures/objects/creature_next_underground.txt	2626	ATTACK_VERB	natural_attack_third	kicks
vanilla_creatures/objects/creature_ocean_new.txt	40	ATTACK_VERB	natural_attack_first	bite
vanilla_creatures/objects/creature_ocean_new.txt	40	ATTACK_VERB	natural_attack_third	bites
vanilla_creatures/objects/creature_ocean_new.txt	326	ATTACK_VERB	natural_attack_first	bite
vanilla_creatures/objects/creature_ocean_new.txt	326	ATTACK_VERB	natural_attack_third	bites
vanilla_creatures/objects/creature_ocean_new.txt	448	ATTACK_VERB	natural_attack_first	bite
vanilla_creatures/objects/creature_ocean_new.txt	448	ATTACK_VERB	natural_attack_third	bites
vanilla_creatures/objects/creature_ocean_new.txt	619	ATTACK_VERB	natural_attack_first	bite
vanilla_creatures/objects/creature_ocean_new.txt	619	ATTACK_VERB	natural_attack_third	bites
vanilla_creatures/objects/creature_ocean_new.txt	628	ATTACK_VERB	natural_attack_first	slap
vanilla_creatures/objects/creature_ocean_new.txt	628	ATTACK_VERB	natural_attack_third	slaps
vanilla_creatures/objects/creature_ocean_new.txt	944	ATTACK_VERB	natural_attack_first	bite
vanilla_creatures/objects/creature_ocean_new.txt	944	ATTACK_VERB	natural_attack_third	bites
vanilla_creatures/objects/creature_ocean_new.txt	953	ATTACK_VERB	natural_attack_first	slap
vanilla_creatures/objects/creature_ocean_new.txt	953	ATTACK_VERB	natural_attack_third	slaps
vanilla_creatures/objects/creature_ocean_new.txt	1075	ATTACK_VERB	natural_attack_first	bite
vanilla_creatures/objects/creature_ocean_new.txt	1075	ATTACK_VERB	natural_attack_third	bites
vanilla_creatures/objects/creature_ocean_new.txt	1212	ATTACK_VERB	natural_attack_first	bite
vanilla_creatures/objects/creature_ocean_new.txt	1212	ATTACK_VERB	natural_attack_third	bites
vanilla_creatures/objects/creature_ocean_new.txt	1334	ATTACK_VERB	natural_attack_first	bite
vanilla_creatures/objects/creature_ocean_new.txt	1334	ATTACK_VERB	natural_attack_third	bites
vanilla_creatures/objects/creature_other.txt	55	ATTACK_VERB	natural_attack_first	bite
vanilla_creatures/objects/creature_other.txt	55	ATTACK_VERB	natural_attack_third	bites
vanilla_creatures/objects/creature_other.txt	64	ATTACK_VERB	natural_attack_first	scratch
vanilla_creatures/objects/creature_other.txt	64	ATTACK_VERB	natural_attack_third	scratches
vanilla_creatures/objects/creature_other.txt	144	ATTACK_VERB	natural_attack_first	bite
vanilla_creatures/objects/creature_other.txt	144	ATTACK_VERB	natural_attack_third	bites
vanilla_creatures/objects/creature_other.txt	209	ATTACK_VERB	natural_attack_first	bite
vanilla_creatures/objects/creature_other.txt	209	ATTACK_VERB	natural_attack_third	bites
vanilla_creatures/objects/creature_other.txt	218	ATTACK_VERB	natural_attack_first	scratch
vanilla_creatures/objects/creature_other.txt	218	ATTACK_VERB	natural_attack_third	scratches
vanilla_creatures/objects/creature_other.txt	369	ATTACK_VERB	natural_attack_first	bite
vanilla_creatures/objects/creature_other.txt	369	ATTACK_VERB	natural_attack_third	bites
vanilla_creatures/objects/creature_reptiles.txt	63	ATTACK_VERB	natural_attack_first	bite
vanilla_creatures/objects/creature_reptiles.txt	63	ATTACK_VERB	natural_attack_third	bites
vanilla_creatures/objects/creature_reptiles.txt	194	ATTACK_VERB	natural_attack_first	bite
vanilla_creatures/objects/creature_reptiles.txt	194	ATTACK_VERB	natural_attack_third	bites
vanilla_creatures/objects/creature_reptiles.txt	331	ATTACK_VERB	natural_attack_first	bite
vanilla_creatures/objects/creature_reptiles.txt	331	ATTACK_VERB	natural_attack_third	bites
vanilla_creatures/objects/creature_reptiles.txt	465	ATTACK_VERB	natural_attack_first	bite
vanilla_creatures/objects/creature_reptiles.txt	465	ATTACK_VERB	natural_attack_third	bites
vanilla_creatures/objects/creature_reptiles.txt	601	ATTACK_VERB	natural_attack_first	bite
vanilla_creatures/objects/creature_reptiles.txt	601	ATTACK_VERB	natural_attack_third	bites
vanilla_creatures/objects/creature_riverlakepool_new.txt	67	ATTACK_VERB	natural_attack_first	bite
vanilla_creatures/objects/creature_riverlakepool_new.txt	67	ATTACK_VERB	natural_attack_third	bites
vanilla_creatures/objects/creature_riverlakepool_new.txt	76	ATTACK_VERB	natural_attack_first	scratch
vanilla_creatures/objects/creature_riverlakepool_new.txt	76	ATTACK_VERB	natural_attack_third	scratches
vanilla_creatures/objects/creature_riverlakepool_new.txt	163	ATTACK_VERB	natural_attack_first	bite
vanilla_creatures/objects/creature_riverlakepool_new.txt	163	ATTACK_VERB	natural_attack_third	bites
vanilla_creatures/objects/creature_riverlakepool_new.txt	172	ATTACK_VERB	natural_attack_first	scratch
vanilla_creatures/objects/creature_riverlakepool_new.txt	172	ATTACK_VERB	natural_attack_third	scratches
vanilla_creatures/objects/creature_riverlakepool_new.txt	325	ATTACK_VERB	natural_attack_first	bite
vanilla_creatures/objects/creature_riverlakepool_new.txt	325	ATTACK_VERB	natural_attack_third	bites
vanilla_creatures/objects/creature_riverlakepool_new.txt	417	ATTACK_VERB	natural_attack_first	bite
vanilla_creatures/objects/creature_riverlakepool_new.txt	417	ATTACK_VERB	natural_attack_third	bites
vanilla_creatures/objects/creature_riverlakepool_new.txt	554	ATTACK_VERB	natural_attack_first	bite
vanilla_creatures/objects/creature_riverlakepool_new.txt	554	ATTACK_VERB	natural_attack_third	bites
vanilla_creatures/objects/creature_riverlakepool_new.txt	563	ATTACK_VERB	natural_attack_first	scratch
vanilla_creatures/objects/creature_riverlakepool_new.txt	563	ATTACK_VERB	natural_attack_third	scratches
vanilla_creatures/objects/creature_riverlakepool_new.txt	683	ATTACK_VERB	natural_attack_first	bite
vanilla_creatures/objects/creature_riverlakepool_new.txt	683	ATTACK_VERB	natural_attack_third	bites
vanilla_creatures/objects/creature_riverlakepool_new.txt	806	ATTACK_VERB	natural_attack_first	bite
vanilla_creatures/objects/creature_riverlakepool_new.txt	806	ATTACK_VERB	natural_attack_third	bites
vanilla_creatures/objects/creature_riverlakepool_new.txt	937	ATTACK_VERB	natural_attack_first	bite
vanilla_creatures/objects/creature_riverlakepool_new.txt	937	ATTACK_VERB	natural_attack_third	bites
vanilla_creatures/objects/creature_riverlakepool_new.txt	946	ATTACK_VERB	natural_attack_first	scratch
vanilla_creatures/objects/creature_riverlakepool_new.txt	946	ATTACK_VERB	natural_attack_third	scratches
vanilla_creatures/objects/creature_riverlakepool_new.txt	1092	ATTACK_VERB	natural_attack_first	bite
vanilla_creatures/objects/creature_riverlakepool_new.txt	1092	ATTACK_VERB	natural_attack_third	bites
vanilla_creatures/objects/creature_small_mammals.txt	61	ATTACK_VERB	natural_attack_first	bite
vanilla_creatures/objects/creature_small_mammals.txt	61	ATTACK_VERB	natural_attack_third	bites
vanilla_creatures/objects/creature_small_mammals.txt	70	ATTACK_VERB	natural_attack_first	scratch
vanilla_creatures/objects/creature_small_mammals.txt	70	ATTACK_VERB	natural_attack_third	scratches
vanilla_creatures/objects/creature_small_mammals.txt	175	ATTACK_VERB	natural_attack_first	bite
vanilla_creatures/objects/creature_small_mammals.txt	175	ATTACK_VERB	natural_attack_third	bites
vanilla_creatures/objects/creature_small_mammals.txt	184	ATTACK_VERB	natural_attack_first	scratch
vanilla_creatures/objects/creature_small_mammals.txt	184	ATTACK_VERB	natural_attack_third	scratches
vanilla_creatures/objects/creature_small_mammals.txt	316	ATTACK_VERB	natural_attack_first	bite
vanilla_creatures/objects/creature_small_mammals.txt	316	ATTACK_VERB	natural_attack_third	bites
vanilla_creatures/objects/creature_small_mammals.txt	325	ATTACK_VERB	natural_attack_first	scratch
vanilla_creatures/objects/creature_small_mammals.txt	325	ATTACK_VERB	natural_attack_third	scratches
vanilla_creatures/objects/creature_small_mammals.txt	457	ATTACK_VERB	natural_attack_first	bite
vanilla_creatures/objects/creature_small_mammals.txt	457	ATTACK_VERB	natural_attack_third	bites
vanilla_creatures/objects/creature_small_mammals.txt	466	ATTACK_VERB	natural_attack_first	scratch
vanilla_creatures/objects/creature_small_mammals.txt	466	ATTACK_VERB	natural_attack_third	scratches
vanilla_creatures/objects/creature_small_mammal_new.txt	59	ATTACK_VERB	natural_attack_first	bite
vanilla_creatures/objects/creature_small_mammal_new.txt	59	ATTACK_VERB	natural_attack_third	bites
vanilla_creatures/objects/creature_small_mammal_new.txt	68	ATTACK_VERB	natural_attack_first	scratch
vanilla_creatures/objects/creature_small_mammal_new.txt	68	ATTACK_VERB	natural_attack_third	scratches
vanilla_creatures/objects/creature_small_mammal_new.txt	207	ATTACK_VERB	natural_attack_first	bite
vanilla_creatures/objects/creature_small_mammal_new.txt	207	ATTACK_VERB	natural_attack_third	bites
vanilla_creatures/objects/creature_small_mammal_new.txt	216	ATTACK_VERB	natural_attack_first	scratch
vanilla_creatures/objects/creature_small_mammal_new.txt	216	ATTACK_VERB	natural_attack_third	scratches
vanilla_creatures/objects/creature_small_mammal_new.txt	353	ATTACK_VERB	natural_attack_first	bite
vanilla_creatures/objects/creature_small_mammal_new.txt	353	ATTACK_VERB	natural_attack_third	bites
vanilla_creatures/objects/creature_small_mammal_new.txt	362	ATTACK_VERB	natural_attack_first	scratch
vanilla_creatures/objects/creature_small_mammal_new.txt	362	ATTACK_VERB	natural_attack_third	scratches
vanilla_creatures/objects/creature_small_ocean.txt	169	ATTACK_VERB	natural_attack_first	bite
vanilla_creatures/objects/creature_small_ocean.txt	169	ATTACK_VERB	natural_attack_third	bites
vanilla_creatures/objects/creature_small_ocean.txt	239	ATTACK_VERB	natural_attack_first	bite
vanilla_creatures/objects/creature_small_ocean.txt	239	ATTACK_VERB	natural_attack_third	bites
vanilla_creatures/objects/creature_small_ocean.txt	307	ATTACK_VERB	natural_attack_first	bite
vanilla_creatures/objects/creature_small_ocean.txt	307	ATTACK_VERB	natural_attack_third	bites
vanilla_creatures/objects/creature_small_ocean.txt	376	ATTACK_VERB	natural_attack_first	bite
vanilla_creatures/objects/creature_small_ocean.txt	376	ATTACK_VERB	natural_attack_third	bites
vanilla_creatures/objects/creature_small_ocean.txt	444	ATTACK_VERB	natural_attack_first	bite
vanilla_creatures/objects/creature_small_ocean.txt	444	ATTACK_VERB	natural_attack_third	bites
vanilla_creatures/objects/creature_small_ocean.txt	511	ATTACK_VERB	natural_attack_first	bite
vanilla_creatures/objects/creature_small_ocean.txt	511	ATTACK_VERB	natural_attack_third	bites
vanilla_creatures/objects/creature_small_ocean.txt	581	ATTACK_VERB	natural_attack_first	bite
vanilla_creatures/objects/creature_small_ocean.txt	581	ATTACK_VERB	natural_attack_third	bites
vanilla_creatures/objects/creature_small_ocean.txt	653	ATTACK_VERB	natural_attack_first	bite
vanilla_creatures/objects/creature_small_ocean.txt	653	ATTACK_VERB	natural_attack_third	bites
vanilla_creatures/objects/creature_small_ocean.txt	728	ATTACK_VERB	natural_attack_first	bite
vanilla_creatures/objects/creature_small_ocean.txt	728	ATTACK_VERB	natural_attack_third	bites
vanilla_creatures/objects/creature_small_ocean.txt	799	ATTACK_VERB	natural_attack_first	bite
vanilla_creatures/objects/creature_small_ocean.txt	799	ATTACK_VERB	natural_attack_third	bites
vanilla_creatures/objects/creature_small_ocean.txt	873	ATTACK_VERB	natural_attack_first	bite
vanilla_creatures/objects/creature_small_ocean.txt	873	ATTACK_VERB	natural_attack_third	bites
vanilla_creatures/objects/creature_small_ocean.txt	945	ATTACK_VERB	natural_attack_first	bite
vanilla_creatures/objects/creature_small_ocean.txt	945	ATTACK_VERB	natural_attack_third	bites
vanilla_creatures/objects/creature_small_ocean.txt	1010	ATTACK_VERB	natural_attack_first	bite
vanilla_creatures/objects/creature_small_ocean.txt	1010	ATTACK_VERB	natural_attack_third	bites
vanilla_creatures/objects/creature_small_ocean.txt	1081	ATTACK_VERB	natural_attack_first	bite
vanilla_creatures/objects/creature_small_ocean.txt	1081	ATTACK_VERB	natural_attack_third	bites
vanilla_creatures/objects/creature_small_ocean.txt	1145	ATTACK_VERB	natural_attack_first	bite
vanilla_creatures/objects/creature_small_ocean.txt	1145	ATTACK_VERB	natural_attack_third	bites
vanilla_creatures/objects/creature_small_ocean.txt	1216	ATTACK_VERB	natural_attack_first	bite
vanilla_creatures/objects/creature_small_ocean.txt	1216	ATTACK_VERB	natural_attack_third	bites
vanilla_creatures/objects/creature_small_ocean.txt	1286	ATTACK_VERB	natural_attack_first	bite
vanilla_creatures/objects/creature_small_ocean.txt	1286	ATTACK_VERB	natural_attack_third	bites
vanilla_creatures/objects/creature_small_ocean.txt	1358	ATTACK_VERB	natural_attack_first	bite
vanilla_creatures/objects/creature_small_ocean.txt	1358	ATTACK_VERB	natural_attack_third	bites
vanilla_creatures/objects/creature_small_ocean.txt	1456	ATTACK_VERB	natural_attack_first	bite
vanilla_creatures/objects/creature_small_ocean.txt	1456	ATTACK_VERB	natural_attack_third	bites
vanilla_creatures/objects/creature_small_riverlake.txt	61	ATTACK_VERB	natural_attack_first	bite
vanilla_creatures/objects/creature_small_riverlake.txt	61	ATTACK_VERB	natural_attack_third	bites
vanilla_creatures/objects/creature_small_riverlake.txt	134	ATTACK_VERB	natural_attack_first	bite
vanilla_creatures/objects/creature_small_riverlake.txt	134	ATTACK_VERB	natural_attack_third	bites
vanilla_creatures/objects/creature_small_riverlake.txt	205	ATTACK_VERB	natural_attack_first	bite
vanilla_creatures/objects/creature_small_riverlake.txt	205	ATTACK_VERB	natural_attack_third	bites
vanilla_creatures/objects/creature_small_riverlake.txt	276	ATTACK_VERB	natural_attack_first	bite
vanilla_creatures/objects/creature_small_riverlake.txt	276	ATTACK_VERB	natural_attack_third	bites
vanilla_creatures/objects/creature_small_riverlake.txt	347	ATTACK_VERB	natural_attack_first	bite
vanilla_creatures/objects/creature_small_riverlake.txt	347	ATTACK_VERB	natural_attack_third	bites
vanilla_creatures/objects/creature_small_riverlake.txt	418	ATTACK_VERB	natural_attack_first	bite
vanilla_creatures/objects/creature_small_riverlake.txt	418	ATTACK_VERB	natural_attack_third	bites
vanilla_creatures/objects/creature_small_riverlake.txt	489	ATTACK_VERB	natural_attack_first	bite
vanilla_creatures/objects/creature_small_riverlake.txt	489	ATTACK_VERB	natural_attack_third	bites
vanilla_creatures/objects/creature_small_riverlake.txt	560	ATTACK_VERB	natural_attack_first	bite
vanilla_creatures/objects/creature_small_riverlake.txt	560	ATTACK_VERB	natural_attack_third	bites
vanilla_creatures/objects/creature_small_riverlake.txt	635	ATTACK_VERB	natural_attack_first	bite
vanilla_creatures/objects/creature_small_riverlake.txt	635	ATTACK_VERB	natural_attack_third	bites
vanilla_creatures/objects/creature_small_riverlake.txt	710	ATTACK_VERB	natural_attack_first	bite
vanilla_creatures/objects/creature_small_riverlake.txt	710	ATTACK_VERB	natural_attack_third	bites
vanilla_creatures/objects/creature_small_riverlake.txt	781	ATTACK_VERB	natural_attack_first	bite
vanilla_creatures/objects/creature_small_riverlake.txt	781	ATTACK_VERB	natural_attack_third	bites
vanilla_creatures/objects/creature_standard.txt	219	ATTACK_VERB	natural_attack_first	punch
vanilla_creatures/objects/creature_standard.txt	219	ATTACK_VERB	natural_attack_third	punches
vanilla_creatures/objects/creature_standard.txt	230	ATTACK_VERB	natural_attack_first	kick
vanilla_creatures/objects/creature_standard.txt	230	ATTACK_VERB	natural_attack_third	kicks
vanilla_creatures/objects/creature_standard.txt	241	ATTACK_VERB	natural_attack_first	scratch
vanilla_creatures/objects/creature_standard.txt	241	ATTACK_VERB	natural_attack_third	scratches
vanilla_creatures/objects/creature_standard.txt	252	ATTACK_VERB	natural_attack_first	bite
vanilla_creatures/objects/creature_standard.txt	252	ATTACK_VERB	natural_attack_third	bites
vanilla_creatures/objects/creature_standard.txt	591	ATTACK_VERB	natural_attack_first	punch
vanilla_creatures/objects/creature_standard.txt	591	ATTACK_VERB	natural_attack_third	punches
vanilla_creatures/objects/creature_standard.txt	598	ATTACK_VERB	natural_attack_first	kick
vanilla_creatures/objects/creature_standard.txt	598	ATTACK_VERB	natural_attack_third	kicks
vanilla_creatures/objects/creature_standard.txt	606	ATTACK_VERB	natural_attack_first	scratch
vanilla_creatures/objects/creature_standard.txt	606	ATTACK_VERB	natural_attack_third	scratches
vanilla_creatures/objects/creature_standard.txt	614	ATTACK_VERB	natural_attack_first	bite
vanilla_creatures/objects/creature_standard.txt	614	ATTACK_VERB	natural_attack_third	bites
vanilla_creatures/objects/creature_standard.txt	892	ATTACK_VERB	natural_attack_first	punch
vanilla_creatures/objects/creature_standard.txt	892	ATTACK_VERB	natural_attack_third	punches
vanilla_creatures/objects/creature_standard.txt	899	ATTACK_VERB	natural_attack_first	kick
vanilla_creatures/objects/creature_standard.txt	899	ATTACK_VERB	natural_attack_third	kicks
vanilla_creatures/objects/creature_standard.txt	907	ATTACK_VERB	natural_attack_first	scratch
vanilla_creatures/objects/creature_standard.txt	907	ATTACK_VERB	natural_attack_third	scratches
vanilla_creatures/objects/creature_standard.txt	915	ATTACK_VERB	natural_attack_first	bite
vanilla_creatures/objects/creature_standard.txt	915	ATTACK_VERB	natural_attack_third	bites
vanilla_creatures/objects/creature_standard.txt	1171	ATTACK_VERB	natural_attack_first	punch
vanilla_creatures/objects/creature_standard.txt	1171	ATTACK_VERB	natural_attack_third	punches
vanilla_creatures/objects/creature_standard.txt	1178	ATTACK_VERB	natural_attack_first	kick
vanilla_creatures/objects/creature_standard.txt	1178	ATTACK_VERB	natural_attack_third	kicks
vanilla_creatures/objects/creature_standard.txt	1186	ATTACK_VERB	natural_attack_first	scratch
vanilla_creatures/objects/creature_standard.txt	1186	ATTACK_VERB	natural_attack_third	scratches
vanilla_creatures/objects/creature_standard.txt	1194	ATTACK_VERB	natural_attack_first	bite
vanilla_creatures/objects/creature_standard.txt	1194	ATTACK_VERB	natural_attack_third	bites
vanilla_creatures/objects/creature_standard.txt	1440	ATTACK_VERB	natural_attack_first	punch
vanilla_creatures/objects/creature_standard.txt	1440	ATTACK_VERB	natural_attack_third	punches
vanilla_creatures/objects/creature_standard.txt	1447	ATTACK_VERB	natural_attack_first	kick
vanilla_creatures/objects/creature_standard.txt	1447	ATTACK_VERB	natural_attack_third	kicks
vanilla_creatures/objects/creature_standard.txt	1455	ATTACK_VERB	natural_attack_first	scratch
vanilla_creatures/objects/creature_standard.txt	1455	ATTACK_VERB	natural_attack_third	scratches
vanilla_creatures/objects/creature_standard.txt	1463	ATTACK_VERB	natural_attack_first	bite
vanilla_creatures/objects/creature_standard.txt	1463	ATTACK_VERB	natural_attack_third	bites
vanilla_creatures/objects/creature_standard.txt	1666	ATTACK_VERB	natural_attack_first	punch
vanilla_creatures/objects/creature_standard.txt	1666	ATTACK_VERB	natural_attack_third	punches
vanilla_creatures/objects/creature_standard.txt	1673	ATTACK_VERB	natural_attack_first	kick
vanilla_creatures/objects/creature_standard.txt	1673	ATTACK_VERB	natural_attack_third	kicks
vanilla_creatures/objects/creature_standard.txt	1681	ATTACK_VERB	natural_attack_first	scratch
vanilla_creatures/objects/creature_standard.txt	1681	ATTACK_VERB	natural_attack_third	scratches
vanilla_creatures/objects/creature_standard.txt	1689	ATTACK_VERB	natural_attack_first	bite
vanilla_creatures/objects/creature_standard.txt	1689	ATTACK_VERB	natural_attack_third	bites
vanilla_creatures/objects/creature_standard.txt	1845	ATTACK_VERB	natural_attack_first	punch
vanilla_creatures/objects/creature_standard.txt	1845	ATTACK_VERB	natural_attack_third	punches
vanilla_creatures/objects/creature_standard.txt	1852	ATTACK_VERB	natural_attack_first	kick
vanilla_creatures/objects/creature_standard.txt	1852	ATTACK_VERB	natural_attack_third	kicks
vanilla_creatures/objects/creature_standard.txt	1860	ATTACK_VERB	natural_attack_first	scratch
vanilla_creatures/objects/creature_standard.txt	1860	ATTACK_VERB	natural_attack_third	scratches
vanilla_creatures/objects/creature_standard.txt	1868	ATTACK_VERB	natural_attack_first	bite
vanilla_creatures/objects/creature_standard.txt	1868	ATTACK_VERB	natural_attack_third	bites
vanilla_creatures/objects/creature_standard.txt	1877	ATTACK_VERB	natural_attack_first	gore
vanilla_creatures/objects/creature_standard.txt	1877	ATTACK_VERB	natural_attack_third	gores
vanilla_creatures/objects/creature_standard.txt	1884	ATTACK_VERB	natural_attack_first	gore
vanilla_creatures/objects/creature_standard.txt	1884	ATTACK_VERB	natural_attack_third	gores
vanilla_creatures/objects/creature_standard.txt	2043	ATTACK_VERB	natural_attack_first	punch
vanilla_creatures/objects/creature_standard.txt	2043	ATTACK_VERB	natural_attack_third	punches
vanilla_creatures/objects/creature_standard.txt	2050	ATTACK_VERB	natural_attack_first	kick
vanilla_creatures/objects/creature_standard.txt	2050	ATTACK_VERB	natural_attack_third	kicks
vanilla_creatures/objects/creature_standard.txt	2058	ATTACK_VERB	natural_attack_first	scratch
vanilla_creatures/objects/creature_standard.txt	2058	ATTACK_VERB	natural_attack_third	scratches
vanilla_creatures/objects/creature_standard.txt	2066	ATTACK_VERB	natural_attack_first	bite
vanilla_creatures/objects/creature_standard.txt	2066	ATTACK_VERB	natural_attack_third	bites
vanilla_creatures/objects/creature_standard.txt	2157	ATTACK_VERB	natural_attack_first	stab
vanilla_creatures/objects/creature_standard.txt	2157	ATTACK_VERB	natural_attack_third	stabs
vanilla_creatures/objects/creature_standard.txt	2165	ATTACK_VERB	natural_attack_first	kick
vanilla_creatures/objects/creature_standard.txt	2165	ATTACK_VERB	natural_attack_third	kicks
vanilla_creatures/objects/creature_standard.txt	2173	ATTACK_VERB	natural_attack_first	kick
vanilla_creatures/objects/creature_standard.txt	2173	ATTACK_VERB	natural_attack_third	kicks
vanilla_creatures/objects/creature_standard.txt	2181	ATTACK_VERB	natural_attack_first	bite
vanilla_creatures/objects/creature_standard.txt	2181	ATTACK_VERB	natural_attack_third	bites
vanilla_creatures/objects/creature_standard.txt	2289	ATTACK_VERB	natural_attack_first	bite
vanilla_creatures/objects/creature_standard.txt	2289	ATTACK_VERB	natural_attack_third	bites
vanilla_creatures/objects/creature_standard.txt	2298	ATTACK_VERB	natural_attack_first	claw
vanilla_creatures/objects/creature_standard.txt	2298	ATTACK_VERB	natural_attack_third	claws
vanilla_creatures/objects/creature_standard.txt	2499	ATTACK_VERB	natural_attack_first	punch
vanilla_creatures/objects/creature_standard.txt	2499	ATTACK_VERB	natural_attack_third	punches
vanilla_creatures/objects/creature_standard.txt	2506	ATTACK_VERB	natural_attack_first	kick
vanilla_creatures/objects/creature_standard.txt	2506	ATTACK_VERB	natural_attack_third	kicks
vanilla_creatures/objects/creature_standard.txt	2514	ATTACK_VERB	natural_attack_first	gore
vanilla_creatures/objects/creature_standard.txt	2514	ATTACK_VERB	natural_attack_third	gores
vanilla_creatures/objects/creature_standard.txt	2521	ATTACK_VERB	natural_attack_first	scratch
vanilla_creatures/objects/creature_standard.txt	2521	ATTACK_VERB	natural_attack_third	scratches
vanilla_creatures/objects/creature_standard.txt	2529	ATTACK_VERB	natural_attack_first	bite
vanilla_creatures/objects/creature_standard.txt	2529	ATTACK_VERB	natural_attack_third	bites
vanilla_creatures/objects/creature_standard.txt	2656	ATTACK_VERB	natural_attack_first	punch
vanilla_creatures/objects/creature_standard.txt	2656	ATTACK_VERB	natural_attack_third	punches
vanilla_creatures/objects/creature_standard.txt	2663	ATTACK_VERB	natural_attack_first	kick
vanilla_creatures/objects/creature_standard.txt	2663	ATTACK_VERB	natural_attack_third	kicks
vanilla_creatures/objects/creature_standard.txt	2824	ATTACK_VERB	natural_attack_first	punch
vanilla_creatures/objects/creature_standard.txt	2824	ATTACK_VERB	natural_attack_third	punches
vanilla_creatures/objects/creature_standard.txt	2831	ATTACK_VERB	natural_attack_first	kick
vanilla_creatures/objects/creature_standard.txt	2831	ATTACK_VERB	natural_attack_third	kicks
vanilla_creatures/objects/creature_standard.txt	2839	ATTACK_VERB	natural_attack_first	scratch
vanilla_creatures/objects/creature_standard.txt	2839	ATTACK_VERB	natural_attack_third	scratches
vanilla_creatures/objects/creature_standard.txt	2847	ATTACK_VERB	natural_attack_first	bite
vanilla_creatures/objects/creature_standard.txt	2847	ATTACK_VERB	natural_attack_third	bites
vanilla_creatures/objects/creature_standard.txt	3075	ATTACK_VERB	natural_attack_first	punch
vanilla_creatures/objects/creature_standard.txt	3075	ATTACK_VERB	natural_attack_third	punches
vanilla_creatures/objects/creature_standard.txt	3082	ATTACK_VERB	natural_attack_first	kick
vanilla_creatures/objects/creature_standard.txt	3082	ATTACK_VERB	natural_attack_third	kicks
vanilla_creatures/objects/creature_standard.txt	3090	ATTACK_VERB	natural_attack_first	scratch
vanilla_creatures/objects/creature_standard.txt	3090	ATTACK_VERB	natural_attack_third	scratches
vanilla_creatures/objects/creature_standard.txt	3098	ATTACK_VERB	natural_attack_first	bite
vanilla_creatures/objects/creature_standard.txt	3098	ATTACK_VERB	natural_attack_third	bites
vanilla_creatures/objects/creature_standard.txt	3329	ATTACK_VERB	natural_attack_first	punch
vanilla_creatures/objects/creature_standard.txt	3329	ATTACK_VERB	natural_attack_third	punches
vanilla_creatures/objects/creature_standard.txt	3336	ATTACK_VERB	natural_attack_first	kick
vanilla_creatures/objects/creature_standard.txt	3336	ATTACK_VERB	natural_attack_third	kicks
vanilla_creatures/objects/creature_standard.txt	3344	ATTACK_VERB	natural_attack_first	scratch
vanilla_creatures/objects/creature_standard.txt	3344	ATTACK_VERB	natural_attack_third	scratches
vanilla_creatures/objects/creature_standard.txt	3352	ATTACK_VERB	natural_attack_first	bite
vanilla_creatures/objects/creature_standard.txt	3352	ATTACK_VERB	natural_attack_third	bites
vanilla_creatures/objects/creature_standard.txt	3526	ATTACK_VERB	natural_attack_first	punch
vanilla_creatures/objects/creature_standard.txt	3526	ATTACK_VERB	natural_attack_third	punches
vanilla_creatures/objects/creature_standard.txt	3533	ATTACK_VERB	natural_attack_first	gore
vanilla_creatures/objects/creature_standard.txt	3533	ATTACK_VERB	natural_attack_third	gores
vanilla_creatures/objects/creature_standard.txt	3540	ATTACK_VERB	natural_attack_first	kick
vanilla_creatures/objects/creature_standard.txt	3540	ATTACK_VERB	natural_attack_third	kicks
vanilla_creatures/objects/creature_standard.txt	3548	ATTACK_VERB	natural_attack_first	scratch
vanilla_creatures/objects/creature_standard.txt	3548	ATTACK_VERB	natural_attack_third	scratches
vanilla_creatures/objects/creature_standard.txt	3556	ATTACK_VERB	natural_attack_first	bite
vanilla_creatures/objects/creature_standard.txt	3556	ATTACK_VERB	natural_attack_third	bites
vanilla_creatures/objects/creature_standard.txt	3681	ATTACK_VERB	natural_attack_first	punch
vanilla_creatures/objects/creature_standard.txt	3681	ATTACK_VERB	natural_attack_third	punches
vanilla_creatures/objects/creature_standard.txt	3688	ATTACK_VERB	natural_attack_first	kick
vanilla_creatures/objects/creature_standard.txt	3688	ATTACK_VERB	natural_attack_third	kicks
vanilla_creatures/objects/creature_standard.txt	3696	ATTACK_VERB	natural_attack_first	scratch
vanilla_creatures/objects/creature_standard.txt	3696	ATTACK_VERB	natural_attack_third	scratches
vanilla_creatures/objects/creature_standard.txt	3704	ATTACK_VERB	natural_attack_first	bite
vanilla_creatures/objects/creature_standard.txt	3704	ATTACK_VERB	natural_attack_third	bites
vanilla_creatures/objects/creature_standard.txt	3795	ATTACK_VERB	natural_attack_first	punch
vanilla_creatures/objects/creature_standard.txt	3795	ATTACK_VERB	natural_attack_third	punches
vanilla_creatures/objects/creature_standard.txt	3802	ATTACK_VERB	natural_attack_first	kick
vanilla_creatures/objects/creature_standard.txt	3802	ATTACK_VERB	natural_attack_third	kicks
vanilla_creatures/objects/creature_standard.txt	3810	ATTACK_VERB	natural_attack_first	scratch
vanilla_creatures/objects/creature_standard.txt	3810	ATTACK_VERB	natural_attack_third	scratches
vanilla_creatures/objects/creature_standard.txt	3818	ATTACK_VERB	natural_attack_first	bite
vanilla_creatures/objects/creature_standard.txt	3818	ATTACK_VERB	natural_attack_third	bites
vanilla_creatures/objects/creature_standard.txt	3892	ATTACK_VERB	natural_attack_first	punch
vanilla_creatures/objects/creature_standard.txt	3892	ATTACK_VERB	natural_attack_third	punches
vanilla_creatures/objects/creature_standard.txt	3899	ATTACK_VERB	natural_attack_first	kick
vanilla_creatures/objects/creature_standard.txt	3899	ATTACK_VERB	natural_attack_third	kicks
vanilla_creatures/objects/creature_standard.txt	3907	ATTACK_VERB	natural_attack_first	scratch
vanilla_creatures/objects/creature_standard.txt	3907	ATTACK_VERB	natural_attack_third	scratches
vanilla_creatures/objects/creature_standard.txt	3915	ATTACK_VERB	natural_attack_first	bite
vanilla_creatures/objects/creature_standard.txt	3915	ATTACK_VERB	natural_attack_third	bites
vanilla_creatures/objects/creature_standard.txt	3990	ATTACK_VERB	natural_attack_first	bite
vanilla_creatures/objects/creature_standard.txt	3990	ATTACK_VERB	natural_attack_third	bites
vanilla_creatures/objects/creature_standard.txt	3999	ATTACK_VERB	natural_attack_first	scratch
vanilla_creatures/objects/creature_standard.txt	3999	ATTACK_VERB	natural_attack_third	scratches
vanilla_creatures/objects/creature_standard.txt	4147	ATTACK_VERB	natural_attack_first	punch
vanilla_creatures/objects/creature_standard.txt	4147	ATTACK_VERB	natural_attack_third	punches
vanilla_creatures/objects/creature_standard.txt	4154	ATTACK_VERB	natural_attack_first	kick
vanilla_creatures/objects/creature_standard.txt	4154	ATTACK_VERB	natural_attack_third	kicks
vanilla_creatures/objects/creature_standard.txt	4162	ATTACK_VERB	natural_attack_first	scratch
vanilla_creatures/objects/creature_standard.txt	4162	ATTACK_VERB	natural_attack_third	scratches
vanilla_creatures/objects/creature_standard.txt	4170	ATTACK_VERB	natural_attack_first	bite
vanilla_creatures/objects/creature_standard.txt	4170	ATTACK_VERB	natural_attack_third	bites
vanilla_creatures/objects/creature_standard.txt	4347	ATTACK_VERB	natural_attack_first	punch
vanilla_creatures/objects/creature_standard.txt	4347	ATTACK_VERB	natural_attack_third	punches
vanilla_creatures/objects/creature_standard.txt	4354	ATTACK_VERB	natural_attack_first	kick
vanilla_creatures/objects/creature_standard.txt	4354	ATTACK_VERB	natural_attack_third	kicks
vanilla_creatures/objects/creature_standard.txt	4362	ATTACK_VERB	natural_attack_first	scratch
vanilla_creatures/objects/creature_standard.txt	4362	ATTACK_VERB	natural_attack_third	scratches
vanilla_creatures/objects/creature_standard.txt	4370	ATTACK_VERB	natural_attack_first	bite
vanilla_creatures/objects/creature_standard.txt	4370	ATTACK_VERB	natural_attack_third	bites
vanilla_creatures/objects/creature_standard.txt	4492	ATTACK_VERB	natural_attack_first	bite
vanilla_creatures/objects/creature_standard.txt	4492	ATTACK_VERB	natural_attack_third	bites
vanilla_creatures/objects/creature_standard.txt	4501	ATTACK_VERB	natural_attack_first	scratch
vanilla_creatures/objects/creature_standard.txt	4501	ATTACK_VERB	natural_attack_third	scratches
vanilla_creatures/objects/creature_standard.txt	4576	ATTACK_VERB	natural_attack_first	punch
vanilla_creatures/objects/creature_standard.txt	4576	ATTACK_VERB	natural_attack_third	punches
vanilla_creatures/objects/creature_standard.txt	4583	ATTACK_VERB	natural_attack_first	kick
vanilla_creatures/objects/creature_standard.txt	4583	ATTACK_VERB	natural_attack_third	kicks
vanilla_creatures/objects/creature_standard.txt	4660	ATTACK_VERB	natural_attack_first	punch
vanilla_creatures/objects/creature_standard.txt	4660	ATTACK_VERB	natural_attack_third	punches
vanilla_creatures/objects/creature_standard.txt	4667	ATTACK_VERB	natural_attack_first	kick
vanilla_creatures/objects/creature_standard.txt	4667	ATTACK_VERB	natural_attack_third	kicks
vanilla_creatures/objects/creature_standard.txt	4675	ATTACK_VERB	natural_attack_first	gore
vanilla_creatures/objects/creature_standard.txt	4675	ATTACK_VERB	natural_attack_third	gores
vanilla_creatures/objects/creature_standard.txt	4682	ATTACK_VERB	natural_attack_first	scratch
vanilla_creatures/objects/creature_standard.txt	4682	ATTACK_VERB	natural_attack_third	scratches
vanilla_creatures/objects/creature_standard.txt	4690	ATTACK_VERB	natural_attack_first	bite
vanilla_creatures/objects/creature_standard.txt	4690	ATTACK_VERB	natural_attack_third	bites
vanilla_creatures/objects/creature_standard.txt	4768	ATTACK_VERB	natural_attack_first	bite
vanilla_creatures/objects/creature_standard.txt	4768	ATTACK_VERB	natural_attack_third	bites
vanilla_creatures/objects/creature_standard.txt	4777	ATTACK_VERB	natural_attack_first	scratch
vanilla_creatures/objects/creature_standard.txt	4777	ATTACK_VERB	natural_attack_third	scratches
vanilla_creatures/objects/creature_standard.txt	4864	ATTACK_VERB	natural_attack_first	bite
vanilla_creatures/objects/creature_standard.txt	4864	ATTACK_VERB	natural_attack_third	bites
vanilla_creatures/objects/creature_standard.txt	4874	ATTACK_VERB	natural_attack_first	scratch
vanilla_creatures/objects/creature_standard.txt	4874	ATTACK_VERB	natural_attack_third	scratches
vanilla_creatures/objects/creature_standard.txt	5052	ATTACK_VERB	natural_attack_first	snatch at
vanilla_creatures/objects/creature_standard.txt	5052	ATTACK_VERB	natural_attack_third	snatches at
vanilla_creatures/objects/creature_standard.txt	5061	ATTACK_VERB	natural_attack_first	bite
vanilla_creatures/objects/creature_standard.txt	5061	ATTACK_VERB	natural_attack_third	bites
vanilla_creatures/objects/creature_standard.txt	5139	ATTACK_VERB	natural_attack_first	bite
vanilla_creatures/objects/creature_standard.txt	5139	ATTACK_VERB	natural_attack_third	bites
vanilla_creatures/objects/creature_standard.txt	5149	ATTACK_VERB	natural_attack_first	claw
vanilla_creatures/objects/creature_standard.txt	5149	ATTACK_VERB	natural_attack_third	claws
vanilla_creatures/objects/creature_standard.txt	5327	ATTACK_VERB	natural_attack_first	punch
vanilla_creatures/objects/creature_standard.txt	5327	ATTACK_VERB	natural_attack_third	punches
vanilla_creatures/objects/creature_standard.txt	5334	ATTACK_VERB	natural_attack_first	scratch
vanilla_creatures/objects/creature_standard.txt	5334	ATTACK_VERB	natural_attack_third	scratches
vanilla_creatures/objects/creature_standard.txt	5342	ATTACK_VERB	natural_attack_first	bite
vanilla_creatures/objects/creature_standard.txt	5342	ATTACK_VERB	natural_attack_third	bites
vanilla_creatures/objects/creature_standard.txt	5491	ATTACK_VERB	natural_attack_first	bite
vanilla_creatures/objects/creature_standard.txt	5491	ATTACK_VERB	natural_attack_third	bites
vanilla_creatures/objects/creature_standard.txt	5500	ATTACK_VERB	natural_attack_first	slap
vanilla_creatures/objects/creature_standard.txt	5500	ATTACK_VERB	natural_attack_third	slaps
vanilla_creatures/objects/creature_standard.txt	5583	ATTACK_VERB	natural_attack_first	bite
vanilla_creatures/objects/creature_standard.txt	5583	ATTACK_VERB	natural_attack_third	bites
vanilla_creatures/objects/creature_standard.txt	5590	ATTACK_VERB	natural_attack_first	snatch
vanilla_creatures/objects/creature_standard.txt	5590	ATTACK_VERB	natural_attack_third	snatches
vanilla_creatures/objects/creature_standard.txt	5695	ATTACK_VERB	natural_attack_first	bite
vanilla_creatures/objects/creature_standard.txt	5695	ATTACK_VERB	natural_attack_third	bites
vanilla_creatures/objects/creature_standard.txt	5704	ATTACK_VERB	natural_attack_first	snatch at
vanilla_creatures/objects/creature_standard.txt	5704	ATTACK_VERB	natural_attack_third	snatches at
vanilla_creatures/objects/creature_subterranean.txt	68	ATTACK_VERB	natural_attack_first	bite
vanilla_creatures/objects/creature_subterranean.txt	68	ATTACK_VERB	natural_attack_third	bites
vanilla_creatures/objects/creature_subterranean.txt	153	ATTACK_VERB	natural_attack_first	bite
vanilla_creatures/objects/creature_subterranean.txt	153	ATTACK_VERB	natural_attack_third	bites
vanilla_creatures/objects/creature_subterranean.txt	229	ATTACK_VERB	natural_attack_first	bite
vanilla_creatures/objects/creature_subterranean.txt	229	ATTACK_VERB	natural_attack_third	bites
vanilla_creatures/objects/creature_subterranean.txt	310	ATTACK_VERB	natural_attack_first	bite
vanilla_creatures/objects/creature_subterranean.txt	310	ATTACK_VERB	natural_attack_third	bites
vanilla_creatures/objects/creature_subterranean.txt	398	ATTACK_VERB	natural_attack_first	bite
vanilla_creatures/objects/creature_subterranean.txt	398	ATTACK_VERB	natural_attack_third	bites
vanilla_creatures/objects/creature_subterranean.txt	407	ATTACK_VERB	natural_attack_first	scratch
vanilla_creatures/objects/creature_subterranean.txt	407	ATTACK_VERB	natural_attack_third	scratches
vanilla_creatures/objects/creature_subterranean.txt	492	ATTACK_VERB	natural_attack_first	bite
vanilla_creatures/objects/creature_subterranean.txt	492	ATTACK_VERB	natural_attack_third	bites
vanilla_creatures/objects/creature_subterranean.txt	501	ATTACK_VERB	natural_attack_first	scratch
vanilla_creatures/objects/creature_subterranean.txt	501	ATTACK_VERB	natural_attack_third	scratches
vanilla_creatures/objects/creature_subterranean.txt	585	ATTACK_VERB	natural_attack_first	bite
vanilla_creatures/objects/creature_subterranean.txt	585	ATTACK_VERB	natural_attack_third	bites
vanilla_creatures/objects/creature_subterranean.txt	594	ATTACK_VERB	natural_attack_first	scratch
vanilla_creatures/objects/creature_subterranean.txt	594	ATTACK_VERB	natural_attack_third	scratches
vanilla_creatures/objects/creature_subterranean.txt	731	ATTACK_VERB	natural_attack_first	punch
vanilla_creatures/objects/creature_subterranean.txt	731	ATTACK_VERB	natural_attack_third	punches
vanilla_creatures/objects/creature_subterranean.txt	738	ATTACK_VERB	natural_attack_first	kick
vanilla_creatures/objects/creature_subterranean.txt	738	ATTACK_VERB	natural_attack_third	kicks
vanilla_creatures/objects/creature_subterranean.txt	746	ATTACK_VERB	natural_attack_first	scratch
vanilla_creatures/objects/creature_subterranean.txt	746	ATTACK_VERB	natural_attack_third	scratches
vanilla_creatures/objects/creature_subterranean.txt	754	ATTACK_VERB	natural_attack_first	bite
vanilla_creatures/objects/creature_subterranean.txt	754	ATTACK_VERB	natural_attack_third	bites
vanilla_creatures/objects/creature_subterranean.txt	840	ATTACK_VERB	natural_attack_first	bite
vanilla_creatures/objects/creature_subterranean.txt	840	ATTACK_VERB	natural_attack_third	bites
vanilla_creatures/objects/creature_subterranean.txt	849	ATTACK_VERB	natural_attack_first	scratch
vanilla_creatures/objects/creature_subterranean.txt	849	ATTACK_VERB	natural_attack_third	scratches
vanilla_creatures/objects/creature_subterranean.txt	945	ATTACK_VERB	natural_attack_first	bite
vanilla_creatures/objects/creature_subterranean.txt	945	ATTACK_VERB	natural_attack_third	bites
vanilla_creatures/objects/creature_subterranean.txt	954	ATTACK_VERB	natural_attack_first	punch
vanilla_creatures/objects/creature_subterranean.txt	954	ATTACK_VERB	natural_attack_third	punches
vanilla_creatures/objects/creature_subterranean.txt	961	ATTACK_VERB	natural_attack_first	kick
vanilla_creatures/objects/creature_subterranean.txt	961	ATTACK_VERB	natural_attack_third	kicks
vanilla_creatures/objects/creature_subterranean.txt	969	ATTACK_VERB	natural_attack_first	scratch
vanilla_creatures/objects/creature_subterranean.txt	969	ATTACK_VERB	natural_attack_third	scratches
vanilla_creatures/objects/creature_subterranean.txt	1083	ATTACK_VERB	natural_attack_first	bite
vanilla_creatures/objects/creature_subterranean.txt	1083	ATTACK_VERB	natural_attack_third	bites
vanilla_creatures/objects/creature_subterranean.txt	1229	ATTACK_VERB	natural_attack_first	bite
vanilla_creatures/objects/creature_subterranean.txt	1229	ATTACK_VERB	natural_attack_third	bites
vanilla_creatures/objects/creature_subterranean.txt	1430	ATTACK_VERB	natural_attack_first	bite
vanilla_creatures/objects/creature_subterranean.txt	1430	ATTACK_VERB	natural_attack_third	bites
vanilla_creatures/objects/creature_subterranean.txt	1534	ATTACK_VERB	natural_attack_first	bite
vanilla_creatures/objects/creature_subterranean.txt	1534	ATTACK_VERB	natural_attack_third	bites
vanilla_creatures/objects/creature_subterranean.txt	1543	ATTACK_VERB	natural_attack_first	scratch
vanilla_creatures/objects/creature_subterranean.txt	1543	ATTACK_VERB	natural_attack_third	scratches
vanilla_creatures/objects/creature_subterranean.txt	1722	ATTACK_VERB	natural_attack_first	punch
vanilla_creatures/objects/creature_subterranean.txt	1722	ATTACK_VERB	natural_attack_third	punches
vanilla_creatures/objects/creature_subterranean.txt	1729	ATTACK_VERB	natural_attack_first	kick
vanilla_creatures/objects/creature_subterranean.txt	1729	ATTACK_VERB	natural_attack_third	kicks
vanilla_creatures/objects/creature_subterranean.txt	1797	ATTACK_VERB	natural_attack_first	punch
vanilla_creatures/objects/creature_subterranean.txt	1797	ATTACK_VERB	natural_attack_third	punches
vanilla_creatures/objects/creature_subterranean.txt	1804	ATTACK_VERB	natural_attack_first	kick
vanilla_creatures/objects/creature_subterranean.txt	1804	ATTACK_VERB	natural_attack_third	kicks
vanilla_creatures/objects/creature_subterranean.txt	1886	ATTACK_VERB	natural_attack_first	punch
vanilla_creatures/objects/creature_subterranean.txt	1886	ATTACK_VERB	natural_attack_third	punches
vanilla_creatures/objects/creature_subterranean.txt	1893	ATTACK_VERB	natural_attack_first	kick
vanilla_creatures/objects/creature_subterranean.txt	1893	ATTACK_VERB	natural_attack_third	kicks
vanilla_creatures/objects/creature_subterranean.txt	1951	ATTACK_VERB	natural_attack_first	punch
vanilla_creatures/objects/creature_subterranean.txt	1951	ATTACK_VERB	natural_attack_third	punches
vanilla_creatures/objects/creature_subterranean.txt	1958	ATTACK_VERB	natural_attack_first	kick
vanilla_creatures/objects/creature_subterranean.txt	1958	ATTACK_VERB	natural_attack_third	kicks
vanilla_creatures/objects/creature_subterranean.txt	2035	ATTACK_VERB	natural_attack_first	bite
vanilla_creatures/objects/creature_subterranean.txt	2035	ATTACK_VERB	natural_attack_third	bites
vanilla_creatures/objects/creature_subterranean.txt	2044	ATTACK_VERB	natural_attack_first	snatch at
vanilla_creatures/objects/creature_subterranean.txt	2044	ATTACK_VERB	natural_attack_third	snatches at
vanilla_creatures/objects/creature_subterranean.txt	2164	ATTACK_VERB	natural_attack_first	bite
vanilla_creatures/objects/creature_subterranean.txt	2164	ATTACK_VERB	natural_attack_third	bites
vanilla_creatures/objects/creature_subterranean.txt	2173	ATTACK_VERB	natural_attack_first	snatch at
vanilla_creatures/objects/creature_subterranean.txt	2173	ATTACK_VERB	natural_attack_third	snatches at
vanilla_creatures/objects/creature_subterranean.txt	2252	ATTACK_VERB	natural_attack_first	punch
vanilla_creatures/objects/creature_subterranean.txt	2252	ATTACK_VERB	natural_attack_third	punches
vanilla_creatures/objects/creature_subterranean.txt	2259	ATTACK_VERB	natural_attack_first	kick
vanilla_creatures/objects/creature_subterranean.txt	2259	ATTACK_VERB	natural_attack_third	kicks
vanilla_creatures/objects/creature_subterranean.txt	2267	ATTACK_VERB	natural_attack_first	bite
vanilla_creatures/objects/creature_subterranean.txt	2267	ATTACK_VERB	natural_attack_third	bites
vanilla_creatures/objects/creature_subterranean.txt	2358	ATTACK_VERB	natural_attack_first	punch
vanilla_creatures/objects/creature_subterranean.txt	2358	ATTACK_VERB	natural_attack_third	punches
vanilla_creatures/objects/creature_subterranean.txt	2365	ATTACK_VERB	natural_attack_first	kick
vanilla_creatures/objects/creature_subterranean.txt	2365	ATTACK_VERB	natural_attack_third	kicks
vanilla_creatures/objects/creature_subterranean.txt	2373	ATTACK_VERB	natural_attack_first	scratch
vanilla_creatures/objects/creature_subterranean.txt	2373	ATTACK_VERB	natural_attack_third	scratches
vanilla_creatures/objects/creature_subterranean.txt	2381	ATTACK_VERB	natural_attack_first	bite
vanilla_creatures/objects/creature_subterranean.txt	2381	ATTACK_VERB	natural_attack_third	bites
vanilla_creatures/objects/creature_subterranean.txt	2495	ATTACK_VERB	natural_attack_first	punch
vanilla_creatures/objects/creature_subterranean.txt	2495	ATTACK_VERB	natural_attack_third	punches
vanilla_creatures/objects/creature_subterranean.txt	2502	ATTACK_VERB	natural_attack_first	lash
vanilla_creatures/objects/creature_subterranean.txt	2502	ATTACK_VERB	natural_attack_third	lashes
vanilla_creatures/objects/creature_subterranean.txt	2510	ATTACK_VERB	natural_attack_first	scratch
vanilla_creatures/objects/creature_subterranean.txt	2510	ATTACK_VERB	natural_attack_third	scratches
vanilla_creatures/objects/creature_subterranean.txt	2518	ATTACK_VERB	natural_attack_first	bite
vanilla_creatures/objects/creature_subterranean.txt	2518	ATTACK_VERB	natural_attack_third	bites
vanilla_creatures/objects/creature_subterranean.txt	2632	ATTACK_VERB	natural_attack_first	punch
vanilla_creatures/objects/creature_subterranean.txt	2632	ATTACK_VERB	natural_attack_third	punches
vanilla_creatures/objects/creature_subterranean.txt	2639	ATTACK_VERB	natural_attack_first	kick
vanilla_creatures/objects/creature_subterranean.txt	2639	ATTACK_VERB	natural_attack_third	kicks
vanilla_creatures/objects/creature_subterranean.txt	2647	ATTACK_VERB	natural_attack_first	bite
vanilla_creatures/objects/creature_subterranean.txt	2647	ATTACK_VERB	natural_attack_third	bites
vanilla_creatures/objects/creature_subterranean.txt	2729	ATTACK_VERB	natural_attack_first	punch
vanilla_creatures/objects/creature_subterranean.txt	2729	ATTACK_VERB	natural_attack_third	punches
vanilla_creatures/objects/creature_subterranean.txt	2736	ATTACK_VERB	natural_attack_first	kick
vanilla_creatures/objects/creature_subterranean.txt	2736	ATTACK_VERB	natural_attack_third	kicks
vanilla_creatures/objects/creature_subterranean.txt	2744	ATTACK_VERB	natural_attack_first	scratch
vanilla_creatures/objects/creature_subterranean.txt	2744	ATTACK_VERB	natural_attack_third	scratches
vanilla_creatures/objects/creature_subterranean.txt	2752	ATTACK_VERB	natural_attack_first	bite
vanilla_creatures/objects/creature_subterranean.txt	2752	ATTACK_VERB	natural_attack_third	bites
vanilla_creatures/objects/creature_temperate_new.txt	69	ATTACK_VERB	natural_attack_first	kick
vanilla_creatures/objects/creature_temperate_new.txt	69	ATTACK_VERB	natural_attack_third	kicks
vanilla_creatures/objects/creature_temperate_new.txt	77	ATTACK_VERB	natural_attack_first	kick
vanilla_creatures/objects/creature_temperate_new.txt	77	ATTACK_VERB	natural_attack_third	kicks
vanilla_creatures/objects/creature_temperate_new.txt	85	ATTACK_VERB	natural_attack_first	bite
vanilla_creatures/objects/creature_temperate_new.txt	85	ATTACK_VERB	natural_attack_third	bites
vanilla_creatures/objects/creature_temperate_new.txt	243	ATTACK_VERB	natural_attack_first	bite
vanilla_creatures/objects/creature_temperate_new.txt	243	ATTACK_VERB	natural_attack_third	bites
vanilla_creatures/objects/creature_temperate_new.txt	252	ATTACK_VERB	natural_attack_first	scratch
vanilla_creatures/objects/creature_temperate_new.txt	252	ATTACK_VERB	natural_attack_third	scratches
vanilla_creatures/objects/creature_temperate_new.txt	392	ATTACK_VERB	natural_attack_first	punch
vanilla_creatures/objects/creature_temperate_new.txt	392	ATTACK_VERB	natural_attack_third	punches
vanilla_creatures/objects/creature_temperate_new.txt	399	ATTACK_VERB	natural_attack_first	kick
vanilla_creatures/objects/creature_temperate_new.txt	399	ATTACK_VERB	natural_attack_third	kicks
vanilla_creatures/objects/creature_temperate_new.txt	408	ATTACK_VERB	natural_attack_first	bite
vanilla_creatures/objects/creature_temperate_new.txt	408	ATTACK_VERB	natural_attack_third	bites
vanilla_creatures/objects/creature_temperate_new.txt	591	ATTACK_VERB	natural_attack_first	bite
vanilla_creatures/objects/creature_temperate_new.txt	591	ATTACK_VERB	natural_attack_third	bites
vanilla_creatures/objects/creature_temperate_new.txt	600	ATTACK_VERB	natural_attack_first	scratch
vanilla_creatures/objects/creature_temperate_new.txt	600	ATTACK_VERB	natural_attack_third	scratches
vanilla_creatures/objects/creature_temperate_new.txt	763	ATTACK_VERB	natural_attack_first	bite
vanilla_creatures/objects/creature_temperate_new.txt	763	ATTACK_VERB	natural_attack_third	bites
vanilla_creatures/objects/creature_temperate_new.txt	950	ATTACK_VERB	natural_attack_first	scratch
vanilla_creatures/objects/creature_temperate_new.txt	950	ATTACK_VERB	natural_attack_third	scratches
vanilla_creatures/objects/creature_temperate_new.txt	1110	ATTACK_VERB	natural_attack_first	bite
vanilla_creatures/objects/creature_temperate_new.txt	1110	ATTACK_VERB	natural_attack_third	bites
vanilla_creatures/objects/creature_temperate_new.txt	1119	ATTACK_VERB	natural_attack_first	scratch
vanilla_creatures/objects/creature_temperate_new.txt	1119	ATTACK_VERB	natural_attack_third	scratches
vanilla_creatures/objects/creature_temperate_new.txt	1264	ATTACK_VERB	natural_attack_first	bite
vanilla_creatures/objects/creature_temperate_new.txt	1264	ATTACK_VERB	natural_attack_third	bites
vanilla_creatures/objects/creature_temperate_new.txt	1405	ATTACK_VERB	natural_attack_first	bite
vanilla_creatures/objects/creature_temperate_new.txt	1405	ATTACK_VERB	natural_attack_third	bites
vanilla_creatures/objects/creature_temperate_new.txt	1414	ATTACK_VERB	natural_attack_first	scratch
vanilla_creatures/objects/creature_temperate_new.txt	1414	ATTACK_VERB	natural_attack_third	scratches
vanilla_creatures/objects/creature_temperate_new.txt	1564	ATTACK_VERB	natural_attack_first	bite
vanilla_creatures/objects/creature_temperate_new.txt	1564	ATTACK_VERB	natural_attack_third	bites
vanilla_creatures/objects/creature_temperate_new.txt	1573	ATTACK_VERB	natural_attack_first	scratch
vanilla_creatures/objects/creature_temperate_new.txt	1573	ATTACK_VERB	natural_attack_third	scratches
vanilla_creatures/objects/creature_temperate_new.txt	1718	ATTACK_VERB	natural_attack_first	bite
vanilla_creatures/objects/creature_temperate_new.txt	1718	ATTACK_VERB	natural_attack_third	bites
vanilla_creatures/objects/creature_temperate_new.txt	1727	ATTACK_VERB	natural_attack_first	scratch
vanilla_creatures/objects/creature_temperate_new.txt	1727	ATTACK_VERB	natural_attack_third	scratches
vanilla_creatures/objects/creature_temperate_new.txt	1859	ATTACK_VERB	natural_attack_first	bite
vanilla_creatures/objects/creature_temperate_new.txt	1859	ATTACK_VERB	natural_attack_third	bites
vanilla_creatures/objects/creature_temperate_new.txt	1995	ATTACK_VERB	natural_attack_first	bite
vanilla_creatures/objects/creature_temperate_new.txt	1995	ATTACK_VERB	natural_attack_third	bites
vanilla_creatures/objects/creature_temperate_new.txt	2004	ATTACK_VERB	natural_attack_first	scratch
vanilla_creatures/objects/creature_temperate_new.txt	2004	ATTACK_VERB	natural_attack_third	scratches
vanilla_creatures/objects/creature_temperate_new.txt	2168	ATTACK_VERB	natural_attack_first	bite
vanilla_creatures/objects/creature_temperate_new.txt	2168	ATTACK_VERB	natural_attack_third	bites
vanilla_creatures/objects/creature_temperate_new.txt	2338	ATTACK_VERB	natural_attack_first	bite
vanilla_creatures/objects/creature_temperate_new.txt	2338	ATTACK_VERB	natural_attack_third	bites
vanilla_creatures/objects/creature_temperate_new.txt	2347	ATTACK_VERB	natural_attack_first	scratch
vanilla_creatures/objects/creature_temperate_new.txt	2347	ATTACK_VERB	natural_attack_third	scratches
vanilla_creatures/objects/creature_temperate_new.txt	2506	ATTACK_VERB	natural_attack_first	bite
vanilla_creatures/objects/creature_temperate_new.txt	2506	ATTACK_VERB	natural_attack_third	bites
vanilla_creatures/objects/creature_temperate_new.txt	2677	ATTACK_VERB	natural_attack_first	kick
vanilla_creatures/objects/creature_temperate_new.txt	2677	ATTACK_VERB	natural_attack_third	kicks
vanilla_creatures/objects/creature_temperate_new.txt	2685	ATTACK_VERB	natural_attack_first	kick
vanilla_creatures/objects/creature_temperate_new.txt	2685	ATTACK_VERB	natural_attack_third	kicks
vanilla_creatures/objects/creature_temperate_new.txt	2693	ATTACK_VERB	natural_attack_first	bite
vanilla_creatures/objects/creature_temperate_new.txt	2693	ATTACK_VERB	natural_attack_third	bites
vanilla_creatures/objects/creature_temperate_new.txt	2836	ATTACK_VERB	natural_attack_first	bite
vanilla_creatures/objects/creature_temperate_new.txt	2836	ATTACK_VERB	natural_attack_third	bites
vanilla_creatures/objects/creature_temperate_new.txt	2845	ATTACK_VERB	natural_attack_first	scratch
vanilla_creatures/objects/creature_temperate_new.txt	2845	ATTACK_VERB	natural_attack_third	scratches
vanilla_creatures/objects/creature_temperate_new.txt	2987	ATTACK_VERB	natural_attack_first	bite
vanilla_creatures/objects/creature_temperate_new.txt	2987	ATTACK_VERB	natural_attack_third	bites
vanilla_creatures/objects/creature_temperate_new.txt	2996	ATTACK_VERB	natural_attack_first	scratch
vanilla_creatures/objects/creature_temperate_new.txt	2996	ATTACK_VERB	natural_attack_third	scratches
vanilla_creatures/objects/creature_temperate_new.txt	3140	ATTACK_VERB	natural_attack_first	bite
vanilla_creatures/objects/creature_temperate_new.txt	3140	ATTACK_VERB	natural_attack_third	bites
vanilla_creatures/objects/creature_temperate_new.txt	3149	ATTACK_VERB	natural_attack_first	scratch
vanilla_creatures/objects/creature_temperate_new.txt	3149	ATTACK_VERB	natural_attack_third	scratches
vanilla_creatures/objects/creature_temperate_new.txt	3293	ATTACK_VERB	natural_attack_first	bite
vanilla_creatures/objects/creature_temperate_new.txt	3293	ATTACK_VERB	natural_attack_third	bites
vanilla_creatures/objects/creature_temperate_new.txt	3302	ATTACK_VERB	natural_attack_first	scratch
vanilla_creatures/objects/creature_temperate_new.txt	3302	ATTACK_VERB	natural_attack_third	scratches
vanilla_creatures/objects/creature_tropical_new.txt	67	ATTACK_VERB	natural_attack_first	bite
vanilla_creatures/objects/creature_tropical_new.txt	67	ATTACK_VERB	natural_attack_third	bites
vanilla_creatures/objects/creature_tropical_new.txt	76	ATTACK_VERB	natural_attack_first	scratch
vanilla_creatures/objects/creature_tropical_new.txt	76	ATTACK_VERB	natural_attack_third	scratches
vanilla_creatures/objects/creature_tropical_new.txt	220	ATTACK_VERB	natural_attack_first	bite
vanilla_creatures/objects/creature_tropical_new.txt	220	ATTACK_VERB	natural_attack_third	bites
vanilla_creatures/objects/creature_tropical_new.txt	229	ATTACK_VERB	natural_attack_first	scratch
vanilla_creatures/objects/creature_tropical_new.txt	229	ATTACK_VERB	natural_attack_third	scratches
vanilla_creatures/objects/creature_tropical_new.txt	371	ATTACK_VERB	natural_attack_first	bite
vanilla_creatures/objects/creature_tropical_new.txt	371	ATTACK_VERB	natural_attack_third	bites
vanilla_creatures/objects/creature_tropical_new.txt	513	ATTACK_VERB	natural_attack_first	bite
vanilla_creatures/objects/creature_tropical_new.txt	513	ATTACK_VERB	natural_attack_third	bites
vanilla_creatures/objects/creature_tropical_new.txt	675	ATTACK_VERB	natural_attack_first	bite
vanilla_creatures/objects/creature_tropical_new.txt	675	ATTACK_VERB	natural_attack_third	bites
vanilla_creatures/objects/creature_tropical_new.txt	852	ATTACK_VERB	natural_attack_first	bite
vanilla_creatures/objects/creature_tropical_new.txt	852	ATTACK_VERB	natural_attack_third	bites
vanilla_creatures/objects/creature_tropical_new.txt	861	ATTACK_VERB	natural_attack_first	scratch
vanilla_creatures/objects/creature_tropical_new.txt	861	ATTACK_VERB	natural_attack_third	scratches
vanilla_creatures/objects/creature_tropical_new.txt	1007	ATTACK_VERB	natural_attack_first	bite
vanilla_creatures/objects/creature_tropical_new.txt	1007	ATTACK_VERB	natural_attack_third	bites
vanilla_creatures/objects/creature_tropical_new.txt	1016	ATTACK_VERB	natural_attack_first	scratch
vanilla_creatures/objects/creature_tropical_new.txt	1016	ATTACK_VERB	natural_attack_third	scratches
vanilla_creatures/objects/creature_tropical_new.txt	1158	ATTACK_VERB	natural_attack_first	bite
vanilla_creatures/objects/creature_tropical_new.txt	1158	ATTACK_VERB	natural_attack_third	bites
vanilla_creatures/objects/creature_tropical_new.txt	1167	ATTACK_VERB	natural_attack_first	scratch
vanilla_creatures/objects/creature_tropical_new.txt	1167	ATTACK_VERB	natural_attack_third	scratches
vanilla_creatures/objects/creature_tropical_new.txt	1306	ATTACK_VERB	natural_attack_first	bite
vanilla_creatures/objects/creature_tropical_new.txt	1306	ATTACK_VERB	natural_attack_third	bites
vanilla_creatures/objects/creature_tropical_new.txt	1315	ATTACK_VERB	natural_attack_first	scratch
vanilla_creatures/objects/creature_tropical_new.txt	1315	ATTACK_VERB	natural_attack_third	scratches
vanilla_creatures/objects/creature_tropical_new.txt	1456	ATTACK_VERB	natural_attack_first	bite
vanilla_creatures/objects/creature_tropical_new.txt	1456	ATTACK_VERB	natural_attack_third	bites
vanilla_creatures/objects/creature_tropical_new.txt	1465	ATTACK_VERB	natural_attack_first	scratch
vanilla_creatures/objects/creature_tropical_new.txt	1465	ATTACK_VERB	natural_attack_third	scratches
vanilla_creatures/objects/creature_tropical_new.txt	1618	ATTACK_VERB	natural_attack_first	scratch
vanilla_creatures/objects/creature_tropical_new.txt	1618	ATTACK_VERB	natural_attack_third	scratches
vanilla_creatures/objects/creature_tropical_new.txt	1626	ATTACK_VERB	natural_attack_first	bite
vanilla_creatures/objects/creature_tropical_new.txt	1626	ATTACK_VERB	natural_attack_third	bites
vanilla_creatures/objects/creature_tropical_new.txt	1791	ATTACK_VERB	natural_attack_first	bite
vanilla_creatures/objects/creature_tropical_new.txt	1791	ATTACK_VERB	natural_attack_third	bites
vanilla_creatures/objects/creature_tropical_new.txt	1966	ATTACK_VERB	natural_attack_first	bite
vanilla_creatures/objects/creature_tropical_new.txt	1966	ATTACK_VERB	natural_attack_third	bites
vanilla_creatures/objects/creature_tropical_new.txt	1975	ATTACK_VERB	natural_attack_first	scratch
vanilla_creatures/objects/creature_tropical_new.txt	1975	ATTACK_VERB	natural_attack_third	scratches
vanilla_creatures/objects/creature_tropical_new.txt	2114	ATTACK_VERB	natural_attack_first	bite
vanilla_creatures/objects/creature_tropical_new.txt	2114	ATTACK_VERB	natural_attack_third	bites
vanilla_creatures/objects/creature_tropical_new.txt	2123	ATTACK_VERB	natural_attack_first	scratch
vanilla_creatures/objects/creature_tropical_new.txt	2123	ATTACK_VERB	natural_attack_third	scratches
vanilla_creatures/objects/creature_tropical_new.txt	2290	ATTACK_VERB	natural_attack_first	bite
vanilla_creatures/objects/creature_tropical_new.txt	2290	ATTACK_VERB	natural_attack_third	bites
vanilla_creatures/objects/creature_tropical_new.txt	2463	ATTACK_VERB	natural_attack_first	bite
vanilla_creatures/objects/creature_tropical_new.txt	2463	ATTACK_VERB	natural_attack_third	bites
vanilla_creatures/objects/creature_tropical_new.txt	2596	ATTACK_VERB	natural_attack_first	kick
vanilla_creatures/objects/creature_tropical_new.txt	2596	ATTACK_VERB	natural_attack_third	kicks
vanilla_creatures/objects/creature_tropical_new.txt	2604	ATTACK_VERB	natural_attack_first	kick
vanilla_creatures/objects/creature_tropical_new.txt	2604	ATTACK_VERB	natural_attack_third	kicks
vanilla_creatures/objects/creature_tropical_new.txt	2612	ATTACK_VERB	natural_attack_first	bite
vanilla_creatures/objects/creature_tropical_new.txt	2612	ATTACK_VERB	natural_attack_third	bites
vanilla_creatures/objects/creature_tropical_new.txt	2786	ATTACK_VERB	natural_attack_first	kick
vanilla_creatures/objects/creature_tropical_new.txt	2786	ATTACK_VERB	natural_attack_third	kicks
vanilla_creatures/objects/creature_tropical_new.txt	2794	ATTACK_VERB	natural_attack_first	kick
vanilla_creatures/objects/creature_tropical_new.txt	2794	ATTACK_VERB	natural_attack_third	kicks
vanilla_creatures/objects/creature_tropical_new.txt	2802	ATTACK_VERB	natural_attack_first	bite
vanilla_creatures/objects/creature_tropical_new.txt	2802	ATTACK_VERB	natural_attack_third	bites
vanilla_creatures/objects/creature_tropical_new.txt	2944	ATTACK_VERB	natural_attack_first	bite
vanilla_creatures/objects/creature_tropical_new.txt	2944	ATTACK_VERB	natural_attack_third	bites
vanilla_creatures/objects/creature_tropical_new.txt	2953	ATTACK_VERB	natural_attack_first	scratch
vanilla_creatures/objects/creature_tropical_new.txt	2953	ATTACK_VERB	natural_attack_third	scratches
vanilla_creatures/objects/creature_tropical_new.txt	3088	ATTACK_VERB	natural_attack_first	bite
vanilla_creatures/objects/creature_tropical_new.txt	3088	ATTACK_VERB	natural_attack_third	bites
vanilla_creatures/objects/creature_tropical_new.txt	3097	ATTACK_VERB	natural_attack_first	scratch
vanilla_creatures/objects/creature_tropical_new.txt	3097	ATTACK_VERB	natural_attack_third	scratches
vanilla_creatures/objects/creature_tundra_taiga_new.txt	63	ATTACK_VERB	natural_attack_first	bite
vanilla_creatures/objects/creature_tundra_taiga_new.txt	63	ATTACK_VERB	natural_attack_third	bites
vanilla_creatures/objects/creature_tundra_taiga_new.txt	72	ATTACK_VERB	natural_attack_first	scratch
vanilla_creatures/objects/creature_tundra_taiga_new.txt	72	ATTACK_VERB	natural_attack_third	scratches
vanilla_creatures/objects/creature_tundra_taiga_new.txt	214	ATTACK_VERB	natural_attack_first	bite
vanilla_creatures/objects/creature_tundra_taiga_new.txt	214	ATTACK_VERB	natural_attack_third	bites
vanilla_creatures/objects/creature_tundra_taiga_new.txt	223	ATTACK_VERB	natural_attack_first	scratch
vanilla_creatures/objects/creature_tundra_taiga_new.txt	223	ATTACK_VERB	natural_attack_third	scratches
vanilla_creatures_extinct/objects/creature_cambrian.txt	146	ATTACK_VERB	natural_attack_first	bite
vanilla_creatures_extinct/objects/creature_cambrian.txt	146	ATTACK_VERB	natural_attack_third	bites
vanilla_creatures_extinct/objects/creature_cambrian.txt	249	ATTACK_VERB	natural_attack_first	bite
vanilla_creatures_extinct/objects/creature_cambrian.txt	249	ATTACK_VERB	natural_attack_third	bites
vanilla_creatures_extinct/objects/creature_carboniferous.txt	61	ATTACK_VERB	natural_attack_first	bite
vanilla_creatures_extinct/objects/creature_carboniferous.txt	61	ATTACK_VERB	natural_attack_third	bites
vanilla_creatures_extinct/objects/creature_carboniferous.txt	151	ATTACK_VERB	natural_attack_first	bite
vanilla_creatures_extinct/objects/creature_carboniferous.txt	151	ATTACK_VERB	natural_attack_third	bites
vanilla_creatures_extinct/objects/creature_cenozoic.txt	65	ATTACK_VERB	natural_attack_first	kick
vanilla_creatures_extinct/objects/creature_cenozoic.txt	65	ATTACK_VERB	natural_attack_third	kicks
vanilla_creatures_extinct/objects/creature_cenozoic.txt	73	ATTACK_VERB	natural_attack_first	gore
vanilla_creatures_extinct/objects/creature_cenozoic.txt	73	ATTACK_VERB	natural_attack_third	gores
vanilla_creatures_extinct/objects/creature_cenozoic.txt	185	ATTACK_VERB	natural_attack_first	bite
vanilla_creatures_extinct/objects/creature_cenozoic.txt	185	ATTACK_VERB	natural_attack_third	bites
vanilla_creatures_extinct/objects/creature_cenozoic.txt	194	ATTACK_VERB	natural_attack_first	scratch
vanilla_creatures_extinct/objects/creature_cenozoic.txt	194	ATTACK_VERB	natural_attack_third	scratches
vanilla_creatures_extinct/objects/creature_cenozoic.txt	317	ATTACK_VERB	natural_attack_first	kick
vanilla_creatures_extinct/objects/creature_cenozoic.txt	317	ATTACK_VERB	natural_attack_third	kicks
vanilla_creatures_extinct/objects/creature_cenozoic.txt	325	ATTACK_VERB	natural_attack_first	gore
vanilla_creatures_extinct/objects/creature_cenozoic.txt	325	ATTACK_VERB	natural_attack_third	gores
vanilla_creatures_extinct/objects/creature_cenozoic.txt	432	ATTACK_VERB	natural_attack_first	kick
vanilla_creatures_extinct/objects/creature_cenozoic.txt	432	ATTACK_VERB	natural_attack_third	kicks
vanilla_creatures_extinct/objects/creature_cenozoic.txt	548	ATTACK_VERB	natural_attack_first	bite
vanilla_creatures_extinct/objects/creature_cenozoic.txt	548	ATTACK_VERB	natural_attack_third	bites
vanilla_creatures_extinct/objects/creature_cenozoic.txt	557	ATTACK_VERB	natural_attack_first	scratch
vanilla_creatures_extinct/objects/creature_cenozoic.txt	557	ATTACK_VERB	natural_attack_third	scratches
vanilla_creatures_extinct/objects/creature_cenozoic.txt	675	ATTACK_VERB	natural_attack_first	bite
vanilla_creatures_extinct/objects/creature_cenozoic.txt	675	ATTACK_VERB	natural_attack_third	bites
vanilla_creatures_extinct/objects/creature_cenozoic.txt	684	ATTACK_VERB	natural_attack_first	scratch
vanilla_creatures_extinct/objects/creature_cenozoic.txt	684	ATTACK_VERB	natural_attack_third	scratches
vanilla_creatures_extinct/objects/creature_cenozoic.txt	809	ATTACK_VERB	natural_attack_first	kick
vanilla_creatures_extinct/objects/creature_cenozoic.txt	809	ATTACK_VERB	natural_attack_third	kicks
vanilla_creatures_extinct/objects/creature_cenozoic.txt	817	ATTACK_VERB	natural_attack_first	gore
vanilla_creatures_extinct/objects/creature_cenozoic.txt	817	ATTACK_VERB	natural_attack_third	gores
vanilla_creatures_extinct/objects/creature_cenozoic.txt	930	ATTACK_VERB	natural_attack_first	kick
vanilla_creatures_extinct/objects/creature_cenozoic.txt	930	ATTACK_VERB	natural_attack_third	kicks
vanilla_creatures_extinct/objects/creature_cenozoic.txt	938	ATTACK_VERB	natural_attack_first	kick
vanilla_creatures_extinct/objects/creature_cenozoic.txt	938	ATTACK_VERB	natural_attack_third	kicks
vanilla_creatures_extinct/objects/creature_cenozoic.txt	946	ATTACK_VERB	natural_attack_first	bite
vanilla_creatures_extinct/objects/creature_cenozoic.txt	946	ATTACK_VERB	natural_attack_third	bites
vanilla_creatures_extinct/objects/creature_cenozoic.txt	1081	ATTACK_VERB	natural_attack_first	bite
vanilla_creatures_extinct/objects/creature_cenozoic.txt	1081	ATTACK_VERB	natural_attack_third	bites
vanilla_creatures_extinct/objects/creature_cenozoic.txt	1210	ATTACK_VERB	natural_attack_first	kick
vanilla_creatures_extinct/objects/creature_cenozoic.txt	1210	ATTACK_VERB	natural_attack_third	kicks
vanilla_creatures_extinct/objects/creature_cenozoic.txt	1218	ATTACK_VERB	natural_attack_first	gore
vanilla_creatures_extinct/objects/creature_cenozoic.txt	1218	ATTACK_VERB	natural_attack_third	gores
vanilla_creatures_extinct/objects/creature_cenozoic.txt	1334	ATTACK_VERB	natural_attack_first	kick
vanilla_creatures_extinct/objects/creature_cenozoic.txt	1334	ATTACK_VERB	natural_attack_third	kicks
vanilla_creatures_extinct/objects/creature_cenozoic.txt	1451	ATTACK_VERB	natural_attack_first	kick
vanilla_creatures_extinct/objects/creature_cenozoic.txt	1451	ATTACK_VERB	natural_attack_third	kicks
vanilla_creatures_extinct/objects/creature_cenozoic.txt	1459	ATTACK_VERB	natural_attack_first	bite
vanilla_creatures_extinct/objects/creature_cenozoic.txt	1459	ATTACK_VERB	natural_attack_third	bites
vanilla_creatures_extinct/objects/creature_cenozoic.txt	1582	ATTACK_VERB	natural_attack_first	bite
vanilla_creatures_extinct/objects/creature_cenozoic.txt	1582	ATTACK_VERB	natural_attack_third	bites
vanilla_creatures_extinct/objects/creature_cenozoic.txt	1591	ATTACK_VERB	natural_attack_first	kick
vanilla_creatures_extinct/objects/creature_cenozoic.txt	1591	ATTACK_VERB	natural_attack_third	kicks
vanilla_creatures_extinct/objects/creature_cenozoic.txt	1709	ATTACK_VERB	natural_attack_first	kick
vanilla_creatures_extinct/objects/creature_cenozoic.txt	1709	ATTACK_VERB	natural_attack_third	kicks
vanilla_creatures_extinct/objects/creature_cenozoic.txt	1717	ATTACK_VERB	natural_attack_first	bite
vanilla_creatures_extinct/objects/creature_cenozoic.txt	1717	ATTACK_VERB	natural_attack_third	bites
vanilla_creatures_extinct/objects/creature_cenozoic.txt	1829	ATTACK_VERB	natural_attack_first	bite
vanilla_creatures_extinct/objects/creature_cenozoic.txt	1829	ATTACK_VERB	natural_attack_third	bites
vanilla_creatures_extinct/objects/creature_cenozoic.txt	1838	ATTACK_VERB	natural_attack_first	slap
vanilla_creatures_extinct/objects/creature_cenozoic.txt	1838	ATTACK_VERB	natural_attack_third	slaps
vanilla_creatures_extinct/objects/creature_cenozoic.txt	1952	ATTACK_VERB	natural_attack_first	bite
vanilla_creatures_extinct/objects/creature_cenozoic.txt	1952	ATTACK_VERB	natural_attack_third	bites
vanilla_creatures_extinct/objects/creature_cenozoic.txt	2075	ATTACK_VERB	natural_attack_first	bite
vanilla_creatures_extinct/objects/creature_cenozoic.txt	2075	ATTACK_VERB	natural_attack_third	bites
vanilla_creatures_extinct/objects/creature_cenozoic.txt	2185	ATTACK_VERB	natural_attack_first	kick
vanilla_creatures_extinct/objects/creature_cenozoic.txt	2185	ATTACK_VERB	natural_attack_third	kicks
vanilla_creatures_extinct/objects/creature_cenozoic.txt	2193	ATTACK_VERB	natural_attack_first	gore
vanilla_creatures_extinct/objects/creature_cenozoic.txt	2193	ATTACK_VERB	natural_attack_third	gores
vanilla_creatures_extinct/objects/creature_cenozoic.txt	2303	ATTACK_VERB	natural_attack_first	kick
vanilla_creatures_extinct/objects/creature_cenozoic.txt	2303	ATTACK_VERB	natural_attack_third	kicks
vanilla_creatures_extinct/objects/creature_cenozoic.txt	2311	ATTACK_VERB	natural_attack_first	kick
vanilla_creatures_extinct/objects/creature_cenozoic.txt	2311	ATTACK_VERB	natural_attack_third	kicks
vanilla_creatures_extinct/objects/creature_cenozoic.txt	2319	ATTACK_VERB	natural_attack_first	bite
vanilla_creatures_extinct/objects/creature_cenozoic.txt	2319	ATTACK_VERB	natural_attack_third	bites
vanilla_creatures_extinct/objects/creature_cenozoic.txt	2430	ATTACK_VERB	natural_attack_first	kick
vanilla_creatures_extinct/objects/creature_cenozoic.txt	2430	ATTACK_VERB	natural_attack_third	kicks
vanilla_creatures_extinct/objects/creature_cenozoic.txt	2438	ATTACK_VERB	natural_attack_first	gore
vanilla_creatures_extinct/objects/creature_cenozoic.txt	2438	ATTACK_VERB	natural_attack_third	gores
vanilla_creatures_extinct/objects/creature_cretaceous.txt	45	ATTACK_VERB	natural_attack_first	bite
vanilla_creatures_extinct/objects/creature_cretaceous.txt	45	ATTACK_VERB	natural_attack_third	bites
vanilla_creatures_extinct/objects/creature_cretaceous.txt	173	ATTACK_VERB	natural_attack_first	bite
vanilla_creatures_extinct/objects/creature_cretaceous.txt	173	ATTACK_VERB	natural_attack_third	bites
vanilla_creatures_extinct/objects/creature_cretaceous.txt	303	ATTACK_VERB	natural_attack_first	bite
vanilla_creatures_extinct/objects/creature_cretaceous.txt	303	ATTACK_VERB	natural_attack_third	bites
vanilla_creatures_extinct/objects/creature_cretaceous.txt	312	ATTACK_VERB	natural_attack_first	slice
vanilla_creatures_extinct/objects/creature_cretaceous.txt	312	ATTACK_VERB	natural_attack_third	slices
vanilla_creatures_extinct/objects/creature_cretaceous.txt	320	ATTACK_VERB	natural_attack_first	kick
vanilla_creatures_extinct/objects/creature_cretaceous.txt	320	ATTACK_VERB	natural_attack_third	kicks
vanilla_creatures_extinct/objects/creature_cretaceous.txt	365	ATTACK_VERB	natural_attack_first	slice
vanilla_creatures_extinct/objects/creature_cretaceous.txt	365	ATTACK_VERB	natural_attack_third	slices
vanilla_creatures_extinct/objects/creature_cretaceous.txt	457	ATTACK_VERB	natural_attack_first	bite
vanilla_creatures_extinct/objects/creature_cretaceous.txt	457	ATTACK_VERB	natural_attack_third	bites
vanilla_creatures_extinct/objects/creature_cretaceous.txt	466	ATTACK_VERB	natural_attack_first	scratch
vanilla_creatures_extinct/objects/creature_cretaceous.txt	466	ATTACK_VERB	natural_attack_third	scratches
vanilla_creatures_extinct/objects/creature_cretaceous.txt	474	ATTACK_VERB	natural_attack_first	kick
vanilla_creatures_extinct/objects/creature_cretaceous.txt	474	ATTACK_VERB	natural_attack_third	kicks
vanilla_creatures_extinct/objects/creature_cretaceous.txt	604	ATTACK_VERB	natural_attack_first	bite
vanilla_creatures_extinct/objects/creature_cretaceous.txt	604	ATTACK_VERB	natural_attack_third	bites
vanilla_creatures_extinct/objects/creature_cretaceous.txt	613	ATTACK_VERB	natural_attack_first	scratch
vanilla_creatures_extinct/objects/creature_cretaceous.txt	613	ATTACK_VERB	natural_attack_third	scratches
vanilla_creatures_extinct/objects/creature_cretaceous.txt	621	ATTACK_VERB	natural_attack_first	kick
vanilla_creatures_extinct/objects/creature_cretaceous.txt	621	ATTACK_VERB	natural_attack_third	kicks
vanilla_creatures_extinct/objects/creature_cretaceous.txt	753	ATTACK_VERB	natural_attack_first	bite
vanilla_creatures_extinct/objects/creature_cretaceous.txt	753	ATTACK_VERB	natural_attack_third	bites
vanilla_creatures_extinct/objects/creature_cretaceous.txt	762	ATTACK_VERB	natural_attack_first	slice
vanilla_creatures_extinct/objects/creature_cretaceous.txt	762	ATTACK_VERB	natural_attack_third	slices
vanilla_creatures_extinct/objects/creature_cretaceous.txt	770	ATTACK_VERB	natural_attack_first	kick
vanilla_creatures_extinct/objects/creature_cretaceous.txt	770	ATTACK_VERB	natural_attack_third	kicks
vanilla_creatures_extinct/objects/creature_cretaceous.txt	815	ATTACK_VERB	natural_attack_first	slice
vanilla_creatures_extinct/objects/creature_cretaceous.txt	815	ATTACK_VERB	natural_attack_third	slices
vanilla_creatures_extinct/objects/creature_cretaceous.txt	909	ATTACK_VERB	natural_attack_first	bite
vanilla_creatures_extinct/objects/creature_cretaceous.txt	909	ATTACK_VERB	natural_attack_third	bites
vanilla_creatures_extinct/objects/creature_cretaceous.txt	918	ATTACK_VERB	natural_attack_first	slice
vanilla_creatures_extinct/objects/creature_cretaceous.txt	918	ATTACK_VERB	natural_attack_third	slices
vanilla_creatures_extinct/objects/creature_cretaceous.txt	926	ATTACK_VERB	natural_attack_first	kick
vanilla_creatures_extinct/objects/creature_cretaceous.txt	926	ATTACK_VERB	natural_attack_third	kicks
vanilla_creatures_extinct/objects/creature_cretaceous.txt	971	ATTACK_VERB	natural_attack_first	slice
vanilla_creatures_extinct/objects/creature_cretaceous.txt	971	ATTACK_VERB	natural_attack_third	slices
vanilla_creatures_extinct/objects/creature_cretaceous.txt	1066	ATTACK_VERB	natural_attack_first	bite
vanilla_creatures_extinct/objects/creature_cretaceous.txt	1066	ATTACK_VERB	natural_attack_third	bites
vanilla_creatures_extinct/objects/creature_cretaceous.txt	1075	ATTACK_VERB	natural_attack_first	slice
vanilla_creatures_extinct/objects/creature_cretaceous.txt	1075	ATTACK_VERB	natural_attack_third	slices
vanilla_creatures_extinct/objects/creature_cretaceous.txt	1083	ATTACK_VERB	natural_attack_first	kick
vanilla_creatures_extinct/objects/creature_cretaceous.txt	1083	ATTACK_VERB	natural_attack_third	kicks
vanilla_creatures_extinct/objects/creature_cretaceous.txt	1130	ATTACK_VERB	natural_attack_first	slice
vanilla_creatures_extinct/objects/creature_cretaceous.txt	1130	ATTACK_VERB	natural_attack_third	slices
vanilla_creatures_extinct/objects/creature_cretaceous.txt	1205	ATTACK_VERB	natural_attack_first	bite
vanilla_creatures_extinct/objects/creature_cretaceous.txt	1205	ATTACK_VERB	natural_attack_third	bites
vanilla_creatures_extinct/objects/creature_cretaceous.txt	1321	ATTACK_VERB	natural_attack_first	bite
vanilla_creatures_extinct/objects/creature_cretaceous.txt	1321	ATTACK_VERB	natural_attack_third	bites
vanilla_creatures_extinct/objects/creature_cretaceous.txt	1330	ATTACK_VERB	natural_attack_first	scratch
vanilla_creatures_extinct/objects/creature_cretaceous.txt	1330	ATTACK_VERB	natural_attack_third	scratches
vanilla_creatures_extinct/objects/creature_cretaceous.txt	1338	ATTACK_VERB	natural_attack_first	kick
vanilla_creatures_extinct/objects/creature_cretaceous.txt	1338	ATTACK_VERB	natural_attack_third	kicks
vanilla_creatures_extinct/objects/creature_cretaceous.txt	1346	ATTACK_VERB	natural_attack_first	slap
vanilla_creatures_extinct/objects/creature_cretaceous.txt	1346	ATTACK_VERB	natural_attack_third	slaps
vanilla_creatures_extinct/objects/creature_cretaceous.txt	1468	ATTACK_VERB	natural_attack_first	bite
vanilla_creatures_extinct/objects/creature_cretaceous.txt	1468	ATTACK_VERB	natural_attack_third	bites
vanilla_creatures_extinct/objects/creature_cretaceous.txt	1477	ATTACK_VERB	natural_attack_first	stab
vanilla_creatures_extinct/objects/creature_cretaceous.txt	1477	ATTACK_VERB	natural_attack_third	stabs
vanilla_creatures_extinct/objects/creature_cretaceous.txt	1485	ATTACK_VERB	natural_attack_first	scratch
vanilla_creatures_extinct/objects/creature_cretaceous.txt	1485	ATTACK_VERB	natural_attack_third	scratches
vanilla_creatures_extinct/objects/creature_cretaceous.txt	1493	ATTACK_VERB	natural_attack_first	kick
vanilla_creatures_extinct/objects/creature_cretaceous.txt	1493	ATTACK_VERB	natural_attack_third	kicks
vanilla_creatures_extinct/objects/creature_cretaceous.txt	1501	ATTACK_VERB	natural_attack_first	slap
vanilla_creatures_extinct/objects/creature_cretaceous.txt	1501	ATTACK_VERB	natural_attack_third	slaps
vanilla_creatures_extinct/objects/creature_cretaceous.txt	1542	ATTACK_VERB	natural_attack_first	stab
vanilla_creatures_extinct/objects/creature_cretaceous.txt	1542	ATTACK_VERB	natural_attack_third	stabs
vanilla_creatures_extinct/objects/creature_cretaceous.txt	1629	ATTACK_VERB	natural_attack_first	gore
vanilla_creatures_extinct/objects/creature_cretaceous.txt	1629	ATTACK_VERB	natural_attack_third	gores
vanilla_creatures_extinct/objects/creature_cretaceous.txt	1636	ATTACK_VERB	natural_attack_first	bite
vanilla_creatures_extinct/objects/creature_cretaceous.txt	1636	ATTACK_VERB	natural_attack_third	bites
vanilla_creatures_extinct/objects/creature_cretaceous.txt	1767	ATTACK_VERB	natural_attack_first	gore
vanilla_creatures_extinct/objects/creature_cretaceous.txt	1767	ATTACK_VERB	natural_attack_third	gores
vanilla_creatures_extinct/objects/creature_cretaceous.txt	1774	ATTACK_VERB	natural_attack_first	bite
vanilla_creatures_extinct/objects/creature_cretaceous.txt	1774	ATTACK_VERB	natural_attack_third	bites
vanilla_creatures_extinct/objects/creature_cretaceous.txt	1900	ATTACK_VERB	natural_attack_first	bite
vanilla_creatures_extinct/objects/creature_cretaceous.txt	1900	ATTACK_VERB	natural_attack_third	bites
vanilla_creatures_extinct/objects/creature_cretaceous.txt	2024	ATTACK_VERB	natural_attack_first	bash
vanilla_creatures_extinct/objects/creature_cretaceous.txt	2024	ATTACK_VERB	natural_attack_third	bashes
vanilla_creatures_extinct/objects/creature_cretaceous.txt	2031	ATTACK_VERB	natural_attack_first	bite
vanilla_creatures_extinct/objects/creature_cretaceous.txt	2031	ATTACK_VERB	natural_attack_third	bites
vanilla_creatures_extinct/objects/creature_cretaceous.txt	2081	ATTACK_VERB	natural_attack_first	bash
vanilla_creatures_extinct/objects/creature_cretaceous.txt	2081	ATTACK_VERB	natural_attack_third	bashes
vanilla_creatures_extinct/objects/creature_cretaceous.txt	2167	ATTACK_VERB	natural_attack_first	bite
vanilla_creatures_extinct/objects/creature_cretaceous.txt	2167	ATTACK_VERB	natural_attack_third	bites
vanilla_creatures_extinct/objects/creature_cretaceous.txt	2176	ATTACK_VERB	natural_attack_first	scratch
vanilla_creatures_extinct/objects/creature_cretaceous.txt	2176	ATTACK_VERB	natural_attack_third	scratches
vanilla_creatures_extinct/objects/creature_cretaceous.txt	2184	ATTACK_VERB	natural_attack_first	kick
vanilla_creatures_extinct/objects/creature_cretaceous.txt	2184	ATTACK_VERB	natural_attack_third	kicks
vanilla_creatures_extinct/objects/creature_cretaceous.txt	2192	ATTACK_VERB	natural_attack_first	slap
vanilla_creatures_extinct/objects/creature_cretaceous.txt	2192	ATTACK_VERB	natural_attack_third	slaps
vanilla_creatures_extinct/objects/creature_cretaceous.txt	2311	ATTACK_VERB	natural_attack_first	bite
vanilla_creatures_extinct/objects/creature_cretaceous.txt	2311	ATTACK_VERB	natural_attack_third	bites
vanilla_creatures_extinct/objects/creature_cretaceous.txt	2320	ATTACK_VERB	natural_attack_first	snatch at
vanilla_creatures_extinct/objects/creature_cretaceous.txt	2320	ATTACK_VERB	natural_attack_third	snatches at
vanilla_creatures_extinct/objects/creature_cretaceous.txt	2440	ATTACK_VERB	natural_attack_first	bite
vanilla_creatures_extinct/objects/creature_cretaceous.txt	2440	ATTACK_VERB	natural_attack_third	bites
vanilla_creatures_extinct/objects/creature_cretaceous.txt	2449	ATTACK_VERB	natural_attack_first	scratch
vanilla_creatures_extinct/objects/creature_cretaceous.txt	2449	ATTACK_VERB	natural_attack_third	scratches
vanilla_creatures_extinct/objects/creature_cretaceous.txt	2457	ATTACK_VERB	natural_attack_first	kick
vanilla_creatures_extinct/objects/creature_cretaceous.txt	2457	ATTACK_VERB	natural_attack_third	kicks
vanilla_creatures_extinct/objects/creature_cretaceous.txt	2465	ATTACK_VERB	natural_attack_first	slap
vanilla_creatures_extinct/objects/creature_cretaceous.txt	2465	ATTACK_VERB	natural_attack_third	slaps
vanilla_creatures_extinct/objects/creature_cretaceous.txt	2581	ATTACK_VERB	natural_attack_first	bite
vanilla_creatures_extinct/objects/creature_cretaceous.txt	2581	ATTACK_VERB	natural_attack_third	bites
vanilla_creatures_extinct/objects/creature_cretaceous.txt	2590	ATTACK_VERB	natural_attack_first	scratch
vanilla_creatures_extinct/objects/creature_cretaceous.txt	2590	ATTACK_VERB	natural_attack_third	scratches
vanilla_creatures_extinct/objects/creature_cretaceous.txt	2598	ATTACK_VERB	natural_attack_first	kick
vanilla_creatures_extinct/objects/creature_cretaceous.txt	2598	ATTACK_VERB	natural_attack_third	kicks
vanilla_creatures_extinct/objects/creature_cretaceous.txt	2606	ATTACK_VERB	natural_attack_first	slap
vanilla_creatures_extinct/objects/creature_cretaceous.txt	2606	ATTACK_VERB	natural_attack_third	slaps
vanilla_creatures_extinct/objects/creature_cretaceous.txt	2733	ATTACK_VERB	natural_attack_first	bite
vanilla_creatures_extinct/objects/creature_cretaceous.txt	2733	ATTACK_VERB	natural_attack_third	bites
vanilla_creatures_extinct/objects/creature_cretaceous.txt	2742	ATTACK_VERB	natural_attack_first	scratch
vanilla_creatures_extinct/objects/creature_cretaceous.txt	2742	ATTACK_VERB	natural_attack_third	scratches
vanilla_creatures_extinct/objects/creature_cretaceous.txt	2750	ATTACK_VERB	natural_attack_first	scratch
vanilla_creatures_extinct/objects/creature_cretaceous.txt	2750	ATTACK_VERB	natural_attack_third	scratches
vanilla_creatures_extinct/objects/creature_cretaceous.txt	2758	ATTACK_VERB	natural_attack_first	kick
vanilla_creatures_extinct/objects/creature_cretaceous.txt	2758	ATTACK_VERB	natural_attack_third	kicks
vanilla_creatures_extinct/objects/creature_cretaceous.txt	2893	ATTACK_VERB	natural_attack_first	bite
vanilla_creatures_extinct/objects/creature_cretaceous.txt	2893	ATTACK_VERB	natural_attack_third	bites
vanilla_creatures_extinct/objects/creature_cretaceous.txt	2902	ATTACK_VERB	natural_attack_first	scratch
vanilla_creatures_extinct/objects/creature_cretaceous.txt	2902	ATTACK_VERB	natural_attack_third	scratches
vanilla_creatures_extinct/objects/creature_cretaceous.txt	2910	ATTACK_VERB	natural_attack_first	scratch
vanilla_creatures_extinct/objects/creature_cretaceous.txt	2910	ATTACK_VERB	natural_attack_third	scratches
vanilla_creatures_extinct/objects/creature_cretaceous.txt	2918	ATTACK_VERB	natural_attack_first	kick
vanilla_creatures_extinct/objects/creature_cretaceous.txt	2918	ATTACK_VERB	natural_attack_third	kicks
vanilla_creatures_extinct/objects/creature_cretaceous.txt	3053	ATTACK_VERB	natural_attack_first	bite
vanilla_creatures_extinct/objects/creature_cretaceous.txt	3053	ATTACK_VERB	natural_attack_third	bites
vanilla_creatures_extinct/objects/creature_cretaceous.txt	3062	ATTACK_VERB	natural_attack_first	scratch
vanilla_creatures_extinct/objects/creature_cretaceous.txt	3062	ATTACK_VERB	natural_attack_third	scratches
vanilla_creatures_extinct/objects/creature_cretaceous.txt	3070	ATTACK_VERB	natural_attack_first	scratch
vanilla_creatures_extinct/objects/creature_cretaceous.txt	3070	ATTACK_VERB	natural_attack_third	scratches
vanilla_creatures_extinct/objects/creature_cretaceous.txt	3078	ATTACK_VERB	natural_attack_first	kick
vanilla_creatures_extinct/objects/creature_cretaceous.txt	3078	ATTACK_VERB	natural_attack_third	kicks
vanilla_creatures_extinct/objects/creature_cretaceous.txt	3210	ATTACK_VERB	natural_attack_first	bite
vanilla_creatures_extinct/objects/creature_cretaceous.txt	3210	ATTACK_VERB	natural_attack_third	bites
vanilla_creatures_extinct/objects/creature_cretaceous.txt	3219	ATTACK_VERB	natural_attack_first	scratch
vanilla_creatures_extinct/objects/creature_cretaceous.txt	3219	ATTACK_VERB	natural_attack_third	scratches
vanilla_creatures_extinct/objects/creature_cretaceous.txt	3227	ATTACK_VERB	natural_attack_first	kick
vanilla_creatures_extinct/objects/creature_cretaceous.txt	3227	ATTACK_VERB	natural_attack_third	kicks
vanilla_creatures_extinct/objects/creature_cretaceous.txt	3235	ATTACK_VERB	natural_attack_first	slap
vanilla_creatures_extinct/objects/creature_cretaceous.txt	3235	ATTACK_VERB	natural_attack_third	slaps
vanilla_creatures_extinct/objects/creature_cretaceous.txt	3367	ATTACK_VERB	natural_attack_first	bite
vanilla_creatures_extinct/objects/creature_cretaceous.txt	3367	ATTACK_VERB	natural_attack_third	bites
vanilla_creatures_extinct/objects/creature_cretaceous.txt	3376	ATTACK_VERB	natural_attack_first	scratch
vanilla_creatures_extinct/objects/creature_cretaceous.txt	3376	ATTACK_VERB	natural_attack_third	scratches
vanilla_creatures_extinct/objects/creature_cretaceous.txt	3384	ATTACK_VERB	natural_attack_first	kick
vanilla_creatures_extinct/objects/creature_cretaceous.txt	3384	ATTACK_VERB	natural_attack_third	kicks
vanilla_creatures_extinct/objects/creature_cretaceous.txt	3392	ATTACK_VERB	natural_attack_first	slap
vanilla_creatures_extinct/objects/creature_cretaceous.txt	3392	ATTACK_VERB	natural_attack_third	slaps
vanilla_creatures_extinct/objects/creature_cretaceous.txt	3523	ATTACK_VERB	natural_attack_first	bite
vanilla_creatures_extinct/objects/creature_cretaceous.txt	3523	ATTACK_VERB	natural_attack_third	bites
vanilla_creatures_extinct/objects/creature_cretaceous.txt	3532	ATTACK_VERB	natural_attack_first	scratch
vanilla_creatures_extinct/objects/creature_cretaceous.txt	3532	ATTACK_VERB	natural_attack_third	scratches
vanilla_creatures_extinct/objects/creature_cretaceous.txt	3540	ATTACK_VERB	natural_attack_first	kick
vanilla_creatures_extinct/objects/creature_cretaceous.txt	3540	ATTACK_VERB	natural_attack_third	kicks
vanilla_creatures_extinct/objects/creature_cretaceous.txt	3548	ATTACK_VERB	natural_attack_first	slap
vanilla_creatures_extinct/objects/creature_cretaceous.txt	3548	ATTACK_VERB	natural_attack_third	slaps
vanilla_creatures_extinct/objects/creature_cretaceous.txt	3677	ATTACK_VERB	natural_attack_first	bite
vanilla_creatures_extinct/objects/creature_cretaceous.txt	3677	ATTACK_VERB	natural_attack_third	bites
vanilla_creatures_extinct/objects/creature_cretaceous.txt	3808	ATTACK_VERB	natural_attack_first	bite
vanilla_creatures_extinct/objects/creature_cretaceous.txt	3808	ATTACK_VERB	natural_attack_third	bites
vanilla_creatures_extinct/objects/creature_cretaceous.txt	3817	ATTACK_VERB	natural_attack_first	scratch
vanilla_creatures_extinct/objects/creature_cretaceous.txt	3817	ATTACK_VERB	natural_attack_third	scratches
vanilla_creatures_extinct/objects/creature_cretaceous.txt	3825	ATTACK_VERB	natural_attack_first	kick
vanilla_creatures_extinct/objects/creature_cretaceous.txt	3825	ATTACK_VERB	natural_attack_third	kicks
vanilla_creatures_extinct/objects/creature_cretaceous.txt	3945	ATTACK_VERB	natural_attack_first	bite
vanilla_creatures_extinct/objects/creature_cretaceous.txt	3945	ATTACK_VERB	natural_attack_third	bites
vanilla_creatures_extinct/objects/creature_cretaceous.txt	3954	ATTACK_VERB	natural_attack_first	snatch at
vanilla_creatures_extinct/objects/creature_cretaceous.txt	3954	ATTACK_VERB	natural_attack_third	snatches at
vanilla_creatures_extinct/objects/creature_cretaceous.txt	4086	ATTACK_VERB	natural_attack_first	bite
vanilla_creatures_extinct/objects/creature_cretaceous.txt	4086	ATTACK_VERB	natural_attack_third	bites
vanilla_creatures_extinct/objects/creature_cretaceous.txt	4095	ATTACK_VERB	natural_attack_first	scratch
vanilla_creatures_extinct/objects/creature_cretaceous.txt	4095	ATTACK_VERB	natural_attack_third	scratches
vanilla_creatures_extinct/objects/creature_cretaceous.txt	4103	ATTACK_VERB	natural_attack_first	kick
vanilla_creatures_extinct/objects/creature_cretaceous.txt	4103	ATTACK_VERB	natural_attack_third	kicks
vanilla_creatures_extinct/objects/creature_cretaceous.txt	4111	ATTACK_VERB	natural_attack_first	slap
vanilla_creatures_extinct/objects/creature_cretaceous.txt	4111	ATTACK_VERB	natural_attack_third	slaps
vanilla_creatures_extinct/objects/creature_cretaceous.txt	4119	ATTACK_VERB	natural_attack_first	gore
vanilla_creatures_extinct/objects/creature_cretaceous.txt	4119	ATTACK_VERB	natural_attack_third	gores
vanilla_creatures_extinct/objects/creature_cretaceous.txt	4243	ATTACK_VERB	natural_attack_first	bite
vanilla_creatures_extinct/objects/creature_cretaceous.txt	4243	ATTACK_VERB	natural_attack_third	bites
vanilla_creatures_extinct/objects/creature_cretaceous.txt	4252	ATTACK_VERB	natural_attack_first	scratch
vanilla_creatures_extinct/objects/creature_cretaceous.txt	4252	ATTACK_VERB	natural_attack_third	scratches
vanilla_creatures_extinct/objects/creature_cretaceous.txt	4260	ATTACK_VERB	natural_attack_first	kick
vanilla_creatures_extinct/objects/creature_cretaceous.txt	4260	ATTACK_VERB	natural_attack_third	kicks
vanilla_creatures_extinct/objects/creature_cretaceous.txt	4383	ATTACK_VERB	natural_attack_first	bite
vanilla_creatures_extinct/objects/creature_cretaceous.txt	4383	ATTACK_VERB	natural_attack_third	bites
vanilla_creatures_extinct/objects/creature_devonian.txt	62	ATTACK_VERB	natural_attack_first	bite
vanilla_creatures_extinct/objects/creature_devonian.txt	62	ATTACK_VERB	natural_attack_third	bites
vanilla_creatures_extinct/objects/creature_devonian.txt	70	ATTACK_VERB	natural_attack_first	slap
vanilla_creatures_extinct/objects/creature_devonian.txt	70	ATTACK_VERB	natural_attack_third	slaps
vanilla_creatures_extinct/objects/creature_devonian.txt	173	ATTACK_VERB	natural_attack_first	bite
vanilla_creatures_extinct/objects/creature_devonian.txt	173	ATTACK_VERB	natural_attack_third	bites
vanilla_creatures_extinct/objects/creature_jurassic.txt	61	ATTACK_VERB	natural_attack_first	bite
vanilla_creatures_extinct/objects/creature_jurassic.txt	61	ATTACK_VERB	natural_attack_third	bites
vanilla_creatures_extinct/objects/creature_jurassic.txt	70	ATTACK_VERB	natural_attack_first	slap
vanilla_creatures_extinct/objects/creature_jurassic.txt	70	ATTACK_VERB	natural_attack_third	slaps
vanilla_creatures_extinct/objects/creature_jurassic.txt	193	ATTACK_VERB	natural_attack_first	bite
vanilla_creatures_extinct/objects/creature_jurassic.txt	193	ATTACK_VERB	natural_attack_third	bites
vanilla_creatures_extinct/objects/creature_jurassic.txt	202	ATTACK_VERB	natural_attack_first	scratch
vanilla_creatures_extinct/objects/creature_jurassic.txt	202	ATTACK_VERB	natural_attack_third	scratches
vanilla_creatures_extinct/objects/creature_jurassic.txt	210	ATTACK_VERB	natural_attack_first	kick
vanilla_creatures_extinct/objects/creature_jurassic.txt	210	ATTACK_VERB	natural_attack_third	kicks
vanilla_creatures_extinct/objects/creature_jurassic.txt	218	ATTACK_VERB	natural_attack_first	slap
vanilla_creatures_extinct/objects/creature_jurassic.txt	218	ATTACK_VERB	natural_attack_third	slaps
vanilla_creatures_extinct/objects/creature_jurassic.txt	339	ATTACK_VERB	natural_attack_first	bite
vanilla_creatures_extinct/objects/creature_jurassic.txt	339	ATTACK_VERB	natural_attack_third	bites
vanilla_creatures_extinct/objects/creature_jurassic.txt	348	ATTACK_VERB	natural_attack_first	snatch at
vanilla_creatures_extinct/objects/creature_jurassic.txt	348	ATTACK_VERB	natural_attack_third	snatches at
vanilla_creatures_extinct/objects/creature_jurassic.txt	460	ATTACK_VERB	natural_attack_first	bite
vanilla_creatures_extinct/objects/creature_jurassic.txt	460	ATTACK_VERB	natural_attack_third	bites
vanilla_creatures_extinct/objects/creature_jurassic.txt	579	ATTACK_VERB	natural_attack_first	lash
vanilla_creatures_extinct/objects/creature_jurassic.txt	579	ATTACK_VERB	natural_attack_third	lashes
vanilla_creatures_extinct/objects/creature_jurassic.txt	588	ATTACK_VERB	natural_attack_first	bite
vanilla_creatures_extinct/objects/creature_jurassic.txt	588	ATTACK_VERB	natural_attack_third	bites
vanilla_creatures_extinct/objects/creature_jurassic.txt	638	ATTACK_VERB	natural_attack_first	lash
vanilla_creatures_extinct/objects/creature_jurassic.txt	638	ATTACK_VERB	natural_attack_third	lashes
vanilla_creatures_extinct/objects/creature_jurassic.txt	726	ATTACK_VERB	natural_attack_first	lash
vanilla_creatures_extinct/objects/creature_jurassic.txt	726	ATTACK_VERB	natural_attack_third	lashes
vanilla_creatures_extinct/objects/creature_jurassic.txt	735	ATTACK_VERB	natural_attack_first	stab
vanilla_creatures_extinct/objects/creature_jurassic.txt	735	ATTACK_VERB	natural_attack_third	stabs
vanilla_creatures_extinct/objects/creature_jurassic.txt	744	ATTACK_VERB	natural_attack_first	stab
vanilla_creatures_extinct/objects/creature_jurassic.txt	744	ATTACK_VERB	natural_attack_third	stabs
vanilla_creatures_extinct/objects/creature_jurassic.txt	753	ATTACK_VERB	natural_attack_first	bite
vanilla_creatures_extinct/objects/creature_jurassic.txt	753	ATTACK_VERB	natural_attack_third	bites
vanilla_creatures_extinct/objects/creature_jurassic.txt	803	ATTACK_VERB	natural_attack_first	lash
vanilla_creatures_extinct/objects/creature_jurassic.txt	803	ATTACK_VERB	natural_attack_third	lashes
vanilla_creatures_extinct/objects/creature_jurassic.txt	812	ATTACK_VERB	natural_attack_first	stab
vanilla_creatures_extinct/objects/creature_jurassic.txt	812	ATTACK_VERB	natural_attack_third	stabs
vanilla_creatures_extinct/objects/creature_jurassic.txt	821	ATTACK_VERB	natural_attack_first	stab
vanilla_creatures_extinct/objects/creature_jurassic.txt	821	ATTACK_VERB	natural_attack_third	stabs
vanilla_creatures_extinct/objects/creature_jurassic.txt	906	ATTACK_VERB	natural_attack_first	bite
vanilla_creatures_extinct/objects/creature_jurassic.txt	906	ATTACK_VERB	natural_attack_third	bites
vanilla_creatures_extinct/objects/creature_jurassic.txt	915	ATTACK_VERB	natural_attack_first	snatch at
vanilla_creatures_extinct/objects/creature_jurassic.txt	915	ATTACK_VERB	natural_attack_third	snatches at
vanilla_creatures_extinct/objects/creature_jurassic.txt	1033	ATTACK_VERB	natural_attack_first	bite
vanilla_creatures_extinct/objects/creature_jurassic.txt	1033	ATTACK_VERB	natural_attack_third	bites
vanilla_creatures_extinct/objects/creature_jurassic.txt	1042	ATTACK_VERB	natural_attack_first	snatch at
vanilla_creatures_extinct/objects/creature_jurassic.txt	1042	ATTACK_VERB	natural_attack_third	snatches at
vanilla_creatures_extinct/objects/creature_jurassic.txt	1168	ATTACK_VERB	natural_attack_first	bite
vanilla_creatures_extinct/objects/creature_jurassic.txt	1168	ATTACK_VERB	natural_attack_third	bites
vanilla_creatures_extinct/objects/creature_jurassic.txt	1177	ATTACK_VERB	natural_attack_first	scratch
vanilla_creatures_extinct/objects/creature_jurassic.txt	1177	ATTACK_VERB	natural_attack_third	scratches
vanilla_creatures_extinct/objects/creature_jurassic.txt	1185	ATTACK_VERB	natural_attack_first	kick
vanilla_creatures_extinct/objects/creature_jurassic.txt	1185	ATTACK_VERB	natural_attack_third	kicks
vanilla_creatures_extinct/objects/creature_jurassic.txt	1193	ATTACK_VERB	natural_attack_first	slap
vanilla_creatures_extinct/objects/creature_jurassic.txt	1193	ATTACK_VERB	natural_attack_third	slaps
vanilla_creatures_extinct/objects/creature_jurassic.txt	1327	ATTACK_VERB	natural_attack_first	bite
vanilla_creatures_extinct/objects/creature_jurassic.txt	1327	ATTACK_VERB	natural_attack_third	bites
vanilla_creatures_extinct/objects/creature_jurassic.txt	1336	ATTACK_VERB	natural_attack_first	scratch
vanilla_creatures_extinct/objects/creature_jurassic.txt	1336	ATTACK_VERB	natural_attack_third	scratches
vanilla_creatures_extinct/objects/creature_jurassic.txt	1344	ATTACK_VERB	natural_attack_first	kick
vanilla_creatures_extinct/objects/creature_jurassic.txt	1344	ATTACK_VERB	natural_attack_third	kicks
vanilla_creatures_extinct/objects/creature_jurassic.txt	1352	ATTACK_VERB	natural_attack_first	slap
vanilla_creatures_extinct/objects/creature_jurassic.txt	1352	ATTACK_VERB	natural_attack_third	slaps
vanilla_creatures_extinct/objects/creature_jurassic.txt	1480	ATTACK_VERB	natural_attack_first	bite
vanilla_creatures_extinct/objects/creature_jurassic.txt	1480	ATTACK_VERB	natural_attack_third	bites
vanilla_creatures_extinct/objects/creature_jurassic.txt	1614	ATTACK_VERB	natural_attack_first	bite
vanilla_creatures_extinct/objects/creature_jurassic.txt	1614	ATTACK_VERB	natural_attack_third	bites
vanilla_creatures_extinct/objects/creature_jurassic.txt	1748	ATTACK_VERB	natural_attack_first	bite
vanilla_creatures_extinct/objects/creature_jurassic.txt	1748	ATTACK_VERB	natural_attack_third	bites
vanilla_creatures_extinct/objects/creature_jurassic.txt	1882	ATTACK_VERB	natural_attack_first	bite
vanilla_creatures_extinct/objects/creature_jurassic.txt	1882	ATTACK_VERB	natural_attack_third	bites
vanilla_creatures_extinct/objects/creature_jurassic.txt	2019	ATTACK_VERB	natural_attack_first	bite
vanilla_creatures_extinct/objects/creature_jurassic.txt	2019	ATTACK_VERB	natural_attack_third	bites
vanilla_creatures_extinct/objects/creature_jurassic.txt	2028	ATTACK_VERB	natural_attack_first	scratch
vanilla_creatures_extinct/objects/creature_jurassic.txt	2028	ATTACK_VERB	natural_attack_third	scratches
vanilla_creatures_extinct/objects/creature_jurassic.txt	2036	ATTACK_VERB	natural_attack_first	kick
vanilla_creatures_extinct/objects/creature_jurassic.txt	2036	ATTACK_VERB	natural_attack_third	kicks
vanilla_creatures_extinct/objects/creature_jurassic.txt	2044	ATTACK_VERB	natural_attack_first	slap
vanilla_creatures_extinct/objects/creature_jurassic.txt	2044	ATTACK_VERB	natural_attack_third	slaps
vanilla_creatures_extinct/objects/creature_jurassic.txt	2174	ATTACK_VERB	natural_attack_first	bite
vanilla_creatures_extinct/objects/creature_jurassic.txt	2174	ATTACK_VERB	natural_attack_third	bites
vanilla_creatures_extinct/objects/creature_jurassic.txt	2183	ATTACK_VERB	natural_attack_first	scratch
vanilla_creatures_extinct/objects/creature_jurassic.txt	2183	ATTACK_VERB	natural_attack_third	scratches
vanilla_creatures_extinct/objects/creature_jurassic.txt	2191	ATTACK_VERB	natural_attack_first	kick
vanilla_creatures_extinct/objects/creature_jurassic.txt	2191	ATTACK_VERB	natural_attack_third	kicks
vanilla_creatures_extinct/objects/creature_jurassic.txt	2199	ATTACK_VERB	natural_attack_first	slap
vanilla_creatures_extinct/objects/creature_jurassic.txt	2199	ATTACK_VERB	natural_attack_third	slaps
vanilla_creatures_extinct/objects/creature_jurassic.txt	2320	ATTACK_VERB	natural_attack_first	bite
vanilla_creatures_extinct/objects/creature_jurassic.txt	2320	ATTACK_VERB	natural_attack_third	bites
vanilla_creatures_extinct/objects/creature_jurassic.txt	2329	ATTACK_VERB	natural_attack_first	snatch at
vanilla_creatures_extinct/objects/creature_jurassic.txt	2329	ATTACK_VERB	natural_attack_third	snatches at
vanilla_creatures_extinct/objects/creature_permian.txt	58	ATTACK_VERB	natural_attack_first	bite
vanilla_creatures_extinct/objects/creature_permian.txt	58	ATTACK_VERB	natural_attack_third	bites
vanilla_creatures_extinct/objects/creature_permian.txt	170	ATTACK_VERB	natural_attack_first	bite
vanilla_creatures_extinct/objects/creature_permian.txt	170	ATTACK_VERB	natural_attack_third	bites
vanilla_creatures_extinct/objects/creature_permian.txt	283	ATTACK_VERB	natural_attack_first	bite
vanilla_creatures_extinct/objects/creature_permian.txt	283	ATTACK_VERB	natural_attack_third	bites
vanilla_creatures_extinct/objects/creature_permian.txt	292	ATTACK_VERB	natural_attack_first	slap
vanilla_creatures_extinct/objects/creature_permian.txt	292	ATTACK_VERB	natural_attack_third	slaps
vanilla_creatures_extinct/objects/creature_permian.txt	402	ATTACK_VERB	natural_attack_first	bite
vanilla_creatures_extinct/objects/creature_permian.txt	402	ATTACK_VERB	natural_attack_third	bites
vanilla_creatures_extinct/objects/creature_permian.txt	522	ATTACK_VERB	natural_attack_first	bite
vanilla_creatures_extinct/objects/creature_permian.txt	522	ATTACK_VERB	natural_attack_third	bites
vanilla_creatures_extinct/objects/creature_permian.txt	644	ATTACK_VERB	natural_attack_first	bite
vanilla_creatures_extinct/objects/creature_permian.txt	644	ATTACK_VERB	natural_attack_third	bites
vanilla_creatures_extinct/objects/creature_permian.txt	761	ATTACK_VERB	natural_attack_first	bite
vanilla_creatures_extinct/objects/creature_permian.txt	761	ATTACK_VERB	natural_attack_third	bites
vanilla_creatures_extinct/objects/creature_triassic.txt	57	ATTACK_VERB	natural_attack_first	bite
vanilla_creatures_extinct/objects/creature_triassic.txt	57	ATTACK_VERB	natural_attack_third	bites
vanilla_creatures_extinct/objects/creature_triassic.txt	177	ATTACK_VERB	natural_attack_first	bite
vanilla_creatures_extinct/objects/creature_triassic.txt	177	ATTACK_VERB	natural_attack_third	bites
vanilla_creatures_extinct/objects/creature_triassic.txt	186	ATTACK_VERB	natural_attack_first	scratch
vanilla_creatures_extinct/objects/creature_triassic.txt	186	ATTACK_VERB	natural_attack_third	scratches
vanilla_creatures_extinct/objects/creature_triassic.txt	194	ATTACK_VERB	natural_attack_first	kick
vanilla_creatures_extinct/objects/creature_triassic.txt	194	ATTACK_VERB	natural_attack_third	kicks
vanilla_creatures_extinct/objects/creature_triassic.txt	202	ATTACK_VERB	natural_attack_first	slap
vanilla_creatures_extinct/objects/creature_triassic.txt	202	ATTACK_VERB	natural_attack_third	slaps
vanilla_creatures_extinct/objects/creature_triassic.txt	320	ATTACK_VERB	natural_attack_first	bite
vanilla_creatures_extinct/objects/creature_triassic.txt	320	ATTACK_VERB	natural_attack_third	bites
vanilla_creatures_extinct/objects/creature_triassic.txt	445	ATTACK_VERB	natural_attack_first	bite
vanilla_creatures_extinct/objects/creature_triassic.txt	445	ATTACK_VERB	natural_attack_third	bites
vanilla_creatures_extinct/objects/creature_triassic.txt	571	ATTACK_VERB	natural_attack_first	bite
vanilla_creatures_extinct/objects/creature_triassic.txt	571	ATTACK_VERB	natural_attack_third	bites
vanilla_creatures_extinct/objects/creature_triassic.txt	691	ATTACK_VERB	natural_attack_first	bite
vanilla_creatures_extinct/objects/creature_triassic.txt	691	ATTACK_VERB	natural_attack_third	bites
vanilla_items/objects/item_ammo.txt	9	ATTACK	weapon_attack_first	stab
vanilla_items/objects/item_ammo.txt	9	ATTACK	weapon_attack_third	stabs
vanilla_items/objects/item_ammo.txt	9	ATTACK	weapon_attack_sub_name	NO_SUB
vanilla_items/objects/item_ammo.txt	16	ATTACK	weapon_attack_first	stab
vanilla_items/objects/item_ammo.txt	16	ATTACK	weapon_attack_third	stabs
vanilla_items/objects/item_ammo.txt	16	ATTACK	weapon_attack_sub_name	NO_SUB
vanilla_items/objects/item_ammo.txt	23	ATTACK	weapon_attack_first	stick
vanilla_items/objects/item_ammo.txt	23	ATTACK	weapon_attack_third	sticks
vanilla_items/objects/item_ammo.txt	23	ATTACK	weapon_attack_sub_name	NO_SUB
vanilla_items/objects/item_shield.txt	6	NAME	item_singular	shield
vanilla_items/objects/item_shield.txt	6	NAME	item_plural	shields
vanilla_items/objects/item_shield.txt	13	NAME	item_singular	buckler
vanilla_items/objects/item_shield.txt	13	NAME	item_plural	bucklers
vanilla_items/objects/item_tool.txt	6	NAME	item_singular	cauldron
vanilla_items/objects/item_tool.txt	6	NAME	item_plural	cauldrons
vanilla_items/objects/item_tool.txt	16	NAME	item_singular	ladle
vanilla_items/objects/item_tool.txt	16	NAME	item_plural	ladles
vanilla_items/objects/item_tool.txt	25	NAME	item_singular	bowl
vanilla_items/objects/item_tool.txt	25	NAME	item_plural	bowls
vanilla_items/objects/item_tool.txt	35	NAME	item_singular	mortar
vanilla_items/objects/item_tool.txt	35	NAME	item_plural	mortars
vanilla_items/objects/item_tool.txt	45	NAME	item_singular	pestle
vanilla_items/objects/item_tool.txt	45	NAME	item_plural	pestles
vanilla_items/objects/item_tool.txt	54	NAME	item_singular	carving knife
vanilla_items/objects/item_tool.txt	54	NAME	item_plural	carving knives
vanilla_items/objects/item_tool.txt	64	ATTACK	weapon_attack_first	slash
vanilla_items/objects/item_tool.txt	64	ATTACK	weapon_attack_third	slashes
vanilla_items/objects/item_tool.txt	64	ATTACK	weapon_attack_sub_name	NO_SUB
vanilla_items/objects/item_tool.txt	66	ATTACK	weapon_attack_first	stab
vanilla_items/objects/item_tool.txt	66	ATTACK	weapon_attack_third	stabs
vanilla_items/objects/item_tool.txt	66	ATTACK	weapon_attack_sub_name	NO_SUB
vanilla_items/objects/item_tool.txt	68	ATTACK	weapon_attack_first	strike
vanilla_items/objects/item_tool.txt	68	ATTACK	weapon_attack_third	strikes
vanilla_items/objects/item_tool.txt	68	ATTACK	weapon_attack_sub_name	handle
vanilla_items/objects/item_tool.txt	72	NAME	item_singular	boning knife
vanilla_items/objects/item_tool.txt	72	NAME	item_plural	boning knives
vanilla_items/objects/item_tool.txt	82	ATTACK	weapon_attack_first	slash
vanilla_items/objects/item_tool.txt	82	ATTACK	weapon_attack_third	slashes
vanilla_items/objects/item_tool.txt	82	ATTACK	weapon_attack_sub_name	NO_SUB
vanilla_items/objects/item_tool.txt	84	ATTACK	weapon_attack_first	stab
vanilla_items/objects/item_tool.txt	84	ATTACK	weapon_attack_third	stabs
vanilla_items/objects/item_tool.txt	84	ATTACK	weapon_attack_sub_name	NO_SUB
vanilla_items/objects/item_tool.txt	86	ATTACK	weapon_attack_first	strike
vanilla_items/objects/item_tool.txt	86	ATTACK	weapon_attack_third	strikes
vanilla_items/objects/item_tool.txt	86	ATTACK	weapon_attack_sub_name	handle
vanilla_items/objects/item_tool.txt	90	NAME	item_singular	slicing knife
vanilla_items/objects/item_tool.txt	90	NAME	item_plural	slicing knives
vanilla_items/objects/item_tool.txt	100	ATTACK	weapon_attack_first	slash
vanilla_items/objects/item_tool.txt	100	ATTACK	weapon_attack_third	slashes
vanilla_items/objects/item_tool.txt	100	ATTACK	weapon_attack_sub_name	NO_SUB
vanilla_items/objects/item_tool.txt	102	ATTACK	weapon_attack_first	stab
vanilla_items/objects/item_tool.txt	102	ATTACK	weapon_attack_third	stabs
vanilla_items/objects/item_tool.txt	102	ATTACK	weapon_attack_sub_name	NO_SUB
vanilla_items/objects/item_tool.txt	104	ATTACK	weapon_attack_first	strike
vanilla_items/objects/item_tool.txt	104	ATTACK	weapon_attack_third	strikes
vanilla_items/objects/item_tool.txt	104	ATTACK	weapon_attack_sub_name	handle
vanilla_items/objects/item_tool.txt	108	NAME	item_singular	meat cleaver
vanilla_items/objects/item_tool.txt	108	NAME	item_plural	meat cleavers
vanilla_items/objects/item_tool.txt	118	ATTACK	weapon_attack_first	hack
vanilla_items/objects/item_tool.txt	118	ATTACK	weapon_attack_third	hacks
vanilla_items/objects/item_tool.txt	118	ATTACK	weapon_attack_sub_name	NO_SUB
vanilla_items/objects/item_tool.txt	120	ATTACK	weapon_attack_first	slap
vanilla_items/objects/item_tool.txt	120	ATTACK	weapon_attack_third	slaps
vanilla_items/objects/item_tool.txt	120	ATTACK	weapon_attack_sub_name	flat
vanilla_items/objects/item_tool.txt	122	ATTACK	weapon_attack_first	strike
vanilla_items/objects/item_tool.txt	122	ATTACK	weapon_attack_third	strikes
vanilla_items/objects/item_tool.txt	122	ATTACK	weapon_attack_sub_name	handle
vanilla_items/objects/item_tool.txt	126	NAME	item_singular	carving fork
vanilla_items/objects/item_tool.txt	126	NAME	item_plural	carving forks
vanilla_items/objects/item_tool.txt	136	ATTACK	weapon_attack_first	stab
vanilla_items/objects/item_tool.txt	136	ATTACK	weapon_attack_third	stabs
vanilla_items/objects/item_tool.txt	136	ATTACK	weapon_attack_sub_name	NO_SUB
vanilla_items/objects/item_tool.txt	138	ATTACK	weapon_attack_first	strike
vanilla_items/objects/item_tool.txt	138	ATTACK	weapon_attack_third	strikes
vanilla_items/objects/item_tool.txt	138	ATTACK	weapon_attack_sub_name	handle
vanilla_items/objects/item_tool.txt	142	NAME	item_singular	nest box
vanilla_items/objects/item_tool.txt	142	NAME	item_plural	nest boxes
vanilla_items/objects/item_tool.txt	152	NAME	item_singular	jug
vanilla_items/objects/item_tool.txt	152	NAME	item_plural	jugs
vanilla_items/objects/item_tool.txt	162	NAME	item_singular	pot
vanilla_items/objects/item_tool.txt	162	NAME	item_plural	pots
vanilla_items/objects/item_tool.txt	173	NAME	item_singular	hive
vanilla_items/objects/item_tool.txt	173	NAME	item_plural	hives
vanilla_items/objects/item_tool.txt	183	NAME	item_singular	honeycomb
vanilla_items/objects/item_tool.txt	183	NAME	item_plural	honeycombs
vanilla_items/objects/item_tool.txt	191	NAME	item_singular	pouch
vanilla_items/objects/item_tool.txt	191	NAME	item_plural	pouches
vanilla_items/objects/item_tool.txt	201	NAME	item_singular	minecart
vanilla_items/objects/item_tool.txt	201	NAME	item_plural	minecarts
vanilla_items/objects/item_tool.txt	214	NAME	item_singular	wheelbarrow
vanilla_items/objects/item_tool.txt	214	NAME	item_plural	wheelbarrows
vanilla_items/objects/item_tool.txt	226	NAME	item_singular	stepladder
vanilla_items/objects/item_tool.txt	226	NAME	item_plural	stepladders
vanilla_items/objects/item_tool.txt	237	NAME	item_singular	scroll rollers
vanilla_items/objects/item_tool.txt	237	NAME	item_plural	scroll rollers
vanilla_items/objects/item_tool.txt	248	NAME	item_singular	book binding
vanilla_items/objects/item_tool.txt	248	NAME	item_plural	book bindings
vanilla_items/objects/item_tool.txt	259	NAME	item_singular	scroll
vanilla_items/objects/item_tool.txt	259	NAME	item_plural	scrolls
vanilla_items/objects/item_tool.txt	269	NAME	item_singular	quire
vanilla_items/objects/item_tool.txt	269	NAME	item_plural	quires
vanilla_items/objects/item_tool.txt	281	NAME	item_singular	bookcase
vanilla_items/objects/item_tool.txt	281	NAME	item_plural	bookcases
vanilla_items/objects/item_tool.txt	293	NAME	item_singular	helve
vanilla_items/objects/item_tool.txt	293	NAME	item_plural	helves
vanilla_items/objects/item_tool.txt	304	NAME	item_singular	axe
vanilla_items/objects/item_tool.txt	304	NAME	item_plural	axes
vanilla_items/objects/item_tool.txt	314	ATTACK	weapon_attack_first	hack
vanilla_items/objects/item_tool.txt	314	ATTACK	weapon_attack_third	hacks
vanilla_items/objects/item_tool.txt	314	ATTACK	weapon_attack_sub_name	NO_SUB
vanilla_items/objects/item_tool.txt	316	ATTACK	weapon_attack_first	slap
vanilla_items/objects/item_tool.txt	316	ATTACK	weapon_attack_third	slaps
vanilla_items/objects/item_tool.txt	316	ATTACK	weapon_attack_sub_name	flat
vanilla_items/objects/item_tool.txt	318	ATTACK	weapon_attack_first	strike
vanilla_items/objects/item_tool.txt	318	ATTACK	weapon_attack_third	strikes
vanilla_items/objects/item_tool.txt	318	ATTACK	weapon_attack_sub_name	helve
vanilla_items/objects/item_tool.txt	322	NAME	item_singular	pedestal
vanilla_items/objects/item_tool.txt	322	NAME	item_plural	pedestals
vanilla_items/objects/item_tool.txt	332	NAME	item_singular	display case
vanilla_items/objects/item_tool.txt	332	NAME	item_plural	display cases
vanilla_items/objects/item_tool.txt	343	NAME	item_singular	altar
vanilla_items/objects/item_tool.txt	343	NAME	item_plural	altars
vanilla_items/objects/item_tool.txt	353	NAME	item_singular	die
vanilla_items/objects/item_tool.txt	353	NAME	item_plural	dice
vanilla_items/objects/item_trapcomp.txt	12	ATTACK	weapon_attack_first	slash
vanilla_items/objects/item_trapcomp.txt	12	ATTACK	weapon_attack_third	slashes
vanilla_items/objects/item_trapcomp.txt	12	ATTACK	weapon_attack_sub_name	NO_SUB
vanilla_items/objects/item_trapcomp.txt	24	ATTACK	weapon_attack_first	drill
vanilla_items/objects/item_trapcomp.txt	24	ATTACK	weapon_attack_third	drills
vanilla_items/objects/item_trapcomp.txt	24	ATTACK	weapon_attack_sub_name	NO_SUB
vanilla_items/objects/item_trapcomp.txt	35	ATTACK	weapon_attack_first	strike
vanilla_items/objects/item_trapcomp.txt	35	ATTACK	weapon_attack_third	strikes
vanilla_items/objects/item_trapcomp.txt	35	ATTACK	weapon_attack_sub_name	NO_SUB
vanilla_items/objects/item_trapcomp.txt	45	ATTACK	weapon_attack_first	saw
vanilla_items/objects/item_trapcomp.txt	45	ATTACK	weapon_attack_third	saws
vanilla_items/objects/item_trapcomp.txt	45	ATTACK	weapon_attack_sub_name	NO_SUB
vanilla_items/objects/item_trapcomp.txt	57	ATTACK	weapon_attack_first	stab
vanilla_items/objects/item_trapcomp.txt	57	ATTACK	weapon_attack_third	stabs
vanilla_items/objects/item_trapcomp.txt	57	ATTACK	weapon_attack_sub_name	NO_SUB
vanilla_items/objects/item_weapon.txt	6	NAME	item_singular	whip
vanilla_items/objects/item_weapon.txt	6	NAME	item_plural	whips
vanilla_items/objects/item_weapon.txt	12	ATTACK	weapon_attack_first	lash
vanilla_items/objects/item_weapon.txt	12	ATTACK	weapon_attack_third	lashes
vanilla_items/objects/item_weapon.txt	12	ATTACK	weapon_attack_sub_name	NO_SUB
vanilla_items/objects/item_weapon.txt	17	NAME	item_singular	battle axe
vanilla_items/objects/item_weapon.txt	17	NAME	item_plural	battle axes
vanilla_items/objects/item_weapon.txt	27	ATTACK	weapon_attack_first	hack
vanilla_items/objects/item_weapon.txt	27	ATTACK	weapon_attack_third	hacks
vanilla_items/objects/item_weapon.txt	27	ATTACK	weapon_attack_sub_name	NO_SUB
vanilla_items/objects/item_weapon.txt	29	ATTACK	weapon_attack_first	slap
vanilla_items/objects/item_weapon.txt	29	ATTACK	weapon_attack_third	slaps
vanilla_items/objects/item_weapon.txt	29	ATTACK	weapon_attack_sub_name	flat
vanilla_items/objects/item_weapon.txt	31	ATTACK	weapon_attack_first	strike
vanilla_items/objects/item_weapon.txt	31	ATTACK	weapon_attack_third	strikes
vanilla_items/objects/item_weapon.txt	31	ATTACK	weapon_attack_sub_name	pommel
vanilla_items/objects/item_weapon.txt	35	NAME	item_singular	war hammer
vanilla_items/objects/item_weapon.txt	35	NAME	item_plural	war hammers
vanilla_items/objects/item_weapon.txt	41	ATTACK	weapon_attack_first	bash
vanilla_items/objects/item_weapon.txt	41	ATTACK	weapon_attack_third	bashes
vanilla_items/objects/item_weapon.txt	41	ATTACK	weapon_attack_sub_name	NO_SUB
vanilla_items/objects/item_weapon.txt	45	NAME	item_singular	short sword
vanilla_items/objects/item_weapon.txt	45	NAME	item_plural	short swords
vanilla_items/objects/item_weapon.txt	52	ATTACK	weapon_attack_first	slash
vanilla_items/objects/item_weapon.txt	52	ATTACK	weapon_attack_third	slashes
vanilla_items/objects/item_weapon.txt	52	ATTACK	weapon_attack_sub_name	NO_SUB
vanilla_items/objects/item_weapon.txt	54	ATTACK	weapon_attack_first	stab
vanilla_items/objects/item_weapon.txt	54	ATTACK	weapon_attack_third	stabs
vanilla_items/objects/item_weapon.txt	54	ATTACK	weapon_attack_sub_name	NO_SUB
vanilla_items/objects/item_weapon.txt	56	ATTACK	weapon_attack_first	slap
vanilla_items/objects/item_weapon.txt	56	ATTACK	weapon_attack_third	slaps
vanilla_items/objects/item_weapon.txt	56	ATTACK	weapon_attack_sub_name	flat
vanilla_items/objects/item_weapon.txt	58	ATTACK	weapon_attack_first	strike
vanilla_items/objects/item_weapon.txt	58	ATTACK	weapon_attack_third	strikes
vanilla_items/objects/item_weapon.txt	58	ATTACK	weapon_attack_sub_name	pommel
vanilla_items/objects/item_weapon.txt	62	NAME	item_singular	spear
vanilla_items/objects/item_weapon.txt	62	NAME	item_plural	spears
vanilla_items/objects/item_weapon.txt	68	ATTACK	weapon_attack_first	stab
vanilla_items/objects/item_weapon.txt	68	ATTACK	weapon_attack_third	stabs
vanilla_items/objects/item_weapon.txt	68	ATTACK	weapon_attack_sub_name	NO_SUB
vanilla_items/objects/item_weapon.txt	70	ATTACK	weapon_attack_first	bash
vanilla_items/objects/item_weapon.txt	70	ATTACK	weapon_attack_third	bashes
vanilla_items/objects/item_weapon.txt	70	ATTACK	weapon_attack_sub_name	shaft
vanilla_items/objects/item_weapon.txt	74	NAME	item_singular	mace
vanilla_items/objects/item_weapon.txt	74	NAME	item_plural	maces
vanilla_items/objects/item_weapon.txt	80	ATTACK	weapon_attack_first	bash
vanilla_items/objects/item_weapon.txt	80	ATTACK	weapon_attack_third	bashes
vanilla_items/objects/item_weapon.txt	80	ATTACK	weapon_attack_sub_name	NO_SUB
vanilla_items/objects/item_weapon.txt	84	NAME	item_singular	crossbow
vanilla_items/objects/item_weapon.txt	84	NAME	item_plural	crossbows
vanilla_items/objects/item_weapon.txt	98	ATTACK	weapon_attack_first	bash
vanilla_items/objects/item_weapon.txt	98	ATTACK	weapon_attack_third	bashes
vanilla_items/objects/item_weapon.txt	98	ATTACK	weapon_attack_sub_name	NO_SUB
vanilla_items/objects/item_weapon.txt	102	NAME	item_singular	pick
vanilla_items/objects/item_weapon.txt	102	NAME	item_plural	picks
vanilla_items/objects/item_weapon.txt	108	ATTACK	weapon_attack_first	strike
vanilla_items/objects/item_weapon.txt	108	ATTACK	weapon_attack_third	strikes
vanilla_items/objects/item_weapon.txt	108	ATTACK	weapon_attack_sub_name	NO_SUB
vanilla_items/objects/item_weapon.txt	112	NAME	item_singular	bow
vanilla_items/objects/item_weapon.txt	112	NAME	item_plural	bows
vanilla_items/objects/item_weapon.txt	127	ATTACK	weapon_attack_first	bash
vanilla_items/objects/item_weapon.txt	127	ATTACK	weapon_attack_third	bashes
vanilla_items/objects/item_weapon.txt	127	ATTACK	weapon_attack_sub_name	NO_SUB
vanilla_items/objects/item_weapon.txt	131	NAME	item_singular	blowgun
vanilla_items/objects/item_weapon.txt	131	NAME	item_plural	blowguns
vanilla_items/objects/item_weapon.txt	146	ATTACK	weapon_attack_first	bash
vanilla_items/objects/item_weapon.txt	146	ATTACK	weapon_attack_third	bashes
vanilla_items/objects/item_weapon.txt	146	ATTACK	weapon_attack_sub_name	NO_SUB
vanilla_items/objects/item_weapon.txt	150	NAME	item_singular	pike
vanilla_items/objects/item_weapon.txt	150	NAME	item_plural	pikes
vanilla_items/objects/item_weapon.txt	156	ATTACK	weapon_attack_first	stab
vanilla_items/objects/item_weapon.txt	156	ATTACK	weapon_attack_third	stabs
vanilla_items/objects/item_weapon.txt	156	ATTACK	weapon_attack_sub_name	NO_SUB
vanilla_items/objects/item_weapon.txt	158	ATTACK	weapon_attack_first	bash
vanilla_items/objects/item_weapon.txt	158	ATTACK	weapon_attack_third	bashes
vanilla_items/objects/item_weapon.txt	158	ATTACK	weapon_attack_sub_name	shaft
vanilla_items/objects/item_weapon.txt	162	NAME	item_singular	halberd
vanilla_items/objects/item_weapon.txt	162	NAME	item_plural	halberds
vanilla_items/objects/item_weapon.txt	168	ATTACK	weapon_attack_first	slash
vanilla_items/objects/item_weapon.txt	168	ATTACK	weapon_attack_third	slashes
vanilla_items/objects/item_weapon.txt	168	ATTACK	weapon_attack_sub_name	NO_SUB
vanilla_items/objects/item_weapon.txt	170	ATTACK	weapon_attack_first	stab
vanilla_items/objects/item_weapon.txt	170	ATTACK	weapon_attack_third	stabs
vanilla_items/objects/item_weapon.txt	170	ATTACK	weapon_attack_sub_name	NO_SUB
vanilla_items/objects/item_weapon.txt	172	ATTACK	weapon_attack_first	bash
vanilla_items/objects/item_weapon.txt	172	ATTACK	weapon_attack_third	bashes
vanilla_items/objects/item_weapon.txt	172	ATTACK	weapon_attack_sub_name	shaft
vanilla_items/objects/item_weapon.txt	176	NAME	item_singular	two-handed sword
vanilla_items/objects/item_weapon.txt	176	NAME	item_plural	two-handed swords
vanilla_items/objects/item_weapon.txt	182	ATTACK	weapon_attack_first	slash
vanilla_items/objects/item_weapon.txt	182	ATTACK	weapon_attack_third	slashes
vanilla_items/objects/item_weapon.txt	182	ATTACK	weapon_attack_sub_name	NO_SUB
vanilla_items/objects/item_weapon.txt	184	ATTACK	weapon_attack_first	stab
vanilla_items/objects/item_weapon.txt	184	ATTACK	weapon_attack_third	stabs
vanilla_items/objects/item_weapon.txt	184	ATTACK	weapon_attack_sub_name	NO_SUB
vanilla_items/objects/item_weapon.txt	186	ATTACK	weapon_attack_first	slap
vanilla_items/objects/item_weapon.txt	186	ATTACK	weapon_attack_third	slaps
vanilla_items/objects/item_weapon.txt	186	ATTACK	weapon_attack_sub_name	flat
vanilla_items/objects/item_weapon.txt	188	ATTACK	weapon_attack_first	strike
vanilla_items/objects/item_weapon.txt	188	ATTACK	weapon_attack_third	strikes
vanilla_items/objects/item_weapon.txt	188	ATTACK	weapon_attack_sub_name	pommel
vanilla_items/objects/item_weapon.txt	192	NAME	item_singular	long sword
vanilla_items/objects/item_weapon.txt	192	NAME	item_plural	long swords
vanilla_items/objects/item_weapon.txt	198	ATTACK	weapon_attack_first	slash
vanilla_items/objects/item_weapon.txt	198	ATTACK	weapon_attack_third	slashes
vanilla_items/objects/item_weapon.txt	198	ATTACK	weapon_attack_sub_name	NO_SUB
vanilla_items/objects/item_weapon.txt	200	ATTACK	weapon_attack_first	stab
vanilla_items/objects/item_weapon.txt	200	ATTACK	weapon_attack_third	stabs
vanilla_items/objects/item_weapon.txt	200	ATTACK	weapon_attack_sub_name	NO_SUB
vanilla_items/objects/item_weapon.txt	202	ATTACK	weapon_attack_first	slap
vanilla_items/objects/item_weapon.txt	202	ATTACK	weapon_attack_third	slaps
vanilla_items/objects/item_weapon.txt	202	ATTACK	weapon_attack_sub_name	flat
vanilla_items/objects/item_weapon.txt	204	ATTACK	weapon_attack_first	strike
vanilla_items/objects/item_weapon.txt	204	ATTACK	weapon_attack_third	strikes
vanilla_items/objects/item_weapon.txt	204	ATTACK	weapon_attack_sub_name	pommel
vanilla_items/objects/item_weapon.txt	208	NAME	item_singular	maul
vanilla_items/objects/item_weapon.txt	208	NAME	item_plural	mauls
vanilla_items/objects/item_weapon.txt	214	ATTACK	weapon_attack_first	bash
vanilla_items/objects/item_weapon.txt	214	ATTACK	weapon_attack_third	bashes
vanilla_items/objects/item_weapon.txt	214	ATTACK	weapon_attack_sub_name	NO_SUB
vanilla_items/objects/item_weapon.txt	218	NAME	item_singular	great axe
vanilla_items/objects/item_weapon.txt	218	NAME	item_plural	great axes
vanilla_items/objects/item_weapon.txt	224	ATTACK	weapon_attack_first	hack
vanilla_items/objects/item_weapon.txt	224	ATTACK	weapon_attack_third	hacks
vanilla_items/objects/item_weapon.txt	224	ATTACK	weapon_attack_sub_name	NO_SUB
vanilla_items/objects/item_weapon.txt	226	ATTACK	weapon_attack_first	slap
vanilla_items/objects/item_weapon.txt	226	ATTACK	weapon_attack_third	slaps
vanilla_items/objects/item_weapon.txt	226	ATTACK	weapon_attack_sub_name	flat
vanilla_items/objects/item_weapon.txt	228	ATTACK	weapon_attack_first	strike
vanilla_items/objects/item_weapon.txt	228	ATTACK	weapon_attack_third	strikes
vanilla_items/objects/item_weapon.txt	228	ATTACK	weapon_attack_sub_name	pommel
vanilla_items/objects/item_weapon.txt	232	NAME	item_singular	dagger
vanilla_items/objects/item_weapon.txt	232	NAME	item_plural	daggers
vanilla_items/objects/item_weapon.txt	239	ATTACK	weapon_attack_first	slash
vanilla_items/objects/item_weapon.txt	239	ATTACK	weapon_attack_third	slashes
vanilla_items/objects/item_weapon.txt	239	ATTACK	weapon_attack_sub_name	NO_SUB
vanilla_items/objects/item_weapon.txt	241	ATTACK	weapon_attack_first	stab
vanilla_items/objects/item_weapon.txt	241	ATTACK	weapon_attack_third	stabs
vanilla_items/objects/item_weapon.txt	241	ATTACK	weapon_attack_sub_name	NO_SUB
vanilla_items/objects/item_weapon.txt	243	ATTACK	weapon_attack_first	strike
vanilla_items/objects/item_weapon.txt	243	ATTACK	weapon_attack_third	strikes
vanilla_items/objects/item_weapon.txt	243	ATTACK	weapon_attack_sub_name	pommel
vanilla_items/objects/item_weapon.txt	247	NAME	item_singular	scourge
vanilla_items/objects/item_weapon.txt	247	NAME	item_plural	scourges
vanilla_items/objects/item_weapon.txt	253	ATTACK	weapon_attack_first	lash
vanilla_items/objects/item_weapon.txt	253	ATTACK	weapon_attack_third	lashes
vanilla_items/objects/item_weapon.txt	253	ATTACK	weapon_attack_sub_name	NO_SUB
vanilla_items/objects/item_weapon.txt	258	NAME	item_singular	flail
vanilla_items/objects/item_weapon.txt	258	NAME	item_plural	flails
vanilla_items/objects/item_weapon.txt	264	ATTACK	weapon_attack_first	bash
vanilla_items/objects/item_weapon.txt	264	ATTACK	weapon_attack_third	bashes
vanilla_items/objects/item_weapon.txt	264	ATTACK	weapon_attack_sub_name	NO_SUB
vanilla_items/objects/item_weapon.txt	268	NAME	item_singular	morningstar
vanilla_items/objects/item_weapon.txt	268	NAME	item_plural	morningstars
vanilla_items/objects/item_weapon.txt	274	ATTACK	weapon_attack_first	bash
vanilla_items/objects/item_weapon.txt	274	ATTACK	weapon_attack_third	bashes
vanilla_items/objects/item_weapon.txt	274	ATTACK	weapon_attack_sub_name	NO_SUB
vanilla_items/objects/item_weapon.txt	276	ATTACK	weapon_attack_first	strike
vanilla_items/objects/item_weapon.txt	276	ATTACK	weapon_attack_third	strikes
vanilla_items/objects/item_weapon.txt	276	ATTACK	weapon_attack_sub_name	pommel
vanilla_items/objects/item_weapon.txt	280	NAME	item_singular	scimitar
vanilla_items/objects/item_weapon.txt	280	NAME	item_plural	scimitars
vanilla_items/objects/item_weapon.txt	286	ATTACK	weapon_attack_first	slash
vanilla_items/objects/item_weapon.txt	286	ATTACK	weapon_attack_third	slashes
vanilla_items/objects/item_weapon.txt	286	ATTACK	weapon_attack_sub_name	NO_SUB
vanilla_items/objects/item_weapon.txt	288	ATTACK	weapon_attack_first	stab
vanilla_items/objects/item_weapon.txt	288	ATTACK	weapon_attack_third	stabs
vanilla_items/objects/item_weapon.txt	288	ATTACK	weapon_attack_sub_name	NO_SUB
vanilla_items/objects/item_weapon.txt	290	ATTACK	weapon_attack_first	slap
vanilla_items/objects/item_weapon.txt	290	ATTACK	weapon_attack_third	slaps
vanilla_items/objects/item_weapon.txt	290	ATTACK	weapon_attack_sub_name	flat
vanilla_items/objects/item_weapon.txt	292	ATTACK	weapon_attack_first	strike
vanilla_items/objects/item_weapon.txt	292	ATTACK	weapon_attack_third	strikes
vanilla_items/objects/item_weapon.txt	292	ATTACK	weapon_attack_sub_name	pommel
vanilla_items/objects/item_weapon.txt	296	NAME	item_singular	training axe
vanilla_items/objects/item_weapon.txt	296	NAME	item_plural	training axes
vanilla_items/objects/item_weapon.txt	302	ATTACK	weapon_attack_first	hack
vanilla_items/objects/item_weapon.txt	302	ATTACK	weapon_attack_third	hacks
vanilla_items/objects/item_weapon.txt	302	ATTACK	weapon_attack_sub_name	NO_SUB
vanilla_items/objects/item_weapon.txt	304	ATTACK	weapon_attack_first	slap
vanilla_items/objects/item_weapon.txt	304	ATTACK	weapon_attack_third	slaps
vanilla_items/objects/item_weapon.txt	304	ATTACK	weapon_attack_sub_name	flat
vanilla_items/objects/item_weapon.txt	306	ATTACK	weapon_attack_first	strike
vanilla_items/objects/item_weapon.txt	306	ATTACK	weapon_attack_third	strikes
vanilla_items/objects/item_weapon.txt	306	ATTACK	weapon_attack_sub_name	pommel
vanilla_items/objects/item_weapon.txt	311	NAME	item_singular	training sword
vanilla_items/objects/item_weapon.txt	311	NAME	item_plural	training swords
vanilla_items/objects/item_weapon.txt	317	ATTACK	weapon_attack_first	slash
vanilla_items/objects/item_weapon.txt	317	ATTACK	weapon_attack_third	slashes
vanilla_items/objects/item_weapon.txt	317	ATTACK	weapon_attack_sub_name	NO_SUB
vanilla_items/objects/item_weapon.txt	319	ATTACK	weapon_attack_first	stab
vanilla_items/objects/item_weapon.txt	319	ATTACK	weapon_attack_third	stabs
vanilla_items/objects/item_weapon.txt	319	ATTACK	weapon_attack_sub_name	NO_SUB
vanilla_items/objects/item_weapon.txt	321	ATTACK	weapon_attack_first	slap
vanilla_items/objects/item_weapon.txt	321	ATTACK	weapon_attack_third	slaps
vanilla_items/objects/item_weapon.txt	321	ATTACK	weapon_attack_sub_name	flat
vanilla_items/objects/item_weapon.txt	323	ATTACK	weapon_attack_first	strike
vanilla_items/objects/item_weapon.txt	323	ATTACK	weapon_attack_third	strikes
vanilla_items/objects/item_weapon.txt	323	ATTACK	weapon_attack_sub_name	pommel
vanilla_items/objects/item_weapon.txt	328	NAME	item_singular	training spear
vanilla_items/objects/item_weapon.txt	328	NAME	item_plural	training spears
vanilla_items/objects/item_weapon.txt	334	ATTACK	weapon_attack_first	stab
vanilla_items/objects/item_weapon.txt	334	ATTACK	weapon_attack_third	stabs
vanilla_items/objects/item_weapon.txt	334	ATTACK	weapon_attack_sub_name	NO_SUB
vanilla_items/objects/item_weapon.txt	336	ATTACK	weapon_attack_first	bash
vanilla_items/objects/item_weapon.txt	336	ATTACK	weapon_attack_third	bashes
vanilla_items/objects/item_weapon.txt	336	ATTACK	weapon_attack_sub_name	shaft
vanilla_items/objects/item_weapon.txt	341	NAME	item_singular	great pick
vanilla_items/objects/item_weapon.txt	341	NAME	item_plural	great picks
vanilla_items/objects/item_weapon.txt	347	ATTACK	weapon_attack_first	strike
vanilla_items/objects/item_weapon.txt	347	ATTACK	weapon_attack_third	strikes
vanilla_items/objects/item_weapon.txt	347	ATTACK	weapon_attack_sub_name	NO_SUB
