# Native PE identity PE:6a70a6d9:02711000; static source extraction, not game display observations.
# Corpse and corpsepiece share +0x5e8 full description 0x140ca1aa0 and +0x5f8 short description 0x140ca10e0.
# Strings retain significant spaces. Skeleton is an instruction immediate and would be omitted by string-xref-only extraction.
# Full: (your | translated unit/history name + possessive | species) + rotten + mangled + body-part/material/skeleton/partial remains/mutilated corpse.
# With an unnamed species, rotten precedes the species; with a possessive owner, rotten follows the owner.
# Short description also permits partial skeleton. Shared native quantities and designation glyphs remain outside these nouns.
# BODY/BP and INDIVIDUAL_NAME rows enumerate 396 distinct names from current vanilla and extinct RAWs; STP and NP are control markers.
# Material, species and generated identity slots use existing typed vocabularies instead of enumerating their cross product or individual saved-world people.
kind	owner	entry_va	source_or_raw_location	reference_va_or_namespace	source
pe-literal	generic-dead-body-item	0x140a82c10	0x1416cec68	0x140a86a14	rotten 
pe-literal	generic-dead-body-item	0x140a82c10	0x1416cf03c	0x140a86a29	corpse
pe-literal	generic-dead-body-item	0x140a82c10	0x1416cec68	0x140a86a47	rotten 
pe-literal	generic-dead-body-item	0x140a82c10	0x1416158cc	0x140a86a6b	tooth
pe-literal	generic-dead-body-item	0x140a82c10	0x1416cf034	0x140a86a7c	teeth
pe-literal	generic-dead-body-item	0x140a82c10	0x1416158c4	0x140a86a91	bone
pe-literal	generic-dead-body-item	0x140a82c10	0x1416158bc	0x140a86aa9	shell
pe-literal	generic-dead-body-item	0x140a82c10	0x1416cf028	0x140a86ac1	plant part
pe-literal	generic-dead-body-item	0x140a82c10	0x1416cf018	0x140a86ad9	silk body part
pe-literal	generic-dead-body-item	0x140a82c10	0x1416cef70	0x140a86af1	leather body part
pe-literal	generic-dead-body-item	0x140a82c10	0x1416cef58	0x140a86b09	wooden body part
pe-literal	generic-dead-body-item	0x140a82c10	0x1416cef48	0x140a86b23	soap body part
pe-literal	generic-dead-body-item	0x140a82c10	0x1416158e4	0x140a86b3d	horn
pe-literal	generic-dead-body-item	0x140a82c10	0x1416158dc	0x140a86b57	pearl
pe-literal	generic-dead-body-item	0x140a82c10	0x1416cef38	0x140a86b71	yarn body part
pe-literal	generic-dead-body-item	0x140a82c10	0x1416cefa8	0x140a86b89	strand body part
pe-literal	generic-dead-body-item	0x140a82c10	0x141681050	0x140a86b92	body part
pe-literal	generic-dead-body-item	0x140a82c10	0x1416cefa0	0x140a86bbb	Rotten 
pe-literal	generic-dead-body-item	0x140a82c10	0x14167f0c0	0x140a86d22	remains
pe-literal	shared-body-component	0x140ca10e0	0x1416cec68	0x140ca11b4	rotten 
pe-literal	shared-body-component	0x140ca10e0	0x1415e873c	0x140ca122a	 
pe-literal	shared-body-component	0x140ca10e0	0x1415edb24	0x140ca133c	's 
pe-literal	shared-body-component	0x140ca10e0	0x1416ee3b0	0x140ca15e9	mangled 
pe-literal	shared-body-component	0x140ca10e0	0x1415e873c	0x140ca173e	 
pe-literal	shared-body-component	0x140ca10e0	0x1416158f0	0x140ca177b	material
pe-literal	shared-body-component	0x140ca10e0	0x1416ee3a0	0x140ca17d3	partial 
pe-literal	shared-body-component	0x140ca10e0	0x1416ee390	0x140ca191a	partial remains
pe-literal	shared-body-component	0x140ca10e0	0x1416ee380	0x140ca19b4	mutilated 
pe-literal	shared-body-component	0x140ca10e0	0x1416cf03c	0x140ca19e8	corpse
pe-literal	shared-body-component	0x140ca1aa0	0x1416ee378	0x140ca1bb0	your 
pe-literal	shared-body-component	0x140ca1aa0	0x1415edb24	0x140ca1c21	's 
pe-literal	shared-body-component	0x140ca1aa0	0x1415edb24	0x140ca1cdc	's 
pe-literal	shared-body-component	0x140ca1aa0	0x1416cec68	0x140ca1d41	rotten 
pe-literal	shared-body-component	0x140ca1aa0	0x1415e873c	0x140ca1df4	 
pe-literal	shared-body-component	0x140ca1aa0	0x1416ee3b0	0x140ca2192	mangled 
pe-literal	shared-body-component	0x140ca1aa0	0x1415e873c	0x140ca222f	 
pe-literal	shared-body-component	0x140ca1aa0	0x1416158f0	0x140ca226d	material
pe-literal	shared-body-component	0x140ca1aa0	0x14161bdcc	0x140ca24a4	 [
pe-literal	shared-body-component	0x140ca1aa0	0x1415fd690	0x140ca24c3	]
pe-literal	shared-body-component	0x140ca1aa0	0x1416ee390	0x140ca252c	partial remains
pe-literal	shared-body-component	0x140ca1aa0	0x1416ee380	0x140ca25c5	mutilated 
pe-literal	shared-body-component	0x140ca1aa0	0x1416cf03c	0x140ca25f9	corpse
pe-immediate	shared-body-component	0x140ca10e0	-	0x140ca17fd	skeleton
pe-immediate	shared-body-component	0x140ca10e0	-	0x140ca1858	skeleton
pe-immediate	shared-body-component	0x140ca1aa0	-	0x140ca22d9	skeleton
pe-immediate	shared-body-component	0x140ca1aa0	-	0x140ca232e	skeleton
virtual-dispatch	item_corpsest	0x140ca1aa0	0x141648d78	+0x5e8	owner/your -> rotten -> unnamed species -> mangled -> body outcome -> [amount]
virtual-dispatch	item_corpsepiecest	0x140ca1aa0	0x14167c238	+0x5e8	owner/your -> rotten -> unnamed species -> mangled -> body outcome -> [amount]
virtual-dispatch	item_remainsst	0x140ca5bb0	0x141655aa8	+0x5e8	generic 0x140a82c10: Rotten -> creature NAME singular -> caste remains singular/plural
dynamic-slot	owner	0x140ca1aa0	unit.name / historical_figure.name	0x140ca1bfc,0x140ca1cb7	::text::person
dynamic-slot	species	0x140ca1aa0	creature/caste name and unit label	0x140ca1da2,0x140ca1dd2	::creatures::caste::name
dynamic-slot	body-part	0x140ca1aa0	BODY BP / INDIVIDUAL_NAME	0x140ca1f64,0x140ca21e2	::health::bodypart::bodypart_main
dynamic-slot	tissue-material	0x140ca1aa0	tissue material -> STATE_NAME[phase]	0x140ca21fb,0x140ca2248	::items::corpsepiece::material
dynamic-slot	body-part-and-material	0x140ca1aa0	root detached body part + material STATE_NAME	0x140ca2224,0x140ca2256	::health::bodypart::bodypart_main + ::items::corpsepiece::material
dynamic-slot	remains	0x140a82c10	caste string slots 15/16	0x140a86cac	remains / chunk / chunks; optional Rotten prefix and species NAME
quantity	body-component	0x140ca1aa0	max(material_amount)	0x140ca2499	 [number]
designation	body-component	-	shared native outer item description	src/item_designation.h	shared quality/ownership/wear designation glyphs
raw-body-name	BODY/BP and INDIVIDUAL_NAME	-	../data/vanilla/vanilla_bodies/objects/body_default.txt:853,../data/vanilla/vanilla_bodies/objects/body_default.txt:885,../data/vanilla/vanilla_bodies/objects/body_default.txt:919,../data/vanilla/vanilla_bodies/objects/body_rcp.txt:30	::health::bodypart::bodypart_main	abdomen
raw-body-name	BODY/BP and INDIVIDUAL_NAME	-	../data/vanilla/vanilla_bodies/objects/body_default.txt:1079	::health::bodypart::bodypart_main	back
raw-body-name	BODY/BP and INDIVIDUAL_NAME	-	../data/vanilla/vanilla_bodies/objects/body_default.txt:1233,../data/vanilla/vanilla_bodies/objects/body_rcp.txt:473	::health::bodypart::bodypart_main	beak
raw-body-name	BODY/BP and INDIVIDUAL_NAME	-	../data/vanilla/vanilla_bodies/objects/body_default.txt:1866,../data/vanilla/vanilla_bodies/objects/body_rcp.txt:609	::health::bodypart::bodypart_main	bill
raw-body-name	BODY/BP and INDIVIDUAL_NAME	-	../data/vanilla/vanilla_bodies/objects/body_default.txt:13,../data/vanilla/vanilla_bodies/objects/body_default.txt:133,../data/vanilla/vanilla_bodies/objects/body_default.txt:17,../data/vanilla/vanilla_bodies/objects/body_default.txt:7,../data/vanilla/vanilla_bodies/objects/body_rcp.txt:10,../data/vanilla/vanilla_bodies/objects/body_rcp.txt:14,../data/vanilla/vanilla_bodies/objects/body_rcp.txt:6	::health::bodypart::bodypart_main	bodies
raw-body-name	BODY/BP and INDIVIDUAL_NAME	-	../data/vanilla/vanilla_bodies/objects/body_default.txt:13,../data/vanilla/vanilla_bodies/objects/body_default.txt:133,../data/vanilla/vanilla_bodies/objects/body_default.txt:17,../data/vanilla/vanilla_bodies/objects/body_default.txt:7,../data/vanilla/vanilla_bodies/objects/body_rcp.txt:10,../data/vanilla/vanilla_bodies/objects/body_rcp.txt:14,../data/vanilla/vanilla_bodies/objects/body_rcp.txt:6	::health::bodypart::bodypart_main	body
raw-body-name	BODY/BP and INDIVIDUAL_NAME	-	../data/vanilla/vanilla_bodies/objects/body_default.txt:1307,../data/vanilla/vanilla_bodies/objects/body_default.txt:1311,../data/vanilla/vanilla_bodies/objects/body_rcp.txt:523	::health::bodypart::bodypart_main	brain
raw-body-name	BODY/BP and INDIVIDUAL_NAME	-	../data/vanilla/vanilla_bodies/objects/body_default.txt:1326	::health::bodypart::bodypart_main	casque
raw-body-name	BODY/BP and INDIVIDUAL_NAME	-	../data/vanilla/vanilla_bodies/objects/body_default.txt:1163,../data/vanilla/vanilla_bodies/objects/body_rcp.txt:469	::health::bodypart::bodypart_main	center eye
raw-body-name	BODY/BP and INDIVIDUAL_NAME	-	../data/vanilla/vanilla_bodies/objects/body_rcp.txt:601	::health::bodypart::bodypart_main	center eyelid
raw-body-name	BODY/BP and INDIVIDUAL_NAME	-	../data/vanilla/vanilla_bodies/objects/body_rcp.txt:208	::health::bodypart::bodypart_main	center tail
raw-body-name	BODY/BP and INDIVIDUAL_NAME	-	../data/vanilla/vanilla_bodies/objects/body_default.txt:917,../data/vanilla/vanilla_bodies/objects/body_default.txt:955,../data/vanilla/vanilla_bodies/objects/body_rcp.txt:34	::health::bodypart::bodypart_main	cephalothorax
raw-body-name	BODY/BP and INDIVIDUAL_NAME	-	../data/vanilla/vanilla_bodies/objects/body_default.txt:917,../data/vanilla/vanilla_bodies/objects/body_default.txt:955,../data/vanilla/vanilla_bodies/objects/body_rcp.txt:34	::health::bodypart::bodypart_main	cephalothoraxes
raw-body-name	BODY/BP and INDIVIDUAL_NAME	-	../data/vanilla/vanilla_bodies/objects/body_default.txt:1330	::health::bodypart::bodypart_main	crest
raw-body-name	BODY/BP and INDIVIDUAL_NAME	-	../data/vanilla/vanilla_bodies/objects/body_default.txt:1638	::health::bodypart::bodypart_main	dorsal fin
raw-body-name	BODY/BP and INDIVIDUAL_NAME	-	../data/vanilla/vanilla_bodies/objects/body_default.txt:1019	::health::bodypart::bodypart_main	eighth arm
raw-body-name	BODY/BP and INDIVIDUAL_NAME	-	../data/vanilla/vanilla_bodies/objects/body_default.txt:1374,../data/vanilla/vanilla_bodies/objects/body_default.txt:1378,../data/vanilla/vanilla_bodies/objects/body_rcp.txt:455	::health::bodypart::bodypart_main	eye
raw-body-name	BODY/BP and INDIVIDUAL_NAME	-	../data/vanilla/vanilla_bodies/objects/body_default.txt:1382,../data/vanilla/vanilla_bodies/objects/body_default.txt:1722,../data/vanilla/vanilla_bodies/objects/body_rcp.txt:587	::health::bodypart::bodypart_main	eyelid
raw-body-name	BODY/BP and INDIVIDUAL_NAME	-	../data/vanilla/vanilla_bodies/objects/body_default.txt:1013	::health::bodypart::bodypart_main	fifth arm
raw-body-name	BODY/BP and INDIVIDUAL_NAME	-	../data/vanilla/vanilla_bodies/objects/body_default.txt:1185	::health::bodypart::bodypart_main	fifth eye
raw-body-name	BODY/BP and INDIVIDUAL_NAME	-	../data/vanilla/vanilla_bodies/objects/body_rcp.txt:427	::health::bodypart::bodypart_main	fifth finger
raw-body-name	BODY/BP and INDIVIDUAL_NAME	-	../data/vanilla/vanilla_bodies/objects/body_default.txt:111	::health::bodypart::bodypart_main	fifth head
raw-body-name	BODY/BP and INDIVIDUAL_NAME	-	../data/vanilla/vanilla_bodies/objects/body_default.txt:1610	::health::bodypart::bodypart_main	fifth left finger
raw-body-name	BODY/BP and INDIVIDUAL_NAME	-	../data/vanilla/vanilla_bodies/objects/body_default.txt:1480	::health::bodypart::bodypart_main	fifth left front toe
raw-body-name	BODY/BP and INDIVIDUAL_NAME	-	../data/vanilla/vanilla_bodies/objects/body_default.txt:1534	::health::bodypart::bodypart_main	fifth left rear toe
raw-body-name	BODY/BP and INDIVIDUAL_NAME	-	../data/vanilla/vanilla_bodies/objects/body_default.txt:1588	::health::bodypart::bodypart_main	fifth left toe
raw-body-name	BODY/BP and INDIVIDUAL_NAME	-	../data/vanilla/vanilla_bodies/objects/body_default.txt:97	::health::bodypart::bodypart_main	fifth neck
raw-body-name	BODY/BP and INDIVIDUAL_NAME	-	../data/vanilla/vanilla_bodies/objects/body_default.txt:1600	::health::bodypart::bodypart_main	fifth right finger
raw-body-name	BODY/BP and INDIVIDUAL_NAME	-	../data/vanilla/vanilla_bodies/objects/body_default.txt:1470	::health::bodypart::bodypart_main	fifth right front toe
raw-body-name	BODY/BP and INDIVIDUAL_NAME	-	../data/vanilla/vanilla_bodies/objects/body_default.txt:1524	::health::bodypart::bodypart_main	fifth right rear toe
raw-body-name	BODY/BP and INDIVIDUAL_NAME	-	../data/vanilla/vanilla_bodies/objects/body_default.txt:1578	::health::bodypart::bodypart_main	fifth right toe
raw-body-name	BODY/BP and INDIVIDUAL_NAME	-	../data/vanilla/vanilla_bodies/objects/body_default.txt:1434,../data/vanilla/vanilla_bodies/objects/body_rcp.txt:319,../data/vanilla/vanilla_bodies/objects/body_rcp.txt:355,../data/vanilla/vanilla_bodies/objects/body_rcp.txt:391	::health::bodypart::bodypart_main	fifth toe
raw-body-name	BODY/BP and INDIVIDUAL_NAME	-	../data/vanilla/vanilla_bodies/objects/body_default.txt:1422	::health::bodypart::bodypart_main	finger
raw-body-name	BODY/BP and INDIVIDUAL_NAME	-	../data/vanilla/vanilla_bodies/objects/body_default.txt:1005	::health::bodypart::bodypart_main	first arm
raw-body-name	BODY/BP and INDIVIDUAL_NAME	-	../data/vanilla/vanilla_bodies/objects/body_default.txt:1167,../data/vanilla/vanilla_bodies/objects/body_default.txt:1177	::health::bodypart::bodypart_main	first eye
raw-body-name	BODY/BP and INDIVIDUAL_NAME	-	../data/vanilla/vanilla_bodies/objects/body_default.txt:1388,../data/vanilla/vanilla_bodies/objects/body_default.txt:1400,../data/vanilla/vanilla_bodies/objects/body_default.txt:1410,../data/vanilla/vanilla_bodies/objects/body_default.txt:1416,../data/vanilla/vanilla_bodies/objects/body_rcp.txt:277,../data/vanilla/vanilla_bodies/objects/body_rcp.txt:289,../data/vanilla/vanilla_bodies/objects/body_rcp.txt:299,../data/vanilla/vanilla_bodies/objects/body_rcp.txt:305,../data/vanilla/vanilla_bodies/objects/body_rcp.txt:419,../data/vanilla/vanilla_bodies/objects/body_rcp.txt:431,../data/vanilla/vanilla_bodies/objects/body_rcp.txt:441,../data/vanilla/vanilla_bodies/objects/body_rcp.txt:449	::health::bodypart::bodypart_main	first finger
raw-body-name	BODY/BP and INDIVIDUAL_NAME	-	../data/vanilla/vanilla_bodies/objects/body_default.txt:103	::health::bodypart::bodypart_main	first head
raw-body-name	BODY/BP and INDIVIDUAL_NAME	-	../data/vanilla/vanilla_bodies/objects/body_default.txt:1344,../data/vanilla/vanilla_bodies/objects/body_rcp.txt:251,../data/vanilla/vanilla_bodies/objects/body_rcp.txt:259	::health::bodypart::bodypart_main	first horn
raw-body-name	BODY/BP and INDIVIDUAL_NAME	-	../data/vanilla/vanilla_bodies/objects/body_default.txt:1602,../data/vanilla/vanilla_bodies/objects/body_default.txt:1622	::health::bodypart::bodypart_main	first left finger
raw-body-name	BODY/BP and INDIVIDUAL_NAME	-	../data/vanilla/vanilla_bodies/objects/body_default.txt:1472,../data/vanilla/vanilla_bodies/objects/body_default.txt:1492,../data/vanilla/vanilla_bodies/objects/body_default.txt:1508	::health::bodypart::bodypart_main	first left front toe
raw-body-name	BODY/BP and INDIVIDUAL_NAME	-	../data/vanilla/vanilla_bodies/objects/body_default.txt:419,../data/vanilla/vanilla_bodies/objects/body_default.txt:463,../data/vanilla/vanilla_bodies/objects/body_default.txt:519,../data/vanilla/vanilla_bodies/objects/body_default.txt:551,../data/vanilla/vanilla_bodies/objects/body_default.txt:597,../data/vanilla/vanilla_bodies/objects/body_default.txt:635	::health::bodypart::bodypart_main	first left hand
raw-body-name	BODY/BP and INDIVIDUAL_NAME	-	../data/vanilla/vanilla_bodies/objects/body_default.txt:415,../data/vanilla/vanilla_bodies/objects/body_default.txt:459,../data/vanilla/vanilla_bodies/objects/body_default.txt:515,../data/vanilla/vanilla_bodies/objects/body_default.txt:547,../data/vanilla/vanilla_bodies/objects/body_default.txt:593,../data/vanilla/vanilla_bodies/objects/body_default.txt:631	::health::bodypart::bodypart_main	first left lower arm
raw-body-name	BODY/BP and INDIVIDUAL_NAME	-	../data/vanilla/vanilla_bodies/objects/body_default.txt:1526,../data/vanilla/vanilla_bodies/objects/body_default.txt:1546,../data/vanilla/vanilla_bodies/objects/body_default.txt:1562	::health::bodypart::bodypart_main	first left rear toe
raw-body-name	BODY/BP and INDIVIDUAL_NAME	-	../data/vanilla/vanilla_bodies/objects/body_default.txt:1580	::health::bodypart::bodypart_main	first left toe
raw-body-name	BODY/BP and INDIVIDUAL_NAME	-	../data/vanilla/vanilla_bodies/objects/body_default.txt:411,../data/vanilla/vanilla_bodies/objects/body_default.txt:455,../data/vanilla/vanilla_bodies/objects/body_default.txt:511,../data/vanilla/vanilla_bodies/objects/body_default.txt:543,../data/vanilla/vanilla_bodies/objects/body_default.txt:589,../data/vanilla/vanilla_bodies/objects/body_default.txt:627	::health::bodypart::bodypart_main	first left upper arm
raw-body-name	BODY/BP and INDIVIDUAL_NAME	-	../data/vanilla/vanilla_bodies/objects/body_default.txt:1791	::health::bodypart::bodypart_main	first lower left incisor
raw-body-name	BODY/BP and INDIVIDUAL_NAME	-	../data/vanilla/vanilla_bodies/objects/body_default.txt:1818	::health::bodypart::bodypart_main	first lower left molar
raw-body-name	BODY/BP and INDIVIDUAL_NAME	-	../data/vanilla/vanilla_bodies/objects/body_default.txt:1816	::health::bodypart::bodypart_main	first lower left premolar
raw-body-name	BODY/BP and INDIVIDUAL_NAME	-	../data/vanilla/vanilla_bodies/objects/body_default.txt:1790	::health::bodypart::bodypart_main	first lower right incisor
raw-body-name	BODY/BP and INDIVIDUAL_NAME	-	../data/vanilla/vanilla_bodies/objects/body_default.txt:1806	::health::bodypart::bodypart_main	first lower right molar
raw-body-name	BODY/BP and INDIVIDUAL_NAME	-	../data/vanilla/vanilla_bodies/objects/body_default.txt:1804	::health::bodypart::bodypart_main	first lower right premolar
raw-body-name	BODY/BP and INDIVIDUAL_NAME	-	../data/vanilla/vanilla_bodies/objects/body_default.txt:89	::health::bodypart::bodypart_main	first neck
raw-body-name	BODY/BP and INDIVIDUAL_NAME	-	../data/vanilla/vanilla_bodies/objects/body_default.txt:1592,../data/vanilla/vanilla_bodies/objects/body_default.txt:1614	::health::bodypart::bodypart_main	first right finger
raw-body-name	BODY/BP and INDIVIDUAL_NAME	-	../data/vanilla/vanilla_bodies/objects/body_default.txt:1462,../data/vanilla/vanilla_bodies/objects/body_default.txt:1484,../data/vanilla/vanilla_bodies/objects/body_default.txt:1502	::health::bodypart::bodypart_main	first right front toe
raw-body-name	BODY/BP and INDIVIDUAL_NAME	-	../data/vanilla/vanilla_bodies/objects/body_default.txt:417,../data/vanilla/vanilla_bodies/objects/body_default.txt:461,../data/vanilla/vanilla_bodies/objects/body_default.txt:517,../data/vanilla/vanilla_bodies/objects/body_default.txt:549,../data/vanilla/vanilla_bodies/objects/body_default.txt:595,../data/vanilla/vanilla_bodies/objects/body_default.txt:633	::health::bodypart::bodypart_main	first right hand
raw-body-name	BODY/BP and INDIVIDUAL_NAME	-	../data/vanilla/vanilla_bodies/objects/body_default.txt:413,../data/vanilla/vanilla_bodies/objects/body_default.txt:457,../data/vanilla/vanilla_bodies/objects/body_default.txt:513,../data/vanilla/vanilla_bodies/objects/body_default.txt:545,../data/vanilla/vanilla_bodies/objects/body_default.txt:591,../data/vanilla/vanilla_bodies/objects/body_default.txt:629	::health::bodypart::bodypart_main	first right lower arm
raw-body-name	BODY/BP and INDIVIDUAL_NAME	-	../data/vanilla/vanilla_bodies/objects/body_default.txt:1516,../data/vanilla/vanilla_bodies/objects/body_default.txt:1538,../data/vanilla/vanilla_bodies/objects/body_default.txt:1556	::health::bodypart::bodypart_main	first right rear toe
raw-body-name	BODY/BP and INDIVIDUAL_NAME	-	../data/vanilla/vanilla_bodies/objects/body_default.txt:1570	::health::bodypart::bodypart_main	first right toe
raw-body-name	BODY/BP and INDIVIDUAL_NAME	-	../data/vanilla/vanilla_bodies/objects/body_default.txt:409,../data/vanilla/vanilla_bodies/objects/body_default.txt:453,../data/vanilla/vanilla_bodies/objects/body_default.txt:509,../data/vanilla/vanilla_bodies/objects/body_default.txt:541,../data/vanilla/vanilla_bodies/objects/body_default.txt:587,../data/vanilla/vanilla_bodies/objects/body_default.txt:625	::health::bodypart::bodypart_main	first right upper arm
raw-body-name	BODY/BP and INDIVIDUAL_NAME	-	../data/vanilla/vanilla_bodies/objects/body_default.txt:1426,../data/vanilla/vanilla_bodies/objects/body_default.txt:1438,../data/vanilla/vanilla_bodies/objects/body_default.txt:1448,../data/vanilla/vanilla_bodies/objects/body_default.txt:1456,../data/vanilla/vanilla_bodies/objects/body_rcp.txt:311,../data/vanilla/vanilla_bodies/objects/body_rcp.txt:323,../data/vanilla/vanilla_bodies/objects/body_rcp.txt:333,../data/vanilla/vanilla_bodies/objects/body_rcp.txt:341,../data/vanilla/vanilla_bodies/objects/body_rcp.txt:347,../data/vanilla/vanilla_bodies/objects/body_rcp.txt:359,../data/vanilla/vanilla_bodies/objects/body_rcp.txt:369,../data/vanilla/vanilla_bodies/objects/body_rcp.txt:377,../data/vanilla/vanilla_bodies/objects/body_rcp.txt:383,../data/vanilla/vanilla_bodies/objects/body_rcp.txt:395,../data/vanilla/vanilla_bodies/objects/body_rcp.txt:405,../data/vanilla/vanilla_bodies/objects/body_rcp.txt:413	::health::bodypart::bodypart_main	first toe
raw-body-name	BODY/BP and INDIVIDUAL_NAME	-	../data/vanilla/vanilla_bodies/objects/body_default.txt:1783	::health::bodypart::bodypart_main	first upper left incisor
raw-body-name	BODY/BP and INDIVIDUAL_NAME	-	../data/vanilla/vanilla_bodies/objects/body_default.txt:1812	::health::bodypart::bodypart_main	first upper left molar
raw-body-name	BODY/BP and INDIVIDUAL_NAME	-	../data/vanilla/vanilla_bodies/objects/body_default.txt:1810	::health::bodypart::bodypart_main	first upper left premolar
raw-body-name	BODY/BP and INDIVIDUAL_NAME	-	../data/vanilla/vanilla_bodies/objects/body_default.txt:1782	::health::bodypart::bodypart_main	first upper right incisor
raw-body-name	BODY/BP and INDIVIDUAL_NAME	-	../data/vanilla/vanilla_bodies/objects/body_default.txt:1800	::health::bodypart::bodypart_main	first upper right molar
raw-body-name	BODY/BP and INDIVIDUAL_NAME	-	../data/vanilla/vanilla_bodies/objects/body_default.txt:1798	::health::bodypart::bodypart_main	first upper right premolar
raw-body-name	BODY/BP and INDIVIDUAL_NAME	-	../data/vanilla/vanilla_bodies/objects/body_default.txt:1698,../data/vanilla/vanilla_bodies/objects/body_rcp.txt:583	::health::bodypart::bodypart_main	forked tongue
raw-body-name	BODY/BP and INDIVIDUAL_NAME	-	../data/vanilla/vanilla_bodies/objects/body_default.txt:1011	::health::bodypart::bodypart_main	fourth arm
raw-body-name	BODY/BP and INDIVIDUAL_NAME	-	../data/vanilla/vanilla_bodies/objects/body_default.txt:1173,../data/vanilla/vanilla_bodies/objects/body_default.txt:1183	::health::bodypart::bodypart_main	fourth eye
raw-body-name	BODY/BP and INDIVIDUAL_NAME	-	../data/vanilla/vanilla_bodies/objects/body_default.txt:1394,../data/vanilla/vanilla_bodies/objects/body_rcp.txt:283,../data/vanilla/vanilla_bodies/objects/body_rcp.txt:425,../data/vanilla/vanilla_bodies/objects/body_rcp.txt:437	::health::bodypart::bodypart_main	fourth finger
raw-body-name	BODY/BP and INDIVIDUAL_NAME	-	../data/vanilla/vanilla_bodies/objects/body_default.txt:109	::health::bodypart::bodypart_main	fourth head
raw-body-name	BODY/BP and INDIVIDUAL_NAME	-	../data/vanilla/vanilla_bodies/objects/body_rcp.txt:265	::health::bodypart::bodypart_main	fourth horn
raw-body-name	BODY/BP and INDIVIDUAL_NAME	-	../data/vanilla/vanilla_bodies/objects/body_default.txt:1608,../data/vanilla/vanilla_bodies/objects/body_default.txt:1628	::health::bodypart::bodypart_main	fourth left finger
raw-body-name	BODY/BP and INDIVIDUAL_NAME	-	../data/vanilla/vanilla_bodies/objects/body_default.txt:1478,../data/vanilla/vanilla_bodies/objects/body_default.txt:1498	::health::bodypart::bodypart_main	fourth left front toe
raw-body-name	BODY/BP and INDIVIDUAL_NAME	-	../data/vanilla/vanilla_bodies/objects/body_default.txt:1532,../data/vanilla/vanilla_bodies/objects/body_default.txt:1552	::health::bodypart::bodypart_main	fourth left rear toe
raw-body-name	BODY/BP and INDIVIDUAL_NAME	-	../data/vanilla/vanilla_bodies/objects/body_default.txt:1586	::health::bodypart::bodypart_main	fourth left toe
raw-body-name	BODY/BP and INDIVIDUAL_NAME	-	../data/vanilla/vanilla_bodies/objects/body_default.txt:95	::health::bodypart::bodypart_main	fourth neck
raw-body-name	BODY/BP and INDIVIDUAL_NAME	-	../data/vanilla/vanilla_bodies/objects/body_default.txt:1598,../data/vanilla/vanilla_bodies/objects/body_default.txt:1620	::health::bodypart::bodypart_main	fourth right finger
raw-body-name	BODY/BP and INDIVIDUAL_NAME	-	../data/vanilla/vanilla_bodies/objects/body_default.txt:1468,../data/vanilla/vanilla_bodies/objects/body_default.txt:1490	::health::bodypart::bodypart_main	fourth right front toe
raw-body-name	BODY/BP and INDIVIDUAL_NAME	-	../data/vanilla/vanilla_bodies/objects/body_default.txt:1522,../data/vanilla/vanilla_bodies/objects/body_default.txt:1544	::health::bodypart::bodypart_main	fourth right rear toe
raw-body-name	BODY/BP and INDIVIDUAL_NAME	-	../data/vanilla/vanilla_bodies/objects/body_default.txt:1576	::health::bodypart::bodypart_main	fourth right toe
raw-body-name	BODY/BP and INDIVIDUAL_NAME	-	../data/vanilla/vanilla_bodies/objects/body_default.txt:1432,../data/vanilla/vanilla_bodies/objects/body_default.txt:1444,../data/vanilla/vanilla_bodies/objects/body_rcp.txt:317,../data/vanilla/vanilla_bodies/objects/body_rcp.txt:329,../data/vanilla/vanilla_bodies/objects/body_rcp.txt:353,../data/vanilla/vanilla_bodies/objects/body_rcp.txt:365,../data/vanilla/vanilla_bodies/objects/body_rcp.txt:389,../data/vanilla/vanilla_bodies/objects/body_rcp.txt:401	::health::bodypart::bodypart_main	fourth toe
raw-body-name	BODY/BP and INDIVIDUAL_NAME	-	../data/vanilla/vanilla_bodies/objects/body_default.txt:1077	::health::bodypart::bodypart_main	front
raw-body-name	BODY/BP and INDIVIDUAL_NAME	-	../data/vanilla/vanilla_bodies/objects/body_default.txt:1350	::health::bodypart::bodypart_main	front horn
raw-body-name	BODY/BP and INDIVIDUAL_NAME	-	../data/vanilla/vanilla_bodies/objects/body_default.txt:1676	::health::bodypart::bodypart_main	front hump
raw-body-name	BODY/BP and INDIVIDUAL_NAME	-	../data/vanilla/vanilla_bodies/objects/body_default.txt:1246	::health::bodypart::bodypart_main	gizzard
raw-body-name	BODY/BP and INDIVIDUAL_NAME	-	../data/vanilla/vanilla_bodies/objects/body_default.txt:1241,../data/vanilla/vanilla_bodies/objects/body_rcp.txt:497	::health::bodypart::bodypart_main	guts
raw-body-name	BODY/BP and INDIVIDUAL_NAME	-	../data/vanilla/vanilla_bodies/objects/body_default.txt:119,../data/vanilla/vanilla_bodies/objects/body_default.txt:125,../data/vanilla/vanilla_bodies/objects/body_default.txt:129,../data/vanilla/vanilla_bodies/objects/body_default.txt:141,../data/vanilla/vanilla_bodies/objects/body_default.txt:173,../data/vanilla/vanilla_bodies/objects/body_default.txt:1828,../data/vanilla/vanilla_bodies/objects/body_default.txt:1876,../data/vanilla/vanilla_bodies/objects/body_default.txt:207,../data/vanilla/vanilla_bodies/objects/body_default.txt:241,../data/vanilla/vanilla_bodies/objects/body_default.txt:275,../data/vanilla/vanilla_bodies/objects/body_default.txt:295,../data/vanilla/vanilla_bodies/objects/body_default.txt:329,../data/vanilla/vanilla_bodies/objects/body_default.txt:367,../data/vanilla/vanilla_bodies/objects/body_default.txt:387,../data/vanilla/vanilla_bodies/objects/body_default.txt:407,../data/vanilla/vanilla_bodies/objects/body_default.txt:451,../data/vanilla/vanilla_bodies/objects/body_default.txt:507,../data/vanilla/vanilla_bodies/objects/body_default.txt:539,../data/vanilla/vanilla_bodies/objects/body_default.txt:585,../data/vanilla/vanilla_bodies/objects/body_default.txt:727,../data/vanilla/vanilla_bodies/objects/body_default.txt:751,../data/vanilla/vanilla_bodies/objects/body_default.txt:777,../data/vanilla/vanilla_bodies/objects/body_default.txt:803,../data/vanilla/vanilla_bodies/objects/body_default.txt:829,../data/vanilla/vanilla_bodies/objects/body_default.txt:851,../data/vanilla/vanilla_bodies/objects/body_default.txt:883,../data/vanilla/vanilla_bodies/objects/body_rcp.txt:38	::health::bodypart::bodypart_main	head
raw-body-name	BODY/BP and INDIVIDUAL_NAME	-	../data/vanilla/vanilla_bodies/objects/body_default.txt:1902	::health::bodypart::bodypart_main	head sclerite
raw-body-name	BODY/BP and INDIVIDUAL_NAME	-	../data/vanilla/vanilla_bodies/objects/body_default.txt:1237,../data/vanilla/vanilla_bodies/objects/body_rcp.txt:493	::health::bodypart::bodypart_main	heart
raw-body-name	BODY/BP and INDIVIDUAL_NAME	-	../data/vanilla/vanilla_bodies/objects/body_default.txt:1334,../data/vanilla/vanilla_bodies/objects/body_rcp.txt:241	::health::bodypart::bodypart_main	horn
raw-body-name	BODY/BP and INDIVIDUAL_NAME	-	../data/vanilla/vanilla_bodies/objects/body_default.txt:1672	::health::bodypart::bodypart_main	hump
raw-body-name	BODY/BP and INDIVIDUAL_NAME	-	../data/vanilla/vanilla_bodies/objects/body_default.txt:1286	::health::bodypart::bodypart_main	left ankle
raw-body-name	BODY/BP and INDIVIDUAL_NAME	-	../data/vanilla/vanilla_bodies/objects/body_default.txt:1912,../data/vanilla/vanilla_bodies/objects/body_rcp.txt:237	::health::bodypart::bodypart_main	left antenna
raw-body-name	BODY/BP and INDIVIDUAL_NAME	-	../data/vanilla/vanilla_bodies/objects/body_default.txt:1370,../data/vanilla/vanilla_bodies/objects/body_rcp.txt:613	::health::bodypart::bodypart_main	left antler
raw-body-name	BODY/BP and INDIVIDUAL_NAME	-	../data/vanilla/vanilla_bodies/objects/body_default.txt:731	::health::bodypart::bodypart_main	left arm
raw-body-name	BODY/BP and INDIVIDUAL_NAME	-	../data/vanilla/vanilla_bodies/objects/body_default.txt:1682,../data/vanilla/vanilla_bodies/objects/body_default.txt:1708,../data/vanilla/vanilla_bodies/objects/body_rcp.txt:481	::health::bodypart::bodypart_main	left cheek
raw-body-name	BODY/BP and INDIVIDUAL_NAME	-	../data/vanilla/vanilla_bodies/objects/body_rcp.txt:64	::health::bodypart::bodypart_main	left claw
raw-body-name	BODY/BP and INDIVIDUAL_NAME	-	../data/vanilla/vanilla_bodies/objects/body_default.txt:1215	::health::bodypart::bodypart_main	left ear
raw-body-name	BODY/BP and INDIVIDUAL_NAME	-	../data/vanilla/vanilla_bodies/objects/body_default.txt:1270	::health::bodypart::bodypart_main	left elbow
raw-body-name	BODY/BP and INDIVIDUAL_NAME	-	../data/vanilla/vanilla_bodies/objects/body_default.txt:1155,../data/vanilla/vanilla_bodies/objects/body_default.txt:1161,../data/vanilla/vanilla_bodies/objects/body_rcp.txt:461,../data/vanilla/vanilla_bodies/objects/body_rcp.txt:467	::health::bodypart::bodypart_main	left eye
raw-body-name	BODY/BP and INDIVIDUAL_NAME	-	../data/vanilla/vanilla_bodies/objects/body_default.txt:1745,../data/vanilla/vanilla_bodies/objects/body_default.txt:1787	::health::bodypart::bodypart_main	left eye teeth
raw-body-name	BODY/BP and INDIVIDUAL_NAME	-	../data/vanilla/vanilla_bodies/objects/body_default.txt:1745,../data/vanilla/vanilla_bodies/objects/body_default.txt:1787	::health::bodypart::bodypart_main	left eye tooth
raw-body-name	BODY/BP and INDIVIDUAL_NAME	-	../data/vanilla/vanilla_bodies/objects/body_default.txt:1688,../data/vanilla/vanilla_bodies/objects/body_default.txt:1712,../data/vanilla/vanilla_bodies/objects/body_rcp.txt:591,../data/vanilla/vanilla_bodies/objects/body_rcp.txt:597	::health::bodypart::bodypart_main	left eyelid
raw-body-name	BODY/BP and INDIVIDUAL_NAME	-	../data/vanilla/vanilla_bodies/objects/body_default.txt:1191	::health::bodypart::bodypart_main	left eyestalk
raw-body-name	BODY/BP and INDIVIDUAL_NAME	-	../data/vanilla/vanilla_bodies/objects/body_default.txt:1731,../data/vanilla/vanilla_bodies/objects/body_rcp.txt:549,../data/vanilla/vanilla_bodies/objects/body_rcp.txt:563	::health::bodypart::bodypart_main	left false rib
raw-body-name	BODY/BP and INDIVIDUAL_NAME	-	../data/vanilla/vanilla_bodies/objects/body_default.txt:1753	::health::bodypart::bodypart_main	left fang
raw-body-name	BODY/BP and INDIVIDUAL_NAME	-	../data/vanilla/vanilla_bodies/objects/body_default.txt:1753	::health::bodypart::bodypart_main	left fangs
raw-body-name	BODY/BP and INDIVIDUAL_NAME	-	../data/vanilla/vanilla_bodies/objects/body_default.txt:165,../data/vanilla/vanilla_bodies/objects/body_default.txt:1888,../data/vanilla/vanilla_bodies/objects/body_default.txt:231,../data/vanilla/vanilla_bodies/objects/body_default.txt:319,../data/vanilla/vanilla_bodies/objects/body_default.txt:353,../data/vanilla/vanilla_bodies/objects/body_default.txt:379,../data/vanilla/vanilla_bodies/objects/body_default.txt:443,../data/vanilla/vanilla_bodies/objects/body_default.txt:499,../data/vanilla/vanilla_bodies/objects/body_default.txt:51,../data/vanilla/vanilla_bodies/objects/body_default.txt:621,../data/vanilla/vanilla_bodies/objects/body_default.txt:681,../data/vanilla/vanilla_bodies/objects/body_default.txt:719,../data/vanilla/vanilla_bodies/objects/body_default.txt:743,../data/vanilla/vanilla_bodies/objects/body_rcp.txt:168	::health::bodypart::bodypart_main	left feet
raw-body-name	BODY/BP and INDIVIDUAL_NAME	-	../data/vanilla/vanilla_bodies/objects/body_rcp.txt:124	::health::bodypart::bodypart_main	left fifth feet
raw-body-name	BODY/BP and INDIVIDUAL_NAME	-	../data/vanilla/vanilla_bodies/objects/body_rcp.txt:124	::health::bodypart::bodypart_main	left fifth foot
raw-body-name	BODY/BP and INDIVIDUAL_NAME	-	../data/vanilla/vanilla_bodies/objects/body_rcp.txt:120	::health::bodypart::bodypart_main	left fifth leg
raw-body-name	BODY/BP and INDIVIDUAL_NAME	-	../data/vanilla/vanilla_bodies/objects/body_default.txt:1634	::health::bodypart::bodypart_main	left fin
raw-body-name	BODY/BP and INDIVIDUAL_NAME	-	../data/vanilla/vanilla_bodies/objects/body_default.txt:861,../data/vanilla/vanilla_bodies/objects/body_default.txt:927,../data/vanilla/vanilla_bodies/objects/body_default.txt:963,../data/vanilla/vanilla_bodies/objects/body_rcp.txt:74,../data/vanilla/vanilla_bodies/objects/body_rcp.txt:84	::health::bodypart::bodypart_main	left first feet
raw-body-name	BODY/BP and INDIVIDUAL_NAME	-	../data/vanilla/vanilla_bodies/objects/body_default.txt:861,../data/vanilla/vanilla_bodies/objects/body_default.txt:927,../data/vanilla/vanilla_bodies/objects/body_default.txt:963,../data/vanilla/vanilla_bodies/objects/body_rcp.txt:74,../data/vanilla/vanilla_bodies/objects/body_rcp.txt:84	::health::bodypart::bodypart_main	left first foot
raw-body-name	BODY/BP and INDIVIDUAL_NAME	-	../data/vanilla/vanilla_bodies/objects/body_default.txt:857,../data/vanilla/vanilla_bodies/objects/body_default.txt:923,../data/vanilla/vanilla_bodies/objects/body_default.txt:959,../data/vanilla/vanilla_bodies/objects/body_rcp.txt:70,../data/vanilla/vanilla_bodies/objects/body_rcp.txt:80	::health::bodypart::bodypart_main	left first leg
raw-body-name	BODY/BP and INDIVIDUAL_NAME	-	../data/vanilla/vanilla_bodies/objects/body_default.txt:1644	::health::bodypart::bodypart_main	left flipper
raw-body-name	BODY/BP and INDIVIDUAL_NAME	-	../data/vanilla/vanilla_bodies/objects/body_default.txt:1735,../data/vanilla/vanilla_bodies/objects/body_rcp.txt:553,../data/vanilla/vanilla_bodies/objects/body_rcp.txt:567	::health::bodypart::bodypart_main	left floating rib
raw-body-name	BODY/BP and INDIVIDUAL_NAME	-	../data/vanilla/vanilla_bodies/objects/body_default.txt:165,../data/vanilla/vanilla_bodies/objects/body_default.txt:1888,../data/vanilla/vanilla_bodies/objects/body_default.txt:231,../data/vanilla/vanilla_bodies/objects/body_default.txt:319,../data/vanilla/vanilla_bodies/objects/body_default.txt:353,../data/vanilla/vanilla_bodies/objects/body_default.txt:379,../data/vanilla/vanilla_bodies/objects/body_default.txt:443,../data/vanilla/vanilla_bodies/objects/body_default.txt:499,../data/vanilla/vanilla_bodies/objects/body_default.txt:51,../data/vanilla/vanilla_bodies/objects/body_default.txt:621,../data/vanilla/vanilla_bodies/objects/body_default.txt:681,../data/vanilla/vanilla_bodies/objects/body_default.txt:719,../data/vanilla/vanilla_bodies/objects/body_default.txt:743,../data/vanilla/vanilla_bodies/objects/body_rcp.txt:168	::health::bodypart::bodypart_main	left foot
raw-body-name	BODY/BP and INDIVIDUAL_NAME	-	../data/vanilla/vanilla_bodies/objects/body_default.txt:897	::health::bodypart::bodypart_main	left forefeet
raw-body-name	BODY/BP and INDIVIDUAL_NAME	-	../data/vanilla/vanilla_bodies/objects/body_default.txt:897	::health::bodypart::bodypart_main	left forefoot
raw-body-name	BODY/BP and INDIVIDUAL_NAME	-	../data/vanilla/vanilla_bodies/objects/body_default.txt:951,../data/vanilla/vanilla_bodies/objects/body_default.txt:987,../data/vanilla/vanilla_bodies/objects/body_rcp.txt:114	::health::bodypart::bodypart_main	left fourth feet
raw-body-name	BODY/BP and INDIVIDUAL_NAME	-	../data/vanilla/vanilla_bodies/objects/body_default.txt:951,../data/vanilla/vanilla_bodies/objects/body_default.txt:987,../data/vanilla/vanilla_bodies/objects/body_rcp.txt:114	::health::bodypart::bodypart_main	left fourth foot
raw-body-name	BODY/BP and INDIVIDUAL_NAME	-	../data/vanilla/vanilla_bodies/objects/body_default.txt:947,../data/vanilla/vanilla_bodies/objects/body_default.txt:983,../data/vanilla/vanilla_bodies/objects/body_rcp.txt:110	::health::bodypart::bodypart_main	left fourth leg
raw-body-name	BODY/BP and INDIVIDUAL_NAME	-	../data/vanilla/vanilla_bodies/objects/body_default.txt:1848,../data/vanilla/vanilla_bodies/objects/body_default.txt:61,../data/vanilla/vanilla_bodies/objects/body_default.txt:759,../data/vanilla/vanilla_bodies/objects/body_default.txt:785,../data/vanilla/vanilla_bodies/objects/body_default.txt:811,../data/vanilla/vanilla_bodies/objects/body_rcp.txt:134,../data/vanilla/vanilla_bodies/objects/body_rcp.txt:144	::health::bodypart::bodypart_main	left front feet
raw-body-name	BODY/BP and INDIVIDUAL_NAME	-	../data/vanilla/vanilla_bodies/objects/body_default.txt:1662	::health::bodypart::bodypart_main	left front fin
raw-body-name	BODY/BP and INDIVIDUAL_NAME	-	../data/vanilla/vanilla_bodies/objects/body_default.txt:1650,../data/vanilla/vanilla_bodies/objects/body_rcp.txt:174	::health::bodypart::bodypart_main	left front flipper
raw-body-name	BODY/BP and INDIVIDUAL_NAME	-	../data/vanilla/vanilla_bodies/objects/body_default.txt:1848,../data/vanilla/vanilla_bodies/objects/body_default.txt:61,../data/vanilla/vanilla_bodies/objects/body_default.txt:759,../data/vanilla/vanilla_bodies/objects/body_default.txt:785,../data/vanilla/vanilla_bodies/objects/body_default.txt:811,../data/vanilla/vanilla_bodies/objects/body_rcp.txt:134,../data/vanilla/vanilla_bodies/objects/body_rcp.txt:144	::health::bodypart::bodypart_main	left front foot
raw-body-name	BODY/BP and INDIVIDUAL_NAME	-	../data/vanilla/vanilla_bodies/objects/body_default.txt:837	::health::bodypart::bodypart_main	left front hoof
raw-body-name	BODY/BP and INDIVIDUAL_NAME	-	../data/vanilla/vanilla_bodies/objects/body_default.txt:837	::health::bodypart::bodypart_main	left front hooves
raw-body-name	BODY/BP and INDIVIDUAL_NAME	-	../data/vanilla/vanilla_bodies/objects/body_default.txt:1844,../data/vanilla/vanilla_bodies/objects/body_default.txt:57,../data/vanilla/vanilla_bodies/objects/body_default.txt:755,../data/vanilla/vanilla_bodies/objects/body_default.txt:781,../data/vanilla/vanilla_bodies/objects/body_default.txt:807,../data/vanilla/vanilla_bodies/objects/body_default.txt:833,../data/vanilla/vanilla_bodies/objects/body_rcp.txt:130,../data/vanilla/vanilla_bodies/objects/body_rcp.txt:140	::health::bodypart::bodypart_main	left front leg
raw-body-name	BODY/BP and INDIVIDUAL_NAME	-	../data/vanilla/vanilla_bodies/objects/body_default.txt:1083	::health::bodypart::bodypart_main	left front wheel
raw-body-name	BODY/BP and INDIVIDUAL_NAME	-	../data/vanilla/vanilla_bodies/objects/body_default.txt:1128	::health::bodypart::bodypart_main	left frontal appendage
raw-body-name	BODY/BP and INDIVIDUAL_NAME	-	../data/vanilla/vanilla_bodies/objects/body_default.txt:1898	::health::bodypart::bodypart_main	left frontal endite
raw-body-name	BODY/BP and INDIVIDUAL_NAME	-	../data/vanilla/vanilla_bodies/objects/body_default.txt:153,../data/vanilla/vanilla_bodies/objects/body_default.txt:1840,../data/vanilla/vanilla_bodies/objects/body_default.txt:185,../data/vanilla/vanilla_bodies/objects/body_default.txt:219,../data/vanilla/vanilla_bodies/objects/body_default.txt:253,../data/vanilla/vanilla_bodies/objects/body_default.txt:287,../data/vanilla/vanilla_bodies/objects/body_default.txt:307,../data/vanilla/vanilla_bodies/objects/body_default.txt:341,../data/vanilla/vanilla_bodies/objects/body_default.txt:37,../data/vanilla/vanilla_bodies/objects/body_default.txt:399,../data/vanilla/vanilla_bodies/objects/body_default.txt:669,../data/vanilla/vanilla_bodies/objects/body_default.txt:707,../data/vanilla/vanilla_bodies/objects/body_default.txt:735,../data/vanilla/vanilla_bodies/objects/body_default.txt:85,../data/vanilla/vanilla_bodies/objects/body_rcp.txt:52	::health::bodypart::bodypart_main	left hand
raw-body-name	BODY/BP and INDIVIDUAL_NAME	-	../data/vanilla/vanilla_bodies/objects/body_default.txt:657,../data/vanilla/vanilla_bodies/objects/body_default.txt:695	::health::bodypart::bodypart_main	left head
raw-body-name	BODY/BP and INDIVIDUAL_NAME	-	../data/vanilla/vanilla_bodies/objects/body_default.txt:1278	::health::bodypart::bodypart_main	left hip
raw-body-name	BODY/BP and INDIVIDUAL_NAME	-	../data/vanilla/vanilla_bodies/objects/body_default.txt:197,../data/vanilla/vanilla_bodies/objects/body_default.txt:265	::health::bodypart::bodypart_main	left hoof
raw-body-name	BODY/BP and INDIVIDUAL_NAME	-	../data/vanilla/vanilla_bodies/objects/body_default.txt:197,../data/vanilla/vanilla_bodies/objects/body_default.txt:265	::health::bodypart::bodypart_main	left hooves
raw-body-name	BODY/BP and INDIVIDUAL_NAME	-	../data/vanilla/vanilla_bodies/objects/body_default.txt:1340,../data/vanilla/vanilla_bodies/objects/body_default.txt:1354,../data/vanilla/vanilla_bodies/objects/body_rcp.txt:245	::health::bodypart::bodypart_main	left horn
raw-body-name	BODY/BP and INDIVIDUAL_NAME	-	../data/vanilla/vanilla_bodies/objects/body_default.txt:1260	::health::bodypart::bodypart_main	left kidney
raw-body-name	BODY/BP and INDIVIDUAL_NAME	-	../data/vanilla/vanilla_bodies/objects/body_default.txt:1282	::health::bodypart::bodypart_main	left knee
raw-body-name	BODY/BP and INDIVIDUAL_NAME	-	../data/vanilla/vanilla_bodies/objects/body_default.txt:739	::health::bodypart::bodypart_main	left leg
raw-body-name	BODY/BP and INDIVIDUAL_NAME	-	../data/vanilla/vanilla_bodies/objects/body_default.txt:149,../data/vanilla/vanilla_bodies/objects/body_default.txt:181,../data/vanilla/vanilla_bodies/objects/body_default.txt:1836,../data/vanilla/vanilla_bodies/objects/body_default.txt:215,../data/vanilla/vanilla_bodies/objects/body_default.txt:249,../data/vanilla/vanilla_bodies/objects/body_default.txt:283,../data/vanilla/vanilla_bodies/objects/body_default.txt:303,../data/vanilla/vanilla_bodies/objects/body_default.txt:33,../data/vanilla/vanilla_bodies/objects/body_default.txt:337,../data/vanilla/vanilla_bodies/objects/body_default.txt:395,../data/vanilla/vanilla_bodies/objects/body_default.txt:665,../data/vanilla/vanilla_bodies/objects/body_default.txt:703,../data/vanilla/vanilla_bodies/objects/body_default.txt:81,../data/vanilla/vanilla_bodies/objects/body_rcp.txt:48	::health::bodypart::bodypart_main	left lower arm
raw-body-name	BODY/BP and INDIVIDUAL_NAME	-	../data/vanilla/vanilla_bodies/objects/body_default.txt:1047,../data/vanilla/vanilla_bodies/objects/body_default.txt:1073	::health::bodypart::bodypart_main	left lower claw
raw-body-name	BODY/BP and INDIVIDUAL_NAME	-	../data/vanilla/vanilla_bodies/objects/body_default.txt:893	::health::bodypart::bodypart_main	left lower foreleg
raw-body-name	BODY/BP and INDIVIDUAL_NAME	-	../data/vanilla/vanilla_bodies/objects/body_default.txt:1364	::health::bodypart::bodypart_main	left lower horn
raw-body-name	BODY/BP and INDIVIDUAL_NAME	-	../data/vanilla/vanilla_bodies/objects/body_default.txt:1765	::health::bodypart::bodypart_main	left lower incisor
raw-body-name	BODY/BP and INDIVIDUAL_NAME	-	../data/vanilla/vanilla_bodies/objects/body_default.txt:161,../data/vanilla/vanilla_bodies/objects/body_default.txt:1884,../data/vanilla/vanilla_bodies/objects/body_default.txt:193,../data/vanilla/vanilla_bodies/objects/body_default.txt:227,../data/vanilla/vanilla_bodies/objects/body_default.txt:261,../data/vanilla/vanilla_bodies/objects/body_default.txt:315,../data/vanilla/vanilla_bodies/objects/body_default.txt:349,../data/vanilla/vanilla_bodies/objects/body_default.txt:375,../data/vanilla/vanilla_bodies/objects/body_default.txt:439,../data/vanilla/vanilla_bodies/objects/body_default.txt:47,../data/vanilla/vanilla_bodies/objects/body_default.txt:495,../data/vanilla/vanilla_bodies/objects/body_default.txt:617,../data/vanilla/vanilla_bodies/objects/body_default.txt:677,../data/vanilla/vanilla_bodies/objects/body_default.txt:715,../data/vanilla/vanilla_bodies/objects/body_rcp.txt:164	::health::bodypart::bodypart_main	left lower leg
raw-body-name	BODY/BP and INDIVIDUAL_NAME	-	../data/vanilla/vanilla_bodies/objects/body_default.txt:1043,../data/vanilla/vanilla_bodies/objects/body_default.txt:1069	::health::bodypart::bodypart_main	left lower tentacle
raw-body-name	BODY/BP and INDIVIDUAL_NAME	-	../data/vanilla/vanilla_bodies/objects/body_default.txt:1221,../data/vanilla/vanilla_bodies/objects/body_rcp.txt:489	::health::bodypart::bodypart_main	left lung
raw-body-name	BODY/BP and INDIVIDUAL_NAME	-	../data/vanilla/vanilla_bodies/objects/body_default.txt:1862,../data/vanilla/vanilla_bodies/objects/body_rcp.txt:271	::health::bodypart::bodypart_main	left mandible
raw-body-name	BODY/BP and INDIVIDUAL_NAME	-	../data/vanilla/vanilla_bodies/objects/body_default.txt:1065	::health::bodypart::bodypart_main	left middle claw
raw-body-name	BODY/BP and INDIVIDUAL_NAME	-	../data/vanilla/vanilla_bodies/objects/body_default.txt:1061	::health::bodypart::bodypart_main	left middle tentacle
raw-body-name	BODY/BP and INDIVIDUAL_NAME	-	../data/vanilla/vanilla_bodies/objects/body_default.txt:691	::health::bodypart::bodypart_main	left neck
raw-body-name	BODY/BP and INDIVIDUAL_NAME	-	../data/vanilla/vanilla_bodies/objects/body_default.txt:1116,../data/vanilla/vanilla_bodies/objects/body_default.txt:1122,../data/vanilla/vanilla_bodies/objects/body_rcp.txt:58	::health::bodypart::bodypart_main	left pincer
raw-body-name	BODY/BP and INDIVIDUAL_NAME	-	../data/vanilla/vanilla_bodies/objects/body_default.txt:1856,../data/vanilla/vanilla_bodies/objects/body_default.txt:71,../data/vanilla/vanilla_bodies/objects/body_default.txt:767,../data/vanilla/vanilla_bodies/objects/body_default.txt:793,../data/vanilla/vanilla_bodies/objects/body_default.txt:819,../data/vanilla/vanilla_bodies/objects/body_rcp.txt:154	::health::bodypart::bodypart_main	left rear feet
raw-body-name	BODY/BP and INDIVIDUAL_NAME	-	../data/vanilla/vanilla_bodies/objects/body_default.txt:1668	::health::bodypart::bodypart_main	left rear fin
raw-body-name	BODY/BP and INDIVIDUAL_NAME	-	../data/vanilla/vanilla_bodies/objects/body_default.txt:1656,../data/vanilla/vanilla_bodies/objects/body_rcp.txt:180	::health::bodypart::bodypart_main	left rear flipper
raw-body-name	BODY/BP and INDIVIDUAL_NAME	-	../data/vanilla/vanilla_bodies/objects/body_default.txt:1856,../data/vanilla/vanilla_bodies/objects/body_default.txt:71,../data/vanilla/vanilla_bodies/objects/body_default.txt:767,../data/vanilla/vanilla_bodies/objects/body_default.txt:793,../data/vanilla/vanilla_bodies/objects/body_default.txt:819,../data/vanilla/vanilla_bodies/objects/body_rcp.txt:154	::health::bodypart::bodypart_main	left rear foot
raw-body-name	BODY/BP and INDIVIDUAL_NAME	-	../data/vanilla/vanilla_bodies/objects/body_default.txt:845	::health::bodypart::bodypart_main	left rear hoof
raw-body-name	BODY/BP and INDIVIDUAL_NAME	-	../data/vanilla/vanilla_bodies/objects/body_default.txt:845	::health::bodypart::bodypart_main	left rear hooves
raw-body-name	BODY/BP and INDIVIDUAL_NAME	-	../data/vanilla/vanilla_bodies/objects/body_default.txt:1852,../data/vanilla/vanilla_bodies/objects/body_default.txt:67,../data/vanilla/vanilla_bodies/objects/body_default.txt:763,../data/vanilla/vanilla_bodies/objects/body_default.txt:789,../data/vanilla/vanilla_bodies/objects/body_default.txt:815,../data/vanilla/vanilla_bodies/objects/body_default.txt:841,../data/vanilla/vanilla_bodies/objects/body_rcp.txt:150	::health::bodypart::bodypart_main	left rear leg
raw-body-name	BODY/BP and INDIVIDUAL_NAME	-	../data/vanilla/vanilla_bodies/objects/body_default.txt:1087	::health::bodypart::bodypart_main	left rear wheel
raw-body-name	BODY/BP and INDIVIDUAL_NAME	-	../data/vanilla/vanilla_bodies/objects/body_default.txt:869,../data/vanilla/vanilla_bodies/objects/body_default.txt:905,../data/vanilla/vanilla_bodies/objects/body_default.txt:935,../data/vanilla/vanilla_bodies/objects/body_default.txt:971,../data/vanilla/vanilla_bodies/objects/body_rcp.txt:94	::health::bodypart::bodypart_main	left second feet
raw-body-name	BODY/BP and INDIVIDUAL_NAME	-	../data/vanilla/vanilla_bodies/objects/body_default.txt:869,../data/vanilla/vanilla_bodies/objects/body_default.txt:905,../data/vanilla/vanilla_bodies/objects/body_default.txt:935,../data/vanilla/vanilla_bodies/objects/body_default.txt:971,../data/vanilla/vanilla_bodies/objects/body_rcp.txt:94	::health::bodypart::bodypart_main	left second foot
raw-body-name	BODY/BP and INDIVIDUAL_NAME	-	../data/vanilla/vanilla_bodies/objects/body_default.txt:865,../data/vanilla/vanilla_bodies/objects/body_default.txt:901,../data/vanilla/vanilla_bodies/objects/body_default.txt:931,../data/vanilla/vanilla_bodies/objects/body_default.txt:967,../data/vanilla/vanilla_bodies/objects/body_rcp.txt:90	::health::bodypart::bodypart_main	left second leg
raw-body-name	BODY/BP and INDIVIDUAL_NAME	-	../data/vanilla/vanilla_bodies/objects/body_default.txt:1266	::health::bodypart::bodypart_main	left shoulder
raw-body-name	BODY/BP and INDIVIDUAL_NAME	-	../data/vanilla/vanilla_bodies/objects/body_default.txt:1930	::health::bodypart::bodypart_main	left shoulder spine
raw-body-name	BODY/BP and INDIVIDUAL_NAME	-	../data/vanilla/vanilla_bodies/objects/body_rcp.txt:200,../data/vanilla/vanilla_bodies/objects/body_rcp.txt:206	::health::bodypart::bodypart_main	left tail
raw-body-name	BODY/BP and INDIVIDUAL_NAME	-	../data/vanilla/vanilla_bodies/objects/body_default.txt:1025,../data/vanilla/vanilla_bodies/objects/body_default.txt:993	::health::bodypart::bodypart_main	left tentacle
raw-body-name	BODY/BP and INDIVIDUAL_NAME	-	../data/vanilla/vanilla_bodies/objects/body_default.txt:1029	::health::bodypart::bodypart_main	left tentacle club
raw-body-name	BODY/BP and INDIVIDUAL_NAME	-	../data/vanilla/vanilla_bodies/objects/body_default.txt:877,../data/vanilla/vanilla_bodies/objects/body_default.txt:913,../data/vanilla/vanilla_bodies/objects/body_default.txt:943,../data/vanilla/vanilla_bodies/objects/body_default.txt:979,../data/vanilla/vanilla_bodies/objects/body_rcp.txt:104	::health::bodypart::bodypart_main	left third feet
raw-body-name	BODY/BP and INDIVIDUAL_NAME	-	../data/vanilla/vanilla_bodies/objects/body_default.txt:877,../data/vanilla/vanilla_bodies/objects/body_default.txt:913,../data/vanilla/vanilla_bodies/objects/body_default.txt:943,../data/vanilla/vanilla_bodies/objects/body_default.txt:979,../data/vanilla/vanilla_bodies/objects/body_rcp.txt:104	::health::bodypart::bodypart_main	left third foot
raw-body-name	BODY/BP and INDIVIDUAL_NAME	-	../data/vanilla/vanilla_bodies/objects/body_default.txt:873,../data/vanilla/vanilla_bodies/objects/body_default.txt:909,../data/vanilla/vanilla_bodies/objects/body_default.txt:939,../data/vanilla/vanilla_bodies/objects/body_default.txt:975,../data/vanilla/vanilla_bodies/objects/body_rcp.txt:100	::health::bodypart::bodypart_main	left third leg
raw-body-name	BODY/BP and INDIVIDUAL_NAME	-	../data/vanilla/vanilla_bodies/objects/body_default.txt:1771	::health::bodypart::bodypart_main	left tooth
raw-body-name	BODY/BP and INDIVIDUAL_NAME	-	../data/vanilla/vanilla_bodies/objects/body_default.txt:1727,../data/vanilla/vanilla_bodies/objects/body_rcp.txt:545,../data/vanilla/vanilla_bodies/objects/body_rcp.txt:559	::health::bodypart::bodypart_main	left true rib
raw-body-name	BODY/BP and INDIVIDUAL_NAME	-	../data/vanilla/vanilla_bodies/objects/body_default.txt:1197	::health::bodypart::bodypart_main	left tusk
raw-body-name	BODY/BP and INDIVIDUAL_NAME	-	../data/vanilla/vanilla_bodies/objects/body_default.txt:145,../data/vanilla/vanilla_bodies/objects/body_default.txt:177,../data/vanilla/vanilla_bodies/objects/body_default.txt:1832,../data/vanilla/vanilla_bodies/objects/body_default.txt:211,../data/vanilla/vanilla_bodies/objects/body_default.txt:245,../data/vanilla/vanilla_bodies/objects/body_default.txt:279,../data/vanilla/vanilla_bodies/objects/body_default.txt:29,../data/vanilla/vanilla_bodies/objects/body_default.txt:299,../data/vanilla/vanilla_bodies/objects/body_default.txt:333,../data/vanilla/vanilla_bodies/objects/body_default.txt:391,../data/vanilla/vanilla_bodies/objects/body_default.txt:661,../data/vanilla/vanilla_bodies/objects/body_default.txt:699,../data/vanilla/vanilla_bodies/objects/body_default.txt:77,../data/vanilla/vanilla_bodies/objects/body_rcp.txt:44	::health::bodypart::bodypart_main	left upper arm
raw-body-name	BODY/BP and INDIVIDUAL_NAME	-	../data/vanilla/vanilla_bodies/objects/body_default.txt:1039,../data/vanilla/vanilla_bodies/objects/body_default.txt:1057	::health::bodypart::bodypart_main	left upper claw
raw-body-name	BODY/BP and INDIVIDUAL_NAME	-	../data/vanilla/vanilla_bodies/objects/body_default.txt:889	::health::bodypart::bodypart_main	left upper foreleg
raw-body-name	BODY/BP and INDIVIDUAL_NAME	-	../data/vanilla/vanilla_bodies/objects/body_default.txt:1360	::health::bodypart::bodypart_main	left upper horn
raw-body-name	BODY/BP and INDIVIDUAL_NAME	-	../data/vanilla/vanilla_bodies/objects/body_default.txt:1761	::health::bodypart::bodypart_main	left upper incisor
raw-body-name	BODY/BP and INDIVIDUAL_NAME	-	../data/vanilla/vanilla_bodies/objects/body_default.txt:157,../data/vanilla/vanilla_bodies/objects/body_default.txt:1880,../data/vanilla/vanilla_bodies/objects/body_default.txt:189,../data/vanilla/vanilla_bodies/objects/body_default.txt:223,../data/vanilla/vanilla_bodies/objects/body_default.txt:257,../data/vanilla/vanilla_bodies/objects/body_default.txt:311,../data/vanilla/vanilla_bodies/objects/body_default.txt:345,../data/vanilla/vanilla_bodies/objects/body_default.txt:371,../data/vanilla/vanilla_bodies/objects/body_default.txt:43,../data/vanilla/vanilla_bodies/objects/body_default.txt:435,../data/vanilla/vanilla_bodies/objects/body_default.txt:491,../data/vanilla/vanilla_bodies/objects/body_default.txt:613,../data/vanilla/vanilla_bodies/objects/body_default.txt:673,../data/vanilla/vanilla_bodies/objects/body_default.txt:711,../data/vanilla/vanilla_bodies/objects/body_rcp.txt:160	::health::bodypart::bodypart_main	left upper leg
raw-body-name	BODY/BP and INDIVIDUAL_NAME	-	../data/vanilla/vanilla_bodies/objects/body_default.txt:1035,../data/vanilla/vanilla_bodies/objects/body_default.txt:1053	::health::bodypart::bodypart_main	left upper tentacle
raw-body-name	BODY/BP and INDIVIDUAL_NAME	-	../data/vanilla/vanilla_bodies/objects/body_default.txt:359,../data/vanilla/vanilla_bodies/objects/body_rcp.txt:186,../data/vanilla/vanilla_bodies/objects/body_rcp.txt:192	::health::bodypart::bodypart_main	left wing
raw-body-name	BODY/BP and INDIVIDUAL_NAME	-	../data/vanilla/vanilla_bodies/objects/body_default.txt:1274	::health::bodypart::bodypart_main	left wrist
raw-body-name	BODY/BP and INDIVIDUAL_NAME	-	../data/vanilla/vanilla_bodies/objects/body_default.txt:1250	::health::bodypart::bodypart_main	liver
raw-body-name	BODY/BP and INDIVIDUAL_NAME	-	../data/vanilla/vanilla_bodies/objects/body_default.txt:139,../data/vanilla/vanilla_bodies/objects/body_default.txt:171,../data/vanilla/vanilla_bodies/objects/body_default.txt:1824,../data/vanilla/vanilla_bodies/objects/body_default.txt:1872,../data/vanilla/vanilla_bodies/objects/body_default.txt:203,../data/vanilla/vanilla_bodies/objects/body_default.txt:23,../data/vanilla/vanilla_bodies/objects/body_default.txt:237,../data/vanilla/vanilla_bodies/objects/body_default.txt:271,../data/vanilla/vanilla_bodies/objects/body_default.txt:293,../data/vanilla/vanilla_bodies/objects/body_default.txt:325,../data/vanilla/vanilla_bodies/objects/body_default.txt:365,../data/vanilla/vanilla_bodies/objects/body_default.txt:385,../data/vanilla/vanilla_bodies/objects/body_default.txt:405,../data/vanilla/vanilla_bodies/objects/body_default.txt:449,../data/vanilla/vanilla_bodies/objects/body_default.txt:505,../data/vanilla/vanilla_bodies/objects/body_default.txt:537,../data/vanilla/vanilla_bodies/objects/body_default.txt:581,../data/vanilla/vanilla_bodies/objects/body_default.txt:653,../data/vanilla/vanilla_bodies/objects/body_default.txt:687,../data/vanilla/vanilla_bodies/objects/body_default.txt:725,../data/vanilla/vanilla_bodies/objects/body_default.txt:749,../data/vanilla/vanilla_bodies/objects/body_default.txt:773,../data/vanilla/vanilla_bodies/objects/body_default.txt:799,../data/vanilla/vanilla_bodies/objects/body_default.txt:825,../data/vanilla/vanilla_bodies/objects/body_rcp.txt:22	::health::bodypart::bodypart_main	lower bodies
raw-body-name	BODY/BP and INDIVIDUAL_NAME	-	../data/vanilla/vanilla_bodies/objects/body_default.txt:139,../data/vanilla/vanilla_bodies/objects/body_default.txt:171,../data/vanilla/vanilla_bodies/objects/body_default.txt:1824,../data/vanilla/vanilla_bodies/objects/body_default.txt:1872,../data/vanilla/vanilla_bodies/objects/body_default.txt:203,../data/vanilla/vanilla_bodies/objects/body_default.txt:23,../data/vanilla/vanilla_bodies/objects/body_default.txt:237,../data/vanilla/vanilla_bodies/objects/body_default.txt:271,../data/vanilla/vanilla_bodies/objects/body_default.txt:293,../data/vanilla/vanilla_bodies/objects/body_default.txt:325,../data/vanilla/vanilla_bodies/objects/body_default.txt:365,../data/vanilla/vanilla_bodies/objects/body_default.txt:385,../data/vanilla/vanilla_bodies/objects/body_default.txt:405,../data/vanilla/vanilla_bodies/objects/body_default.txt:449,../data/vanilla/vanilla_bodies/objects/body_default.txt:505,../data/vanilla/vanilla_bodies/objects/body_default.txt:537,../data/vanilla/vanilla_bodies/objects/body_default.txt:581,../data/vanilla/vanilla_bodies/objects/body_default.txt:653,../data/vanilla/vanilla_bodies/objects/body_default.txt:687,../data/vanilla/vanilla_bodies/objects/body_default.txt:725,../data/vanilla/vanilla_bodies/objects/body_default.txt:749,../data/vanilla/vanilla_bodies/objects/body_default.txt:773,../data/vanilla/vanilla_bodies/objects/body_default.txt:799,../data/vanilla/vanilla_bodies/objects/body_default.txt:825,../data/vanilla/vanilla_bodies/objects/body_rcp.txt:22	::health::bodypart::bodypart_main	lower body
raw-body-name	BODY/BP and INDIVIDUAL_NAME	-	../data/vanilla/vanilla_bodies/objects/body_default.txt:1102	::health::bodypart::bodypart_main	lower carapace
raw-body-name	BODY/BP and INDIVIDUAL_NAME	-	../data/vanilla/vanilla_bodies/objects/body_default.txt:1788	::health::bodypart::bodypart_main	lower front teeth
raw-body-name	BODY/BP and INDIVIDUAL_NAME	-	../data/vanilla/vanilla_bodies/objects/body_default.txt:1788	::health::bodypart::bodypart_main	lower front tooth
raw-body-name	BODY/BP and INDIVIDUAL_NAME	-	../data/vanilla/vanilla_bodies/objects/body_default.txt:1814	::health::bodypart::bodypart_main	lower left back teeth
raw-body-name	BODY/BP and INDIVIDUAL_NAME	-	../data/vanilla/vanilla_bodies/objects/body_default.txt:1814	::health::bodypart::bodypart_main	lower left back tooth
raw-body-name	BODY/BP and INDIVIDUAL_NAME	-	../data/vanilla/vanilla_bodies/objects/body_default.txt:1795	::health::bodypart::bodypart_main	lower left canine
raw-body-name	BODY/BP and INDIVIDUAL_NAME	-	../data/vanilla/vanilla_bodies/objects/body_default.txt:1702,../data/vanilla/vanilla_bodies/objects/body_default.txt:1716,../data/vanilla/vanilla_bodies/objects/body_rcp.txt:573	::health::bodypart::bodypart_main	lower lip
raw-body-name	BODY/BP and INDIVIDUAL_NAME	-	../data/vanilla/vanilla_bodies/objects/body_default.txt:1802	::health::bodypart::bodypart_main	lower right back teeth
raw-body-name	BODY/BP and INDIVIDUAL_NAME	-	../data/vanilla/vanilla_bodies/objects/body_default.txt:1802	::health::bodypart::bodypart_main	lower right back tooth
raw-body-name	BODY/BP and INDIVIDUAL_NAME	-	../data/vanilla/vanilla_bodies/objects/body_default.txt:1794	::health::bodypart::bodypart_main	lower right canine
raw-body-name	BODY/BP and INDIVIDUAL_NAME	-	../data/vanilla/vanilla_bodies/objects/body_default.txt:1302,../data/vanilla/vanilla_bodies/objects/body_rcp.txt:509	::health::bodypart::bodypart_main	lower spine
raw-body-name	BODY/BP and INDIVIDUAL_NAME	-	../data/vanilla/vanilla_bodies/objects/body_default.txt:1299,../data/vanilla/vanilla_bodies/objects/body_rcp.txt:506	::health::bodypart::bodypart_main	middle spine
raw-body-name	BODY/BP and INDIVIDUAL_NAME	-	../data/vanilla/vanilla_bodies/objects/body_default.txt:1225,../data/vanilla/vanilla_bodies/objects/body_default.txt:997,../data/vanilla/vanilla_bodies/objects/body_rcp.txt:537	::health::bodypart::bodypart_main	mouth
raw-body-name	BODY/BP and INDIVIDUAL_NAME	-	../data/vanilla/vanilla_bodies/objects/body_default.txt:123,../data/vanilla/vanilla_bodies/objects/body_default.txt:1826,../data/vanilla/vanilla_bodies/objects/body_default.txt:1874,../data/vanilla/vanilla_bodies/objects/body_default.txt:205,../data/vanilla/vanilla_bodies/objects/body_default.txt:239,../data/vanilla/vanilla_bodies/objects/body_default.txt:273,../data/vanilla/vanilla_bodies/objects/body_default.txt:327,../data/vanilla/vanilla_bodies/objects/body_default.txt:583,../data/vanilla/vanilla_bodies/objects/body_default.txt:775,../data/vanilla/vanilla_bodies/objects/body_default.txt:801,../data/vanilla/vanilla_bodies/objects/body_default.txt:827,../data/vanilla/vanilla_bodies/objects/body_rcp.txt:514	::health::bodypart::bodypart_main	neck
raw-body-name	BODY/BP and INDIVIDUAL_NAME	-	../data/vanilla/vanilla_bodies/objects/body_default.txt:1201,../data/vanilla/vanilla_bodies/objects/body_rcp.txt:477	::health::bodypart::bodypart_main	nose
raw-body-name	BODY/BP and INDIVIDUAL_NAME	-	../data/vanilla/vanilla_bodies/objects/body_default.txt:1254	::health::bodypart::bodypart_main	pancreas
raw-body-name	BODY/BP and INDIVIDUAL_NAME	-	../data/vanilla/vanilla_bodies/objects/body_default.txt:1254	::health::bodypart::bodypart_main	pancreases
raw-body-name	BODY/BP and INDIVIDUAL_NAME	-	../data/vanilla/vanilla_bodies/objects/body_default.txt:1229	::health::bodypart::bodypart_main	proboscis
raw-body-name	BODY/BP and INDIVIDUAL_NAME	-	../data/vanilla/vanilla_bodies/objects/body_default.txt:1229	::health::bodypart::bodypart_main	proboscises
raw-body-name	BODY/BP and INDIVIDUAL_NAME	-	../data/vanilla/vanilla_bodies/objects/body_default.txt:1678	::health::bodypart::bodypart_main	rear hump
raw-body-name	BODY/BP and INDIVIDUAL_NAME	-	../data/vanilla/vanilla_bodies/objects/body_default.txt:1284	::health::bodypart::bodypart_main	right ankle
raw-body-name	BODY/BP and INDIVIDUAL_NAME	-	../data/vanilla/vanilla_bodies/objects/body_default.txt:1910,../data/vanilla/vanilla_bodies/objects/body_rcp.txt:235	::health::bodypart::bodypart_main	right antenna
raw-body-name	BODY/BP and INDIVIDUAL_NAME	-	../data/vanilla/vanilla_bodies/objects/body_default.txt:1368,../data/vanilla/vanilla_bodies/objects/body_rcp.txt:615	::health::bodypart::bodypart_main	right antler
raw-body-name	BODY/BP and INDIVIDUAL_NAME	-	../data/vanilla/vanilla_bodies/objects/body_default.txt:729	::health::bodypart::bodypart_main	right arm
raw-body-name	BODY/BP and INDIVIDUAL_NAME	-	../data/vanilla/vanilla_bodies/objects/body_default.txt:1684,../data/vanilla/vanilla_bodies/objects/body_default.txt:1710,../data/vanilla/vanilla_bodies/objects/body_rcp.txt:483	::health::bodypart::bodypart_main	right cheek
raw-body-name	BODY/BP and INDIVIDUAL_NAME	-	../data/vanilla/vanilla_bodies/objects/body_rcp.txt:62	::health::bodypart::bodypart_main	right claw
raw-body-name	BODY/BP and INDIVIDUAL_NAME	-	../data/vanilla/vanilla_bodies/objects/body_default.txt:1213	::health::bodypart::bodypart_main	right ear
raw-body-name	BODY/BP and INDIVIDUAL_NAME	-	../data/vanilla/vanilla_bodies/objects/body_default.txt:1268	::health::bodypart::bodypart_main	right elbow
raw-body-name	BODY/BP and INDIVIDUAL_NAME	-	../data/vanilla/vanilla_bodies/objects/body_default.txt:1153,../data/vanilla/vanilla_bodies/objects/body_default.txt:1159,../data/vanilla/vanilla_bodies/objects/body_rcp.txt:459,../data/vanilla/vanilla_bodies/objects/body_rcp.txt:465	::health::bodypart::bodypart_main	right eye
raw-body-name	BODY/BP and INDIVIDUAL_NAME	-	../data/vanilla/vanilla_bodies/objects/body_default.txt:1743,../data/vanilla/vanilla_bodies/objects/body_default.txt:1786	::health::bodypart::bodypart_main	right eye teeth
raw-body-name	BODY/BP and INDIVIDUAL_NAME	-	../data/vanilla/vanilla_bodies/objects/body_default.txt:1743,../data/vanilla/vanilla_bodies/objects/body_default.txt:1786	::health::bodypart::bodypart_main	right eye tooth
raw-body-name	BODY/BP and INDIVIDUAL_NAME	-	../data/vanilla/vanilla_bodies/objects/body_default.txt:1690,../data/vanilla/vanilla_bodies/objects/body_default.txt:1714,../data/vanilla/vanilla_bodies/objects/body_rcp.txt:593,../data/vanilla/vanilla_bodies/objects/body_rcp.txt:599	::health::bodypart::bodypart_main	right eyelid
raw-body-name	BODY/BP and INDIVIDUAL_NAME	-	../data/vanilla/vanilla_bodies/objects/body_default.txt:1189	::health::bodypart::bodypart_main	right eyestalk
raw-body-name	BODY/BP and INDIVIDUAL_NAME	-	../data/vanilla/vanilla_bodies/objects/body_default.txt:1733,../data/vanilla/vanilla_bodies/objects/body_rcp.txt:551,../data/vanilla/vanilla_bodies/objects/body_rcp.txt:565	::health::bodypart::bodypart_main	right false rib
raw-body-name	BODY/BP and INDIVIDUAL_NAME	-	../data/vanilla/vanilla_bodies/objects/body_default.txt:1751	::health::bodypart::bodypart_main	right fang
raw-body-name	BODY/BP and INDIVIDUAL_NAME	-	../data/vanilla/vanilla_bodies/objects/body_default.txt:1751	::health::bodypart::bodypart_main	right fangs
raw-body-name	BODY/BP and INDIVIDUAL_NAME	-	../data/vanilla/vanilla_bodies/objects/body_default.txt:163,../data/vanilla/vanilla_bodies/objects/body_default.txt:1886,../data/vanilla/vanilla_bodies/objects/body_default.txt:229,../data/vanilla/vanilla_bodies/objects/body_default.txt:317,../data/vanilla/vanilla_bodies/objects/body_default.txt:351,../data/vanilla/vanilla_bodies/objects/body_default.txt:377,../data/vanilla/vanilla_bodies/objects/body_default.txt:441,../data/vanilla/vanilla_bodies/objects/body_default.txt:49,../data/vanilla/vanilla_bodies/objects/body_default.txt:497,../data/vanilla/vanilla_bodies/objects/body_default.txt:619,../data/vanilla/vanilla_bodies/objects/body_default.txt:679,../data/vanilla/vanilla_bodies/objects/body_default.txt:717,../data/vanilla/vanilla_bodies/objects/body_default.txt:741,../data/vanilla/vanilla_bodies/objects/body_rcp.txt:166	::health::bodypart::bodypart_main	right feet
raw-body-name	BODY/BP and INDIVIDUAL_NAME	-	../data/vanilla/vanilla_bodies/objects/body_rcp.txt:122	::health::bodypart::bodypart_main	right fifth feet
raw-body-name	BODY/BP and INDIVIDUAL_NAME	-	../data/vanilla/vanilla_bodies/objects/body_rcp.txt:122	::health::bodypart::bodypart_main	right fifth foot
raw-body-name	BODY/BP and INDIVIDUAL_NAME	-	../data/vanilla/vanilla_bodies/objects/body_rcp.txt:118	::health::bodypart::bodypart_main	right fifth leg
raw-body-name	BODY/BP and INDIVIDUAL_NAME	-	../data/vanilla/vanilla_bodies/objects/body_default.txt:1632	::health::bodypart::bodypart_main	right fin
raw-body-name	BODY/BP and INDIVIDUAL_NAME	-	../data/vanilla/vanilla_bodies/objects/body_default.txt:859,../data/vanilla/vanilla_bodies/objects/body_default.txt:925,../data/vanilla/vanilla_bodies/objects/body_default.txt:961,../data/vanilla/vanilla_bodies/objects/body_rcp.txt:72,../data/vanilla/vanilla_bodies/objects/body_rcp.txt:82	::health::bodypart::bodypart_main	right first feet
raw-body-name	BODY/BP and INDIVIDUAL_NAME	-	../data/vanilla/vanilla_bodies/objects/body_default.txt:859,../data/vanilla/vanilla_bodies/objects/body_default.txt:925,../data/vanilla/vanilla_bodies/objects/body_default.txt:961,../data/vanilla/vanilla_bodies/objects/body_rcp.txt:72,../data/vanilla/vanilla_bodies/objects/body_rcp.txt:82	::health::bodypart::bodypart_main	right first foot
raw-body-name	BODY/BP and INDIVIDUAL_NAME	-	../data/vanilla/vanilla_bodies/objects/body_default.txt:855,../data/vanilla/vanilla_bodies/objects/body_default.txt:921,../data/vanilla/vanilla_bodies/objects/body_default.txt:957,../data/vanilla/vanilla_bodies/objects/body_rcp.txt:68,../data/vanilla/vanilla_bodies/objects/body_rcp.txt:78	::health::bodypart::bodypart_main	right first leg
raw-body-name	BODY/BP and INDIVIDUAL_NAME	-	../data/vanilla/vanilla_bodies/objects/body_default.txt:1642	::health::bodypart::bodypart_main	right flipper
raw-body-name	BODY/BP and INDIVIDUAL_NAME	-	../data/vanilla/vanilla_bodies/objects/body_default.txt:1737,../data/vanilla/vanilla_bodies/objects/body_rcp.txt:555,../data/vanilla/vanilla_bodies/objects/body_rcp.txt:569	::health::bodypart::bodypart_main	right floating rib
raw-body-name	BODY/BP and INDIVIDUAL_NAME	-	../data/vanilla/vanilla_bodies/objects/body_default.txt:163,../data/vanilla/vanilla_bodies/objects/body_default.txt:1886,../data/vanilla/vanilla_bodies/objects/body_default.txt:229,../data/vanilla/vanilla_bodies/objects/body_default.txt:317,../data/vanilla/vanilla_bodies/objects/body_default.txt:351,../data/vanilla/vanilla_bodies/objects/body_default.txt:377,../data/vanilla/vanilla_bodies/objects/body_default.txt:441,../data/vanilla/vanilla_bodies/objects/body_default.txt:49,../data/vanilla/vanilla_bodies/objects/body_default.txt:497,../data/vanilla/vanilla_bodies/objects/body_default.txt:619,../data/vanilla/vanilla_bodies/objects/body_default.txt:679,../data/vanilla/vanilla_bodies/objects/body_default.txt:717,../data/vanilla/vanilla_bodies/objects/body_default.txt:741,../data/vanilla/vanilla_bodies/objects/body_rcp.txt:166	::health::bodypart::bodypart_main	right foot
raw-body-name	BODY/BP and INDIVIDUAL_NAME	-	../data/vanilla/vanilla_bodies/objects/body_default.txt:895	::health::bodypart::bodypart_main	right forefeet
raw-body-name	BODY/BP and INDIVIDUAL_NAME	-	../data/vanilla/vanilla_bodies/objects/body_default.txt:895	::health::bodypart::bodypart_main	right forefoot
raw-body-name	BODY/BP and INDIVIDUAL_NAME	-	../data/vanilla/vanilla_bodies/objects/body_default.txt:949,../data/vanilla/vanilla_bodies/objects/body_default.txt:985,../data/vanilla/vanilla_bodies/objects/body_rcp.txt:112	::health::bodypart::bodypart_main	right fourth feet
raw-body-name	BODY/BP and INDIVIDUAL_NAME	-	../data/vanilla/vanilla_bodies/objects/body_default.txt:949,../data/vanilla/vanilla_bodies/objects/body_default.txt:985,../data/vanilla/vanilla_bodies/objects/body_rcp.txt:112	::health::bodypart::bodypart_main	right fourth foot
raw-body-name	BODY/BP and INDIVIDUAL_NAME	-	../data/vanilla/vanilla_bodies/objects/body_default.txt:945,../data/vanilla/vanilla_bodies/objects/body_default.txt:981,../data/vanilla/vanilla_bodies/objects/body_rcp.txt:108	::health::bodypart::bodypart_main	right fourth leg
raw-body-name	BODY/BP and INDIVIDUAL_NAME	-	../data/vanilla/vanilla_bodies/objects/body_default.txt:1846,../data/vanilla/vanilla_bodies/objects/body_default.txt:59,../data/vanilla/vanilla_bodies/objects/body_default.txt:757,../data/vanilla/vanilla_bodies/objects/body_default.txt:783,../data/vanilla/vanilla_bodies/objects/body_default.txt:809,../data/vanilla/vanilla_bodies/objects/body_rcp.txt:132,../data/vanilla/vanilla_bodies/objects/body_rcp.txt:142	::health::bodypart::bodypart_main	right front feet
raw-body-name	BODY/BP and INDIVIDUAL_NAME	-	../data/vanilla/vanilla_bodies/objects/body_default.txt:1660	::health::bodypart::bodypart_main	right front fin
raw-body-name	BODY/BP and INDIVIDUAL_NAME	-	../data/vanilla/vanilla_bodies/objects/body_default.txt:1648,../data/vanilla/vanilla_bodies/objects/body_rcp.txt:172	::health::bodypart::bodypart_main	right front flipper
raw-body-name	BODY/BP and INDIVIDUAL_NAME	-	../data/vanilla/vanilla_bodies/objects/body_default.txt:1846,../data/vanilla/vanilla_bodies/objects/body_default.txt:59,../data/vanilla/vanilla_bodies/objects/body_default.txt:757,../data/vanilla/vanilla_bodies/objects/body_default.txt:783,../data/vanilla/vanilla_bodies/objects/body_default.txt:809,../data/vanilla/vanilla_bodies/objects/body_rcp.txt:132,../data/vanilla/vanilla_bodies/objects/body_rcp.txt:142	::health::bodypart::bodypart_main	right front foot
raw-body-name	BODY/BP and INDIVIDUAL_NAME	-	../data/vanilla/vanilla_bodies/objects/body_default.txt:835	::health::bodypart::bodypart_main	right front hoof
raw-body-name	BODY/BP and INDIVIDUAL_NAME	-	../data/vanilla/vanilla_bodies/objects/body_default.txt:835	::health::bodypart::bodypart_main	right front hooves
raw-body-name	BODY/BP and INDIVIDUAL_NAME	-	../data/vanilla/vanilla_bodies/objects/body_default.txt:1842,../data/vanilla/vanilla_bodies/objects/body_default.txt:55,../data/vanilla/vanilla_bodies/objects/body_default.txt:753,../data/vanilla/vanilla_bodies/objects/body_default.txt:779,../data/vanilla/vanilla_bodies/objects/body_default.txt:805,../data/vanilla/vanilla_bodies/objects/body_default.txt:831,../data/vanilla/vanilla_bodies/objects/body_rcp.txt:128,../data/vanilla/vanilla_bodies/objects/body_rcp.txt:138	::health::bodypart::bodypart_main	right front leg
raw-body-name	BODY/BP and INDIVIDUAL_NAME	-	../data/vanilla/vanilla_bodies/objects/body_default.txt:1081	::health::bodypart::bodypart_main	right front wheel
raw-body-name	BODY/BP and INDIVIDUAL_NAME	-	../data/vanilla/vanilla_bodies/objects/body_default.txt:1126	::health::bodypart::bodypart_main	right frontal appendage
raw-body-name	BODY/BP and INDIVIDUAL_NAME	-	../data/vanilla/vanilla_bodies/objects/body_default.txt:1896	::health::bodypart::bodypart_main	right frontal endite
raw-body-name	BODY/BP and INDIVIDUAL_NAME	-	../data/vanilla/vanilla_bodies/objects/body_default.txt:151,../data/vanilla/vanilla_bodies/objects/body_default.txt:183,../data/vanilla/vanilla_bodies/objects/body_default.txt:1838,../data/vanilla/vanilla_bodies/objects/body_default.txt:217,../data/vanilla/vanilla_bodies/objects/body_default.txt:251,../data/vanilla/vanilla_bodies/objects/body_default.txt:285,../data/vanilla/vanilla_bodies/objects/body_default.txt:305,../data/vanilla/vanilla_bodies/objects/body_default.txt:339,../data/vanilla/vanilla_bodies/objects/body_default.txt:35,../data/vanilla/vanilla_bodies/objects/body_default.txt:397,../data/vanilla/vanilla_bodies/objects/body_default.txt:667,../data/vanilla/vanilla_bodies/objects/body_default.txt:705,../data/vanilla/vanilla_bodies/objects/body_default.txt:733,../data/vanilla/vanilla_bodies/objects/body_default.txt:83,../data/vanilla/vanilla_bodies/objects/body_rcp.txt:50	::health::bodypart::bodypart_main	right hand
raw-body-name	BODY/BP and INDIVIDUAL_NAME	-	../data/vanilla/vanilla_bodies/objects/body_default.txt:655,../data/vanilla/vanilla_bodies/objects/body_default.txt:693	::health::bodypart::bodypart_main	right head
raw-body-name	BODY/BP and INDIVIDUAL_NAME	-	../data/vanilla/vanilla_bodies/objects/body_default.txt:1276	::health::bodypart::bodypart_main	right hip
raw-body-name	BODY/BP and INDIVIDUAL_NAME	-	../data/vanilla/vanilla_bodies/objects/body_default.txt:195,../data/vanilla/vanilla_bodies/objects/body_default.txt:263	::health::bodypart::bodypart_main	right hoof
raw-body-name	BODY/BP and INDIVIDUAL_NAME	-	../data/vanilla/vanilla_bodies/objects/body_default.txt:195,../data/vanilla/vanilla_bodies/objects/body_default.txt:263	::health::bodypart::bodypart_main	right hooves
raw-body-name	BODY/BP and INDIVIDUAL_NAME	-	../data/vanilla/vanilla_bodies/objects/body_default.txt:1338,../data/vanilla/vanilla_bodies/objects/body_default.txt:1352,../data/vanilla/vanilla_bodies/objects/body_rcp.txt:247	::health::bodypart::bodypart_main	right horn
raw-body-name	BODY/BP and INDIVIDUAL_NAME	-	../data/vanilla/vanilla_bodies/objects/body_default.txt:1258	::health::bodypart::bodypart_main	right kidney
raw-body-name	BODY/BP and INDIVIDUAL_NAME	-	../data/vanilla/vanilla_bodies/objects/body_default.txt:1280	::health::bodypart::bodypart_main	right knee
raw-body-name	BODY/BP and INDIVIDUAL_NAME	-	../data/vanilla/vanilla_bodies/objects/body_default.txt:737	::health::bodypart::bodypart_main	right leg
raw-body-name	BODY/BP and INDIVIDUAL_NAME	-	../data/vanilla/vanilla_bodies/objects/body_default.txt:147,../data/vanilla/vanilla_bodies/objects/body_default.txt:179,../data/vanilla/vanilla_bodies/objects/body_default.txt:1834,../data/vanilla/vanilla_bodies/objects/body_default.txt:213,../data/vanilla/vanilla_bodies/objects/body_default.txt:247,../data/vanilla/vanilla_bodies/objects/body_default.txt:281,../data/vanilla/vanilla_bodies/objects/body_default.txt:301,../data/vanilla/vanilla_bodies/objects/body_default.txt:31,../data/vanilla/vanilla_bodies/objects/body_default.txt:335,../data/vanilla/vanilla_bodies/objects/body_default.txt:393,../data/vanilla/vanilla_bodies/objects/body_default.txt:663,../data/vanilla/vanilla_bodies/objects/body_default.txt:701,../data/vanilla/vanilla_bodies/objects/body_default.txt:79,../data/vanilla/vanilla_bodies/objects/body_rcp.txt:46	::health::bodypart::bodypart_main	right lower arm
raw-body-name	BODY/BP and INDIVIDUAL_NAME	-	../data/vanilla/vanilla_bodies/objects/body_default.txt:1045,../data/vanilla/vanilla_bodies/objects/body_default.txt:1071	::health::bodypart::bodypart_main	right lower claw
raw-body-name	BODY/BP and INDIVIDUAL_NAME	-	../data/vanilla/vanilla_bodies/objects/body_default.txt:891	::health::bodypart::bodypart_main	right lower foreleg
raw-body-name	BODY/BP and INDIVIDUAL_NAME	-	../data/vanilla/vanilla_bodies/objects/body_default.txt:1362	::health::bodypart::bodypart_main	right lower horn
raw-body-name	BODY/BP and INDIVIDUAL_NAME	-	../data/vanilla/vanilla_bodies/objects/body_default.txt:1763	::health::bodypart::bodypart_main	right lower incisor
raw-body-name	BODY/BP and INDIVIDUAL_NAME	-	../data/vanilla/vanilla_bodies/objects/body_default.txt:159,../data/vanilla/vanilla_bodies/objects/body_default.txt:1882,../data/vanilla/vanilla_bodies/objects/body_default.txt:191,../data/vanilla/vanilla_bodies/objects/body_default.txt:225,../data/vanilla/vanilla_bodies/objects/body_default.txt:259,../data/vanilla/vanilla_bodies/objects/body_default.txt:313,../data/vanilla/vanilla_bodies/objects/body_default.txt:347,../data/vanilla/vanilla_bodies/objects/body_default.txt:373,../data/vanilla/vanilla_bodies/objects/body_default.txt:437,../data/vanilla/vanilla_bodies/objects/body_default.txt:45,../data/vanilla/vanilla_bodies/objects/body_default.txt:493,../data/vanilla/vanilla_bodies/objects/body_default.txt:615,../data/vanilla/vanilla_bodies/objects/body_default.txt:675,../data/vanilla/vanilla_bodies/objects/body_default.txt:713,../data/vanilla/vanilla_bodies/objects/body_rcp.txt:162	::health::bodypart::bodypart_main	right lower leg
raw-body-name	BODY/BP and INDIVIDUAL_NAME	-	../data/vanilla/vanilla_bodies/objects/body_default.txt:1041,../data/vanilla/vanilla_bodies/objects/body_default.txt:1067	::health::bodypart::bodypart_main	right lower tentacle
raw-body-name	BODY/BP and INDIVIDUAL_NAME	-	../data/vanilla/vanilla_bodies/objects/body_default.txt:1219,../data/vanilla/vanilla_bodies/objects/body_rcp.txt:487	::health::bodypart::bodypart_main	right lung
raw-body-name	BODY/BP and INDIVIDUAL_NAME	-	../data/vanilla/vanilla_bodies/objects/body_default.txt:1860,../data/vanilla/vanilla_bodies/objects/body_rcp.txt:269	::health::bodypart::bodypart_main	right mandible
raw-body-name	BODY/BP and INDIVIDUAL_NAME	-	../data/vanilla/vanilla_bodies/objects/body_default.txt:1063	::health::bodypart::bodypart_main	right middle claw
raw-body-name	BODY/BP and INDIVIDUAL_NAME	-	../data/vanilla/vanilla_bodies/objects/body_default.txt:1059	::health::bodypart::bodypart_main	right middle tentacle
raw-body-name	BODY/BP and INDIVIDUAL_NAME	-	../data/vanilla/vanilla_bodies/objects/body_default.txt:689	::health::bodypart::bodypart_main	right neck
raw-body-name	BODY/BP and INDIVIDUAL_NAME	-	../data/vanilla/vanilla_bodies/objects/body_default.txt:1114,../data/vanilla/vanilla_bodies/objects/body_default.txt:1120,../data/vanilla/vanilla_bodies/objects/body_rcp.txt:56	::health::bodypart::bodypart_main	right pincer
raw-body-name	BODY/BP and INDIVIDUAL_NAME	-	../data/vanilla/vanilla_bodies/objects/body_default.txt:1854,../data/vanilla/vanilla_bodies/objects/body_default.txt:69,../data/vanilla/vanilla_bodies/objects/body_default.txt:765,../data/vanilla/vanilla_bodies/objects/body_default.txt:791,../data/vanilla/vanilla_bodies/objects/body_default.txt:817,../data/vanilla/vanilla_bodies/objects/body_rcp.txt:152	::health::bodypart::bodypart_main	right rear feet
raw-body-name	BODY/BP and INDIVIDUAL_NAME	-	../data/vanilla/vanilla_bodies/objects/body_default.txt:1666	::health::bodypart::bodypart_main	right rear fin
raw-body-name	BODY/BP and INDIVIDUAL_NAME	-	../data/vanilla/vanilla_bodies/objects/body_default.txt:1654,../data/vanilla/vanilla_bodies/objects/body_rcp.txt:178	::health::bodypart::bodypart_main	right rear flipper
raw-body-name	BODY/BP and INDIVIDUAL_NAME	-	../data/vanilla/vanilla_bodies/objects/body_default.txt:1854,../data/vanilla/vanilla_bodies/objects/body_default.txt:69,../data/vanilla/vanilla_bodies/objects/body_default.txt:765,../data/vanilla/vanilla_bodies/objects/body_default.txt:791,../data/vanilla/vanilla_bodies/objects/body_default.txt:817,../data/vanilla/vanilla_bodies/objects/body_rcp.txt:152	::health::bodypart::bodypart_main	right rear foot
raw-body-name	BODY/BP and INDIVIDUAL_NAME	-	../data/vanilla/vanilla_bodies/objects/body_default.txt:843	::health::bodypart::bodypart_main	right rear hoof
raw-body-name	BODY/BP and INDIVIDUAL_NAME	-	../data/vanilla/vanilla_bodies/objects/body_default.txt:843	::health::bodypart::bodypart_main	right rear hooves
raw-body-name	BODY/BP and INDIVIDUAL_NAME	-	../data/vanilla/vanilla_bodies/objects/body_default.txt:1850,../data/vanilla/vanilla_bodies/objects/body_default.txt:65,../data/vanilla/vanilla_bodies/objects/body_default.txt:761,../data/vanilla/vanilla_bodies/objects/body_default.txt:787,../data/vanilla/vanilla_bodies/objects/body_default.txt:813,../data/vanilla/vanilla_bodies/objects/body_default.txt:839,../data/vanilla/vanilla_bodies/objects/body_rcp.txt:148	::health::bodypart::bodypart_main	right rear leg
raw-body-name	BODY/BP and INDIVIDUAL_NAME	-	../data/vanilla/vanilla_bodies/objects/body_default.txt:1085	::health::bodypart::bodypart_main	right rear wheel
raw-body-name	BODY/BP and INDIVIDUAL_NAME	-	../data/vanilla/vanilla_bodies/objects/body_default.txt:867,../data/vanilla/vanilla_bodies/objects/body_default.txt:903,../data/vanilla/vanilla_bodies/objects/body_default.txt:933,../data/vanilla/vanilla_bodies/objects/body_default.txt:969,../data/vanilla/vanilla_bodies/objects/body_rcp.txt:92	::health::bodypart::bodypart_main	right second feet
raw-body-name	BODY/BP and INDIVIDUAL_NAME	-	../data/vanilla/vanilla_bodies/objects/body_default.txt:867,../data/vanilla/vanilla_bodies/objects/body_default.txt:903,../data/vanilla/vanilla_bodies/objects/body_default.txt:933,../data/vanilla/vanilla_bodies/objects/body_default.txt:969,../data/vanilla/vanilla_bodies/objects/body_rcp.txt:92	::health::bodypart::bodypart_main	right second foot
raw-body-name	BODY/BP and INDIVIDUAL_NAME	-	../data/vanilla/vanilla_bodies/objects/body_default.txt:863,../data/vanilla/vanilla_bodies/objects/body_default.txt:899,../data/vanilla/vanilla_bodies/objects/body_default.txt:929,../data/vanilla/vanilla_bodies/objects/body_default.txt:965,../data/vanilla/vanilla_bodies/objects/body_rcp.txt:88	::health::bodypart::bodypart_main	right second leg
raw-body-name	BODY/BP and INDIVIDUAL_NAME	-	../data/vanilla/vanilla_bodies/objects/body_default.txt:1264	::health::bodypart::bodypart_main	right shoulder
raw-body-name	BODY/BP and INDIVIDUAL_NAME	-	../data/vanilla/vanilla_bodies/objects/body_default.txt:1928	::health::bodypart::bodypart_main	right shoulder spine
raw-body-name	BODY/BP and INDIVIDUAL_NAME	-	../data/vanilla/vanilla_bodies/objects/body_rcp.txt:202,../data/vanilla/vanilla_bodies/objects/body_rcp.txt:210	::health::bodypart::bodypart_main	right tail
raw-body-name	BODY/BP and INDIVIDUAL_NAME	-	../data/vanilla/vanilla_bodies/objects/body_default.txt:1023,../data/vanilla/vanilla_bodies/objects/body_default.txt:991	::health::bodypart::bodypart_main	right tentacle
raw-body-name	BODY/BP and INDIVIDUAL_NAME	-	../data/vanilla/vanilla_bodies/objects/body_default.txt:1027	::health::bodypart::bodypart_main	right tentacle club
raw-body-name	BODY/BP and INDIVIDUAL_NAME	-	../data/vanilla/vanilla_bodies/objects/body_default.txt:875,../data/vanilla/vanilla_bodies/objects/body_default.txt:911,../data/vanilla/vanilla_bodies/objects/body_default.txt:941,../data/vanilla/vanilla_bodies/objects/body_default.txt:977,../data/vanilla/vanilla_bodies/objects/body_rcp.txt:102	::health::bodypart::bodypart_main	right third feet
raw-body-name	BODY/BP and INDIVIDUAL_NAME	-	../data/vanilla/vanilla_bodies/objects/body_default.txt:875,../data/vanilla/vanilla_bodies/objects/body_default.txt:911,../data/vanilla/vanilla_bodies/objects/body_default.txt:941,../data/vanilla/vanilla_bodies/objects/body_default.txt:977,../data/vanilla/vanilla_bodies/objects/body_rcp.txt:102	::health::bodypart::bodypart_main	right third foot
raw-body-name	BODY/BP and INDIVIDUAL_NAME	-	../data/vanilla/vanilla_bodies/objects/body_default.txt:871,../data/vanilla/vanilla_bodies/objects/body_default.txt:907,../data/vanilla/vanilla_bodies/objects/body_default.txt:937,../data/vanilla/vanilla_bodies/objects/body_default.txt:973,../data/vanilla/vanilla_bodies/objects/body_rcp.txt:98	::health::bodypart::bodypart_main	right third leg
raw-body-name	BODY/BP and INDIVIDUAL_NAME	-	../data/vanilla/vanilla_bodies/objects/body_default.txt:1769	::health::bodypart::bodypart_main	right tooth
raw-body-name	BODY/BP and INDIVIDUAL_NAME	-	../data/vanilla/vanilla_bodies/objects/body_default.txt:1729,../data/vanilla/vanilla_bodies/objects/body_rcp.txt:547,../data/vanilla/vanilla_bodies/objects/body_rcp.txt:561	::health::bodypart::bodypart_main	right true rib
raw-body-name	BODY/BP and INDIVIDUAL_NAME	-	../data/vanilla/vanilla_bodies/objects/body_default.txt:1195	::health::bodypart::bodypart_main	right tusk
raw-body-name	BODY/BP and INDIVIDUAL_NAME	-	../data/vanilla/vanilla_bodies/objects/body_default.txt:143,../data/vanilla/vanilla_bodies/objects/body_default.txt:175,../data/vanilla/vanilla_bodies/objects/body_default.txt:1830,../data/vanilla/vanilla_bodies/objects/body_default.txt:209,../data/vanilla/vanilla_bodies/objects/body_default.txt:243,../data/vanilla/vanilla_bodies/objects/body_default.txt:27,../data/vanilla/vanilla_bodies/objects/body_default.txt:277,../data/vanilla/vanilla_bodies/objects/body_default.txt:297,../data/vanilla/vanilla_bodies/objects/body_default.txt:331,../data/vanilla/vanilla_bodies/objects/body_default.txt:389,../data/vanilla/vanilla_bodies/objects/body_default.txt:659,../data/vanilla/vanilla_bodies/objects/body_default.txt:697,../data/vanilla/vanilla_bodies/objects/body_default.txt:75,../data/vanilla/vanilla_bodies/objects/body_rcp.txt:42	::health::bodypart::bodypart_main	right upper arm
raw-body-name	BODY/BP and INDIVIDUAL_NAME	-	../data/vanilla/vanilla_bodies/objects/body_default.txt:1037,../data/vanilla/vanilla_bodies/objects/body_default.txt:1055	::health::bodypart::bodypart_main	right upper claw
raw-body-name	BODY/BP and INDIVIDUAL_NAME	-	../data/vanilla/vanilla_bodies/objects/body_default.txt:887	::health::bodypart::bodypart_main	right upper foreleg
raw-body-name	BODY/BP and INDIVIDUAL_NAME	-	../data/vanilla/vanilla_bodies/objects/body_default.txt:1358	::health::bodypart::bodypart_main	right upper horn
raw-body-name	BODY/BP and INDIVIDUAL_NAME	-	../data/vanilla/vanilla_bodies/objects/body_default.txt:1759	::health::bodypart::bodypart_main	right upper incisor
raw-body-name	BODY/BP and INDIVIDUAL_NAME	-	../data/vanilla/vanilla_bodies/objects/body_default.txt:155,../data/vanilla/vanilla_bodies/objects/body_default.txt:187,../data/vanilla/vanilla_bodies/objects/body_default.txt:1878,../data/vanilla/vanilla_bodies/objects/body_default.txt:221,../data/vanilla/vanilla_bodies/objects/body_default.txt:255,../data/vanilla/vanilla_bodies/objects/body_default.txt:309,../data/vanilla/vanilla_bodies/objects/body_default.txt:343,../data/vanilla/vanilla_bodies/objects/body_default.txt:369,../data/vanilla/vanilla_bodies/objects/body_default.txt:41,../data/vanilla/vanilla_bodies/objects/body_default.txt:433,../data/vanilla/vanilla_bodies/objects/body_default.txt:489,../data/vanilla/vanilla_bodies/objects/body_default.txt:611,../data/vanilla/vanilla_bodies/objects/body_default.txt:671,../data/vanilla/vanilla_bodies/objects/body_default.txt:709,../data/vanilla/vanilla_bodies/objects/body_rcp.txt:158	::health::bodypart::bodypart_main	right upper leg
raw-body-name	BODY/BP and INDIVIDUAL_NAME	-	../data/vanilla/vanilla_bodies/objects/body_default.txt:1033,../data/vanilla/vanilla_bodies/objects/body_default.txt:1051	::health::bodypart::bodypart_main	right upper tentacle
raw-body-name	BODY/BP and INDIVIDUAL_NAME	-	../data/vanilla/vanilla_bodies/objects/body_default.txt:357,../data/vanilla/vanilla_bodies/objects/body_rcp.txt:184,../data/vanilla/vanilla_bodies/objects/body_rcp.txt:190	::health::bodypart::bodypart_main	right wing
raw-body-name	BODY/BP and INDIVIDUAL_NAME	-	../data/vanilla/vanilla_bodies/objects/body_default.txt:1272	::health::bodypart::bodypart_main	right wrist
raw-body-name	BODY/BP and INDIVIDUAL_NAME	-	../data/vanilla/vanilla_bodies/objects/body_default.txt:1924	::health::bodypart::bodypart_main	sail
raw-body-name	BODY/BP and INDIVIDUAL_NAME	-	../data/vanilla/vanilla_bodies/objects/body_default.txt:1007	::health::bodypart::bodypart_main	second arm
raw-body-name	BODY/BP and INDIVIDUAL_NAME	-	../data/vanilla/vanilla_bodies/objects/body_default.txt:1169,../data/vanilla/vanilla_bodies/objects/body_default.txt:1179	::health::bodypart::bodypart_main	second eye
raw-body-name	BODY/BP and INDIVIDUAL_NAME	-	../data/vanilla/vanilla_bodies/objects/body_default.txt:1390,../data/vanilla/vanilla_bodies/objects/body_default.txt:1402,../data/vanilla/vanilla_bodies/objects/body_default.txt:1412,../data/vanilla/vanilla_bodies/objects/body_default.txt:1418,../data/vanilla/vanilla_bodies/objects/body_rcp.txt:279,../data/vanilla/vanilla_bodies/objects/body_rcp.txt:291,../data/vanilla/vanilla_bodies/objects/body_rcp.txt:301,../data/vanilla/vanilla_bodies/objects/body_rcp.txt:307,../data/vanilla/vanilla_bodies/objects/body_rcp.txt:421,../data/vanilla/vanilla_bodies/objects/body_rcp.txt:433,../data/vanilla/vanilla_bodies/objects/body_rcp.txt:443,../data/vanilla/vanilla_bodies/objects/body_rcp.txt:451	::health::bodypart::bodypart_main	second finger
raw-body-name	BODY/BP and INDIVIDUAL_NAME	-	../data/vanilla/vanilla_bodies/objects/body_default.txt:105	::health::bodypart::bodypart_main	second head
raw-body-name	BODY/BP and INDIVIDUAL_NAME	-	../data/vanilla/vanilla_bodies/objects/body_default.txt:1346,../data/vanilla/vanilla_bodies/objects/body_rcp.txt:253,../data/vanilla/vanilla_bodies/objects/body_rcp.txt:261	::health::bodypart::bodypart_main	second horn
raw-body-name	BODY/BP and INDIVIDUAL_NAME	-	../data/vanilla/vanilla_bodies/objects/body_default.txt:1604,../data/vanilla/vanilla_bodies/objects/body_default.txt:1624	::health::bodypart::bodypart_main	second left finger
raw-body-name	BODY/BP and INDIVIDUAL_NAME	-	../data/vanilla/vanilla_bodies/objects/body_default.txt:1474,../data/vanilla/vanilla_bodies/objects/body_default.txt:1494,../data/vanilla/vanilla_bodies/objects/body_default.txt:1510	::health::bodypart::bodypart_main	second left front toe
raw-body-name	BODY/BP and INDIVIDUAL_NAME	-	../data/vanilla/vanilla_bodies/objects/body_default.txt:431,../data/vanilla/vanilla_bodies/objects/body_default.txt:475,../data/vanilla/vanilla_bodies/objects/body_default.txt:531,../data/vanilla/vanilla_bodies/objects/body_default.txt:563,../data/vanilla/vanilla_bodies/objects/body_default.txt:609,../data/vanilla/vanilla_bodies/objects/body_default.txt:647	::health::bodypart::bodypart_main	second left hand
raw-body-name	BODY/BP and INDIVIDUAL_NAME	-	../data/vanilla/vanilla_bodies/objects/body_default.txt:427,../data/vanilla/vanilla_bodies/objects/body_default.txt:471,../data/vanilla/vanilla_bodies/objects/body_default.txt:527,../data/vanilla/vanilla_bodies/objects/body_default.txt:559,../data/vanilla/vanilla_bodies/objects/body_default.txt:605,../data/vanilla/vanilla_bodies/objects/body_default.txt:643	::health::bodypart::bodypart_main	second left lower arm
raw-body-name	BODY/BP and INDIVIDUAL_NAME	-	../data/vanilla/vanilla_bodies/objects/body_default.txt:1528,../data/vanilla/vanilla_bodies/objects/body_default.txt:1548,../data/vanilla/vanilla_bodies/objects/body_default.txt:1564	::health::bodypart::bodypart_main	second left rear toe
raw-body-name	BODY/BP and INDIVIDUAL_NAME	-	../data/vanilla/vanilla_bodies/objects/body_default.txt:1582	::health::bodypart::bodypart_main	second left toe
raw-body-name	BODY/BP and INDIVIDUAL_NAME	-	../data/vanilla/vanilla_bodies/objects/body_default.txt:423,../data/vanilla/vanilla_bodies/objects/body_default.txt:467,../data/vanilla/vanilla_bodies/objects/body_default.txt:523,../data/vanilla/vanilla_bodies/objects/body_default.txt:555,../data/vanilla/vanilla_bodies/objects/body_default.txt:601,../data/vanilla/vanilla_bodies/objects/body_default.txt:639	::health::bodypart::bodypart_main	second left upper arm
raw-body-name	BODY/BP and INDIVIDUAL_NAME	-	../data/vanilla/vanilla_bodies/objects/body_default.txt:1793	::health::bodypart::bodypart_main	second lower left incisor
raw-body-name	BODY/BP and INDIVIDUAL_NAME	-	../data/vanilla/vanilla_bodies/objects/body_default.txt:1819	::health::bodypart::bodypart_main	second lower left molar
raw-body-name	BODY/BP and INDIVIDUAL_NAME	-	../data/vanilla/vanilla_bodies/objects/body_default.txt:1817	::health::bodypart::bodypart_main	second lower left premolar
raw-body-name	BODY/BP and INDIVIDUAL_NAME	-	../data/vanilla/vanilla_bodies/objects/body_default.txt:1792	::health::bodypart::bodypart_main	second lower right incisor
raw-body-name	BODY/BP and INDIVIDUAL_NAME	-	../data/vanilla/vanilla_bodies/objects/body_default.txt:1807	::health::bodypart::bodypart_main	second lower right molar
raw-body-name	BODY/BP and INDIVIDUAL_NAME	-	../data/vanilla/vanilla_bodies/objects/body_default.txt:1805	::health::bodypart::bodypart_main	second lower right premolar
raw-body-name	BODY/BP and INDIVIDUAL_NAME	-	../data/vanilla/vanilla_bodies/objects/body_default.txt:91	::health::bodypart::bodypart_main	second neck
raw-body-name	BODY/BP and INDIVIDUAL_NAME	-	../data/vanilla/vanilla_bodies/objects/body_default.txt:1594,../data/vanilla/vanilla_bodies/objects/body_default.txt:1616	::health::bodypart::bodypart_main	second right finger
raw-body-name	BODY/BP and INDIVIDUAL_NAME	-	../data/vanilla/vanilla_bodies/objects/body_default.txt:1464,../data/vanilla/vanilla_bodies/objects/body_default.txt:1486,../data/vanilla/vanilla_bodies/objects/body_default.txt:1504	::health::bodypart::bodypart_main	second right front toe
raw-body-name	BODY/BP and INDIVIDUAL_NAME	-	../data/vanilla/vanilla_bodies/objects/body_default.txt:429,../data/vanilla/vanilla_bodies/objects/body_default.txt:473,../data/vanilla/vanilla_bodies/objects/body_default.txt:529,../data/vanilla/vanilla_bodies/objects/body_default.txt:561,../data/vanilla/vanilla_bodies/objects/body_default.txt:607,../data/vanilla/vanilla_bodies/objects/body_default.txt:645	::health::bodypart::bodypart_main	second right hand
raw-body-name	BODY/BP and INDIVIDUAL_NAME	-	../data/vanilla/vanilla_bodies/objects/body_default.txt:425,../data/vanilla/vanilla_bodies/objects/body_default.txt:469,../data/vanilla/vanilla_bodies/objects/body_default.txt:525,../data/vanilla/vanilla_bodies/objects/body_default.txt:557,../data/vanilla/vanilla_bodies/objects/body_default.txt:603,../data/vanilla/vanilla_bodies/objects/body_default.txt:641	::health::bodypart::bodypart_main	second right lower arm
raw-body-name	BODY/BP and INDIVIDUAL_NAME	-	../data/vanilla/vanilla_bodies/objects/body_default.txt:1518,../data/vanilla/vanilla_bodies/objects/body_default.txt:1540,../data/vanilla/vanilla_bodies/objects/body_default.txt:1558	::health::bodypart::bodypart_main	second right rear toe
raw-body-name	BODY/BP and INDIVIDUAL_NAME	-	../data/vanilla/vanilla_bodies/objects/body_default.txt:1572	::health::bodypart::bodypart_main	second right toe
raw-body-name	BODY/BP and INDIVIDUAL_NAME	-	../data/vanilla/vanilla_bodies/objects/body_default.txt:421,../data/vanilla/vanilla_bodies/objects/body_default.txt:465,../data/vanilla/vanilla_bodies/objects/body_default.txt:521,../data/vanilla/vanilla_bodies/objects/body_default.txt:553,../data/vanilla/vanilla_bodies/objects/body_default.txt:599,../data/vanilla/vanilla_bodies/objects/body_default.txt:637	::health::bodypart::bodypart_main	second right upper arm
raw-body-name	BODY/BP and INDIVIDUAL_NAME	-	../data/vanilla/vanilla_bodies/objects/body_default.txt:1428,../data/vanilla/vanilla_bodies/objects/body_default.txt:1440,../data/vanilla/vanilla_bodies/objects/body_default.txt:1450,../data/vanilla/vanilla_bodies/objects/body_default.txt:1458,../data/vanilla/vanilla_bodies/objects/body_rcp.txt:313,../data/vanilla/vanilla_bodies/objects/body_rcp.txt:325,../data/vanilla/vanilla_bodies/objects/body_rcp.txt:335,../data/vanilla/vanilla_bodies/objects/body_rcp.txt:343,../data/vanilla/vanilla_bodies/objects/body_rcp.txt:349,../data/vanilla/vanilla_bodies/objects/body_rcp.txt:361,../data/vanilla/vanilla_bodies/objects/body_rcp.txt:371,../data/vanilla/vanilla_bodies/objects/body_rcp.txt:379,../data/vanilla/vanilla_bodies/objects/body_rcp.txt:385,../data/vanilla/vanilla_bodies/objects/body_rcp.txt:397,../data/vanilla/vanilla_bodies/objects/body_rcp.txt:407,../data/vanilla/vanilla_bodies/objects/body_rcp.txt:415	::health::bodypart::bodypart_main	second toe
raw-body-name	BODY/BP and INDIVIDUAL_NAME	-	../data/vanilla/vanilla_bodies/objects/body_default.txt:1785	::health::bodypart::bodypart_main	second upper left incisor
raw-body-name	BODY/BP and INDIVIDUAL_NAME	-	../data/vanilla/vanilla_bodies/objects/body_default.txt:1813	::health::bodypart::bodypart_main	second upper left molar
raw-body-name	BODY/BP and INDIVIDUAL_NAME	-	../data/vanilla/vanilla_bodies/objects/body_default.txt:1811	::health::bodypart::bodypart_main	second upper left premolar
raw-body-name	BODY/BP and INDIVIDUAL_NAME	-	../data/vanilla/vanilla_bodies/objects/body_default.txt:1784	::health::bodypart::bodypart_main	second upper right incisor
raw-body-name	BODY/BP and INDIVIDUAL_NAME	-	../data/vanilla/vanilla_bodies/objects/body_default.txt:1801	::health::bodypart::bodypart_main	second upper right molar
raw-body-name	BODY/BP and INDIVIDUAL_NAME	-	../data/vanilla/vanilla_bodies/objects/body_default.txt:1799	::health::bodypart::bodypart_main	second upper right premolar
raw-body-name	BODY/BP and INDIVIDUAL_NAME	-	../data/vanilla/vanilla_bodies/objects/body_default.txt:1017	::health::bodypart::bodypart_main	seventh arm
raw-body-name	BODY/BP and INDIVIDUAL_NAME	-	../data/vanilla/vanilla_bodies/objects/body_default.txt:115	::health::bodypart::bodypart_main	seventh head
raw-body-name	BODY/BP and INDIVIDUAL_NAME	-	../data/vanilla/vanilla_bodies/objects/body_default.txt:101	::health::bodypart::bodypart_main	seventh neck
raw-body-name	BODY/BP and INDIVIDUAL_NAME	-	../data/vanilla/vanilla_bodies/objects/body_default.txt:1095,../data/vanilla/vanilla_bodies/objects/body_rcp.txt:230	::health::bodypart::bodypart_main	shell
raw-body-name	BODY/BP and INDIVIDUAL_NAME	-	../data/vanilla/vanilla_bodies/objects/body_default.txt:1015	::health::bodypart::bodypart_main	sixth arm
raw-body-name	BODY/BP and INDIVIDUAL_NAME	-	../data/vanilla/vanilla_bodies/objects/body_default.txt:113	::health::bodypart::bodypart_main	sixth head
raw-body-name	BODY/BP and INDIVIDUAL_NAME	-	../data/vanilla/vanilla_bodies/objects/body_default.txt:99	::health::bodypart::bodypart_main	sixth neck
raw-body-name	BODY/BP and INDIVIDUAL_NAME	-	../data/vanilla/vanilla_bodies/objects/body_default.txt:1315,../data/vanilla/vanilla_bodies/objects/body_rcp.txt:527	::health::bodypart::bodypart_main	skull
raw-body-name	BODY/BP and INDIVIDUAL_NAME	-	../data/vanilla/vanilla_bodies/objects/body_default.txt:1205	::health::bodypart::bodypart_main	snout
raw-body-name	BODY/BP and INDIVIDUAL_NAME	-	../data/vanilla/vanilla_bodies/objects/body_default.txt:1256	::health::bodypart::bodypart_main	spleen
raw-body-name	BODY/BP and INDIVIDUAL_NAME	-	../data/vanilla/vanilla_bodies/objects/body_default.txt:1110,../data/vanilla/vanilla_bodies/objects/body_rcp.txt:214,../data/vanilla/vanilla_bodies/objects/body_rcp.txt:218	::health::bodypart::bodypart_main	stinger
raw-body-name	BODY/BP and INDIVIDUAL_NAME	-	../data/vanilla/vanilla_bodies/objects/body_default.txt:1252	::health::bodypart::bodypart_main	stomach
raw-body-name	BODY/BP and INDIVIDUAL_NAME	-	../data/vanilla/vanilla_bodies/objects/body_default.txt:1091,../data/vanilla/vanilla_bodies/objects/body_default.txt:1106,../data/vanilla/vanilla_bodies/objects/body_rcp.txt:196	::health::bodypart::bodypart_main	tail
raw-body-name	BODY/BP and INDIVIDUAL_NAME	-	../data/vanilla/vanilla_bodies/objects/body_default.txt:1920	::health::bodypart::bodypart_main	tail club
raw-body-name	BODY/BP and INDIVIDUAL_NAME	-	../data/vanilla/vanilla_bodies/objects/body_default.txt:1001,../data/vanilla/vanilla_bodies/objects/body_default.txt:1741,../data/vanilla/vanilla_bodies/objects/body_default.txt:1749,../data/vanilla/vanilla_bodies/objects/body_default.txt:1757,../data/vanilla/vanilla_bodies/objects/body_default.txt:1775,../data/vanilla/vanilla_bodies/objects/body_rcp.txt:541	::health::bodypart::bodypart_main	teeth
raw-body-name	BODY/BP and INDIVIDUAL_NAME	-	../data/vanilla/vanilla_bodies/objects/body_default.txt:1916	::health::bodypart::bodypart_main	thagomizer
raw-body-name	BODY/BP and INDIVIDUAL_NAME	-	../data/vanilla/vanilla_bodies/objects/body_default.txt:1009	::health::bodypart::bodypart_main	third arm
raw-body-name	BODY/BP and INDIVIDUAL_NAME	-	../data/vanilla/vanilla_bodies/objects/body_default.txt:1171,../data/vanilla/vanilla_bodies/objects/body_default.txt:1181	::health::bodypart::bodypart_main	third eye
raw-body-name	BODY/BP and INDIVIDUAL_NAME	-	../data/vanilla/vanilla_bodies/objects/body_default.txt:1392,../data/vanilla/vanilla_bodies/objects/body_default.txt:1404,../data/vanilla/vanilla_bodies/objects/body_rcp.txt:281,../data/vanilla/vanilla_bodies/objects/body_rcp.txt:293,../data/vanilla/vanilla_bodies/objects/body_rcp.txt:423,../data/vanilla/vanilla_bodies/objects/body_rcp.txt:435,../data/vanilla/vanilla_bodies/objects/body_rcp.txt:445	::health::bodypart::bodypart_main	third finger
raw-body-name	BODY/BP and INDIVIDUAL_NAME	-	../data/vanilla/vanilla_bodies/objects/body_default.txt:107	::health::bodypart::bodypart_main	third head
raw-body-name	BODY/BP and INDIVIDUAL_NAME	-	../data/vanilla/vanilla_bodies/objects/body_rcp.txt:255,../data/vanilla/vanilla_bodies/objects/body_rcp.txt:263	::health::bodypart::bodypart_main	third horn
raw-body-name	BODY/BP and INDIVIDUAL_NAME	-	../data/vanilla/vanilla_bodies/objects/body_default.txt:1606,../data/vanilla/vanilla_bodies/objects/body_default.txt:1626	::health::bodypart::bodypart_main	third left finger
raw-body-name	BODY/BP and INDIVIDUAL_NAME	-	../data/vanilla/vanilla_bodies/objects/body_default.txt:1476,../data/vanilla/vanilla_bodies/objects/body_default.txt:1496,../data/vanilla/vanilla_bodies/objects/body_default.txt:1512	::health::bodypart::bodypart_main	third left front toe
raw-body-name	BODY/BP and INDIVIDUAL_NAME	-	../data/vanilla/vanilla_bodies/objects/body_default.txt:487,../data/vanilla/vanilla_bodies/objects/body_default.txt:575	::health::bodypart::bodypart_main	third left hand
raw-body-name	BODY/BP and INDIVIDUAL_NAME	-	../data/vanilla/vanilla_bodies/objects/body_default.txt:483,../data/vanilla/vanilla_bodies/objects/body_default.txt:571	::health::bodypart::bodypart_main	third left lower arm
raw-body-name	BODY/BP and INDIVIDUAL_NAME	-	../data/vanilla/vanilla_bodies/objects/body_default.txt:1530,../data/vanilla/vanilla_bodies/objects/body_default.txt:1550,../data/vanilla/vanilla_bodies/objects/body_default.txt:1566	::health::bodypart::bodypart_main	third left rear toe
raw-body-name	BODY/BP and INDIVIDUAL_NAME	-	../data/vanilla/vanilla_bodies/objects/body_default.txt:1584	::health::bodypart::bodypart_main	third left toe
raw-body-name	BODY/BP and INDIVIDUAL_NAME	-	../data/vanilla/vanilla_bodies/objects/body_default.txt:479,../data/vanilla/vanilla_bodies/objects/body_default.txt:567	::health::bodypart::bodypart_main	third left upper arm
raw-body-name	BODY/BP and INDIVIDUAL_NAME	-	../data/vanilla/vanilla_bodies/objects/body_default.txt:93	::health::bodypart::bodypart_main	third neck
raw-body-name	BODY/BP and INDIVIDUAL_NAME	-	../data/vanilla/vanilla_bodies/objects/body_default.txt:1596,../data/vanilla/vanilla_bodies/objects/body_default.txt:1618	::health::bodypart::bodypart_main	third right finger
raw-body-name	BODY/BP and INDIVIDUAL_NAME	-	../data/vanilla/vanilla_bodies/objects/body_default.txt:1466,../data/vanilla/vanilla_bodies/objects/body_default.txt:1488,../data/vanilla/vanilla_bodies/objects/body_default.txt:1506	::health::bodypart::bodypart_main	third right front toe
raw-body-name	BODY/BP and INDIVIDUAL_NAME	-	../data/vanilla/vanilla_bodies/objects/body_default.txt:485,../data/vanilla/vanilla_bodies/objects/body_default.txt:573	::health::bodypart::bodypart_main	third right hand
raw-body-name	BODY/BP and INDIVIDUAL_NAME	-	../data/vanilla/vanilla_bodies/objects/body_default.txt:481,../data/vanilla/vanilla_bodies/objects/body_default.txt:569	::health::bodypart::bodypart_main	third right lower arm
raw-body-name	BODY/BP and INDIVIDUAL_NAME	-	../data/vanilla/vanilla_bodies/objects/body_default.txt:1520,../data/vanilla/vanilla_bodies/objects/body_default.txt:1542,../data/vanilla/vanilla_bodies/objects/body_default.txt:1560	::health::bodypart::bodypart_main	third right rear toe
raw-body-name	BODY/BP and INDIVIDUAL_NAME	-	../data/vanilla/vanilla_bodies/objects/body_default.txt:1574	::health::bodypart::bodypart_main	third right toe
raw-body-name	BODY/BP and INDIVIDUAL_NAME	-	../data/vanilla/vanilla_bodies/objects/body_default.txt:477,../data/vanilla/vanilla_bodies/objects/body_default.txt:565	::health::bodypart::bodypart_main	third right upper arm
raw-body-name	BODY/BP and INDIVIDUAL_NAME	-	../data/vanilla/vanilla_bodies/objects/body_default.txt:1430,../data/vanilla/vanilla_bodies/objects/body_default.txt:1442,../data/vanilla/vanilla_bodies/objects/body_default.txt:1452,../data/vanilla/vanilla_bodies/objects/body_rcp.txt:315,../data/vanilla/vanilla_bodies/objects/body_rcp.txt:327,../data/vanilla/vanilla_bodies/objects/body_rcp.txt:337,../data/vanilla/vanilla_bodies/objects/body_rcp.txt:351,../data/vanilla/vanilla_bodies/objects/body_rcp.txt:363,../data/vanilla/vanilla_bodies/objects/body_rcp.txt:373,../data/vanilla/vanilla_bodies/objects/body_rcp.txt:387,../data/vanilla/vanilla_bodies/objects/body_rcp.txt:399,../data/vanilla/vanilla_bodies/objects/body_rcp.txt:409	::health::bodypart::bodypart_main	third toe
raw-body-name	BODY/BP and INDIVIDUAL_NAME	-	../data/vanilla/vanilla_bodies/objects/body_default.txt:849,../data/vanilla/vanilla_bodies/objects/body_default.txt:881,../data/vanilla/vanilla_bodies/objects/body_rcp.txt:26	::health::bodypart::bodypart_main	thorax
raw-body-name	BODY/BP and INDIVIDUAL_NAME	-	../data/vanilla/vanilla_bodies/objects/body_default.txt:849,../data/vanilla/vanilla_bodies/objects/body_default.txt:881,../data/vanilla/vanilla_bodies/objects/body_rcp.txt:26	::health::bodypart::bodypart_main	thoraxes
raw-body-name	BODY/BP and INDIVIDUAL_NAME	-	../data/vanilla/vanilla_bodies/objects/body_default.txt:1290,../data/vanilla/vanilla_bodies/objects/body_rcp.txt:502	::health::bodypart::bodypart_main	throat
raw-body-name	BODY/BP and INDIVIDUAL_NAME	-	../data/vanilla/vanilla_bodies/objects/body_default.txt:1386,../data/vanilla/vanilla_bodies/objects/body_default.txt:1398,../data/vanilla/vanilla_bodies/objects/body_default.txt:1408,../data/vanilla/vanilla_bodies/objects/body_rcp.txt:275,../data/vanilla/vanilla_bodies/objects/body_rcp.txt:287,../data/vanilla/vanilla_bodies/objects/body_rcp.txt:297	::health::bodypart::bodypart_main	thumb
raw-body-name	BODY/BP and INDIVIDUAL_NAME	-	../data/vanilla/vanilla_bodies/objects/body_default.txt:1694,../data/vanilla/vanilla_bodies/objects/body_rcp.txt:579	::health::bodypart::bodypart_main	tongue
raw-body-name	BODY/BP and INDIVIDUAL_NAME	-	../data/vanilla/vanilla_bodies/objects/body_default.txt:1001,../data/vanilla/vanilla_bodies/objects/body_default.txt:1741,../data/vanilla/vanilla_bodies/objects/body_default.txt:1749,../data/vanilla/vanilla_bodies/objects/body_default.txt:1757,../data/vanilla/vanilla_bodies/objects/body_default.txt:1775,../data/vanilla/vanilla_bodies/objects/body_rcp.txt:541	::health::bodypart::bodypart_main	tooth
raw-body-name	BODY/BP and INDIVIDUAL_NAME	-	../data/vanilla/vanilla_bodies/objects/body_default.txt:1906	::health::bodypart::bodypart_main	tooth whorl
raw-body-name	BODY/BP and INDIVIDUAL_NAME	-	../data/vanilla/vanilla_bodies/objects/body_default.txt:1209,../data/vanilla/vanilla_bodies/objects/body_rcp.txt:222,../data/vanilla/vanilla_bodies/objects/body_rcp.txt:226	::health::bodypart::bodypart_main	trunk
raw-body-name	BODY/BP and INDIVIDUAL_NAME	-	../data/vanilla/vanilla_bodies/objects/body_default.txt:1892	::health::bodypart::bodypart_main	tusk
raw-body-name	BODY/BP and INDIVIDUAL_NAME	-	../data/vanilla/vanilla_bodies/objects/body_default.txt:137,../data/vanilla/vanilla_bodies/objects/body_default.txt:169,../data/vanilla/vanilla_bodies/objects/body_default.txt:1822,../data/vanilla/vanilla_bodies/objects/body_default.txt:1870,../data/vanilla/vanilla_bodies/objects/body_default.txt:201,../data/vanilla/vanilla_bodies/objects/body_default.txt:21,../data/vanilla/vanilla_bodies/objects/body_default.txt:235,../data/vanilla/vanilla_bodies/objects/body_default.txt:269,../data/vanilla/vanilla_bodies/objects/body_default.txt:291,../data/vanilla/vanilla_bodies/objects/body_default.txt:323,../data/vanilla/vanilla_bodies/objects/body_default.txt:363,../data/vanilla/vanilla_bodies/objects/body_default.txt:383,../data/vanilla/vanilla_bodies/objects/body_default.txt:403,../data/vanilla/vanilla_bodies/objects/body_default.txt:447,../data/vanilla/vanilla_bodies/objects/body_default.txt:503,../data/vanilla/vanilla_bodies/objects/body_default.txt:535,../data/vanilla/vanilla_bodies/objects/body_default.txt:579,../data/vanilla/vanilla_bodies/objects/body_default.txt:651,../data/vanilla/vanilla_bodies/objects/body_default.txt:685,../data/vanilla/vanilla_bodies/objects/body_default.txt:723,../data/vanilla/vanilla_bodies/objects/body_default.txt:747,../data/vanilla/vanilla_bodies/objects/body_default.txt:771,../data/vanilla/vanilla_bodies/objects/body_default.txt:797,../data/vanilla/vanilla_bodies/objects/body_default.txt:823,../data/vanilla/vanilla_bodies/objects/body_rcp.txt:18	::health::bodypart::bodypart_main	upper bodies
raw-body-name	BODY/BP and INDIVIDUAL_NAME	-	../data/vanilla/vanilla_bodies/objects/body_default.txt:137,../data/vanilla/vanilla_bodies/objects/body_default.txt:169,../data/vanilla/vanilla_bodies/objects/body_default.txt:1822,../data/vanilla/vanilla_bodies/objects/body_default.txt:1870,../data/vanilla/vanilla_bodies/objects/body_default.txt:201,../data/vanilla/vanilla_bodies/objects/body_default.txt:21,../data/vanilla/vanilla_bodies/objects/body_default.txt:235,../data/vanilla/vanilla_bodies/objects/body_default.txt:269,../data/vanilla/vanilla_bodies/objects/body_default.txt:291,../data/vanilla/vanilla_bodies/objects/body_default.txt:323,../data/vanilla/vanilla_bodies/objects/body_default.txt:363,../data/vanilla/vanilla_bodies/objects/body_default.txt:383,../data/vanilla/vanilla_bodies/objects/body_default.txt:403,../data/vanilla/vanilla_bodies/objects/body_default.txt:447,../data/vanilla/vanilla_bodies/objects/body_default.txt:503,../data/vanilla/vanilla_bodies/objects/body_default.txt:535,../data/vanilla/vanilla_bodies/objects/body_default.txt:579,../data/vanilla/vanilla_bodies/objects/body_default.txt:651,../data/vanilla/vanilla_bodies/objects/body_default.txt:685,../data/vanilla/vanilla_bodies/objects/body_default.txt:723,../data/vanilla/vanilla_bodies/objects/body_default.txt:747,../data/vanilla/vanilla_bodies/objects/body_default.txt:771,../data/vanilla/vanilla_bodies/objects/body_default.txt:797,../data/vanilla/vanilla_bodies/objects/body_default.txt:823,../data/vanilla/vanilla_bodies/objects/body_rcp.txt:18	::health::bodypart::bodypart_main	upper body
raw-body-name	BODY/BP and INDIVIDUAL_NAME	-	../data/vanilla/vanilla_bodies/objects/body_default.txt:1100	::health::bodypart::bodypart_main	upper carapace
raw-body-name	BODY/BP and INDIVIDUAL_NAME	-	../data/vanilla/vanilla_bodies/objects/body_default.txt:1779	::health::bodypart::bodypart_main	upper front teeth
raw-body-name	BODY/BP and INDIVIDUAL_NAME	-	../data/vanilla/vanilla_bodies/objects/body_default.txt:1779	::health::bodypart::bodypart_main	upper front tooth
raw-body-name	BODY/BP and INDIVIDUAL_NAME	-	../data/vanilla/vanilla_bodies/objects/body_default.txt:1808	::health::bodypart::bodypart_main	upper left back teeth
raw-body-name	BODY/BP and INDIVIDUAL_NAME	-	../data/vanilla/vanilla_bodies/objects/body_default.txt:1808	::health::bodypart::bodypart_main	upper left back tooth
raw-body-name	BODY/BP and INDIVIDUAL_NAME	-	../data/vanilla/vanilla_bodies/objects/body_default.txt:1704,../data/vanilla/vanilla_bodies/objects/body_default.txt:1718,../data/vanilla/vanilla_bodies/objects/body_rcp.txt:575	::health::bodypart::bodypart_main	upper lip
raw-body-name	BODY/BP and INDIVIDUAL_NAME	-	../data/vanilla/vanilla_bodies/objects/body_default.txt:1796	::health::bodypart::bodypart_main	upper right back teeth
raw-body-name	BODY/BP and INDIVIDUAL_NAME	-	../data/vanilla/vanilla_bodies/objects/body_default.txt:1796	::health::bodypart::bodypart_main	upper right back tooth
raw-body-name	BODY/BP and INDIVIDUAL_NAME	-	../data/vanilla/vanilla_bodies/objects/body_default.txt:1294,../data/vanilla/vanilla_bodies/objects/body_rcp.txt:518	::health::bodypart::bodypart_main	upper spine
