# Native Traits mannerism source inventory; PE:6a70a6d9:02711000.
# Code/literals 0x1410e3280..0x1410e8145; pdata extent ..0x1410e8504 includes jump tables.
# Type dispatch table 0x1410e816c: 65 entries (0..64); NONE=-1 skips output.
# Enum/situation names: data/upstream/df-structures/df.personality.xml; situations -1/default and 0..14.
# Native source data only; no game-display observation or test output.
formatter	site	target	source	record_type	enum_case	situation
0x1410e3280	0x1410e33ef	0x1415e873c	 	literal	initial pronoun/space	
0x1410e3280	0x1410e3478	0x14174a440	usually speaks in a whisper	literal	TALKS_WHISPERS:NONE,WHEN_EXCITED,WHEN_SURPRISED,WHEN_EXASPERATED,WHEN_CONVERSATION_PAUSED,BEFORE_SPEAKING,WHEN_SPEAKING,WHEN_GREETING,WHEN_BORED,WHEN_ANNOYED,WHEN_SITTING,AFTER_STANDING	
0x1410e3280	0x1410e348c	0x14174aa40	whispers when 	literal	TALKS_WHISPERS:WHEN_THINKING	
0x1410e3280	0x1410e349b	0x14174a418	 is thinking hard about something	literal	TALKS_WHISPERS:WHEN_THINKING	
0x1410e3280	0x1410e34ac	0x14174aa40	whispers when 	literal	TALKS_WHISPERS:WHEN_NERVOUS	
0x1410e3280	0x1410e34bb	0x14174a408	's nervous	literal	TALKS_WHISPERS:WHEN_NERVOUS	
0x1410e3280	0x1410e34cc	0x14174aa00	starts to whisper when 	literal	TALKS_WHISPERS:WHEN_TRYING_TO_REMEMBER	
0x1410e3280	0x1410e34db	0x14174aa18	 is trying to remember something	literal	TALKS_WHISPERS:WHEN_TRYING_TO_REMEMBER	
0x1410e3280	0x1410e34ec	0x14174a9c0	begins to talk in a hushed whisper when 	literal	TALKS_WHISPERS:WHEN_ANGRY	
0x1410e3280	0x1410e34fb	0x14174a9f0	 is angry	literal	TALKS_WHISPERS:WHEN_ANGRY	
0x1410e3280	0x1410e3536	0x14174a4b0	speaks very quietly	literal	TALKS_QUIETLY:NONE,WHEN_TRYING_TO_REMEMBER,WHEN_EXCITED,WHEN_SURPRISED,WHEN_THINKING,WHEN_EXASPERATED,WHEN_CONVERSATION_PAUSED,BEFORE_SPEAKING,WHEN_SPEAKING,WHEN_GREETING,WHEN_BORED,WHEN_ANNOYED,WHEN_SITTING,AFTER_STANDING	
0x1410e3280	0x1410e3556	0x14174a47c	keeps 	literal	TALKS_QUIETLY:WHEN_NERVOUS	
0x1410e3280	0x1410e3577	0x14174a488	 voice very quiet when 	literal	TALKS_QUIETLY:WHEN_NERVOUS	
0x1410e3280	0x1410e3586	0x14174a4a0	 is nervous	literal	TALKS_QUIETLY:WHEN_NERVOUS	
0x1410e3280	0x1410e35a8	0x14174a460	talks very quietly when 	literal	TALKS_QUIETLY:WHEN_ANGRY	
0x1410e3280	0x1410e35b7	0x14174a9f0	 is angry	literal	TALKS_QUIETLY:WHEN_ANGRY	
0x1410e3280	0x1410e360f	0x14174a350	starts yelling whenever 	literal	TALKS_LOUDLY:WHEN_ANGRY	
0x1410e3280	0x1410e362b	0x14174a370	 gets angry	literal	TALKS_LOUDLY:WHEN_ANGRY	
0x1410e3280	0x1410e364c	0x14174a380	begins to talk louder when 	literal	TALKS_LOUDLY:WHEN_NERVOUS	
0x1410e3280	0x1410e3668	0x14174a4a0	 is nervous	literal	TALKS_LOUDLY:WHEN_NERVOUS	
0x1410e3280	0x1410e3689	0x14174a3a0	talks very loudly when 	literal	TALKS_LOUDLY:WHEN_EXCITED	
0x1410e3280	0x1410e36a5	0x14174a3b8	 is excited	literal	TALKS_LOUDLY:WHEN_EXCITED	
0x1410e3280	0x1410e36c6	0x14174a3c8	shouts when 	literal	TALKS_LOUDLY:WHEN_SURPRISED	
0x1410e3280	0x1410e36e2	0x1415f71e4	 is 	literal	TALKS_LOUDLY:WHEN_SURPRISED	
0x1410e3280	0x1410e36fe	0x14174a3d8	 surprised	literal	TALKS_LOUDLY:WHEN_SURPRISED	
0x1410e3280	0x1410e371f	0x14174a3e8	talks very loudly whenever 	literal	TALKS_LOUDLY:WHEN_EXASPERATED	
0x1410e3280	0x1410e373b	0x14174a5c8	 is exasperated	literal	TALKS_LOUDLY:WHEN_EXASPERATED	
0x1410e3280	0x1410e375c	0x14174a5d8	greets others very loudly	literal	TALKS_LOUDLY:WHEN_GREETING	
0x1410e3280	0x1410e377d	0x14174a3e8	talks very loudly whenever 	literal	TALKS_LOUDLY:WHEN_ANNOYED	
0x1410e3280	0x1410e3799	0x14174a5f8	 is annoyed	literal	TALKS_LOUDLY:WHEN_ANNOYED	
0x1410e3280	0x1410e37c0	0x14174a608	speaks very loudly	literal	TALKS_LOUDLY:NONE,WHEN_TRYING_TO_REMEMBER,WHEN_THINKING,WHEN_CONVERSATION_PAUSED,BEFORE_SPEAKING,WHEN_SPEAKING,WHEN_BORED,WHEN_SITTING,AFTER_STANDING	
0x1410e3280	0x1410e37ea	0x14174a4f8	has a very monotonous way of speaking	literal	TALKS_MONOTONE:NONE,WHEN_TRYING_TO_REMEMBER,WHEN_NERVOUS,WHEN_EXCITED,WHEN_SURPRISED,WHEN_THINKING,WHEN_CONVERSATION_PAUSED,BEFORE_SPEAKING,WHEN_SPEAKING,WHEN_GREETING,WHEN_SITTING,AFTER_STANDING	
0x1410e3280	0x1410e37fe	0x14174a4d8	speaks in a monotone when 	literal	TALKS_MONOTONE:WHEN_ANNOYED	
0x1410e3280	0x1410e380d	0x14174a5f8	 is annoyed	literal	TALKS_MONOTONE:WHEN_ANNOYED	
0x1410e3280	0x1410e3821	0x14174a670	begins to talk in a monotone when 	literal	TALKS_MONOTONE:WHEN_BORED	
0x1410e3280	0x1410e3830	0x14174a4c8	 is bored	literal	TALKS_MONOTONE:WHEN_BORED	
0x1410e3280	0x1410e3844	0x14174a658	starts to drone when 	literal	TALKS_MONOTONE:WHEN_EXASPERATED	
0x1410e3280	0x1410e3853	0x14174a5c8	 is exasperated	literal	TALKS_MONOTONE:WHEN_EXASPERATED	
0x1410e3280	0x1410e3867	0x14174a620	begins speaking in a monotone whenever 	literal	TALKS_MONOTONE:WHEN_ANGRY	
0x1410e3280	0x1410e3876	0x14174a648	 is angered	literal	TALKS_MONOTONE:WHEN_ANGRY	
0x1410e3280	0x1410e3891	0x14174a778	's speaking	literal	TALKS_TRAILS_OFF:NONE,WHEN_ANGRY,WHEN_NERVOUS,WHEN_EXCITED,WHEN_SURPRISED,WHEN_EXASPERATED,WHEN_CONVERSATION_PAUSED,BEFORE_SPEAKING,WHEN_SPEAKING,WHEN_GREETING,WHEN_BORED,WHEN_ANNOYED,WHEN_SITTING,AFTER_STANDING	
0x1410e3280	0x1410e389e	0x14174a598	 voice has a tendency to trail off when 	literal	TALKS_TRAILS_OFF:NONE,WHEN_ANGRY,WHEN_NERVOUS,WHEN_EXCITED,WHEN_SURPRISED,WHEN_EXASPERATED,WHEN_CONVERSATION_PAUSED,BEFORE_SPEAKING,WHEN_SPEAKING,WHEN_GREETING,WHEN_BORED,WHEN_ANNOYED,WHEN_SITTING,AFTER_STANDING	
0x1410e3280	0x1410e38ad	0x14174a578	 is thinking about something	literal	TALKS_TRAILS_OFF:WHEN_THINKING	
0x1410e3280	0x1410e38b4	0x14174a560	 voice trails off when 	literal	TALKS_TRAILS_OFF:WHEN_THINKING	
0x1410e3280	0x1410e38c3	0x14174a540	 tries to remember something	literal	TALKS_TRAILS_OFF:WHEN_TRYING_TO_REMEMBER	
0x1410e3280	0x1410e38ca	0x14174a520	 voice trails off whenever 	literal	TALKS_TRAILS_OFF:WHEN_TRYING_TO_REMEMBER	
0x1410e3280	0x1410e393c	0x14174a698	 generally speaks very slowly	literal	TALKS_SLOWLY:NONE,WHEN_TRYING_TO_REMEMBER,WHEN_NERVOUS,WHEN_EXCITED,WHEN_SURPRISED,WHEN_THINKING,WHEN_CONVERSATION_PAUSED,BEFORE_SPEAKING,WHEN_SPEAKING,WHEN_GREETING,WHEN_BORED,WHEN_SITTING,AFTER_STANDING	
0x1410e3280	0x1410e3950	0x14174a7f8	When 	literal	TALKS_SLOWLY:WHEN_ANNOYED	
0x1410e3280	0x1410e3969	0x14174a800	's annoyed, 	literal	TALKS_SLOWLY:WHEN_ANNOYED	
0x1410e3280	0x1410e3985	0x14174a810	 starts to talk slowly	literal	TALKS_SLOWLY:WHEN_ANNOYED	
0x1410e3280	0x1410e39a9	0x14174a7c0	begins to talk much more slowly when 	literal	TALKS_SLOWLY:WHEN_EXASPERATED	
0x1410e3280	0x1410e39cb	0x14174a7e8	's exasperated	literal	TALKS_SLOWLY:WHEN_EXASPERATED	
0x1410e3280	0x1410e39e7	0x14174a788	begins to talk more slowly when 	literal	TALKS_SLOWLY:WHEN_ANGRY	
0x1410e3280	0x1410e3a09	0x14174a7b0	's angry	literal	TALKS_SLOWLY:WHEN_ANGRY	
0x1410e3280	0x1410e3a33	0x14174a758	 usually talks very quickly	literal	TALKS_RAPIDLY:NONE,WHEN_TRYING_TO_REMEMBER,WHEN_THINKING,WHEN_EXASPERATED,WHEN_CONVERSATION_PAUSED,BEFORE_SPEAKING,WHEN_SPEAKING,WHEN_GREETING,WHEN_BORED,WHEN_ANNOYED,WHEN_SITTING,AFTER_STANDING	
0x1410e3280	0x1410e3a47	0x14174a720	talks very rapidly after 	literal	TALKS_RAPIDLY:WHEN_SURPRISED	
0x1410e3280	0x1410e3a56	0x14174a740	's been surprised	literal	TALKS_RAPIDLY:WHEN_SURPRISED	
0x1410e3280	0x1410e3a6a	0x14174a6f8	speaks rapidly when 	literal	TALKS_RAPIDLY:WHEN_EXCITED	
0x1410e3280	0x1410e3a79	0x14174a710	's excited	literal	TALKS_RAPIDLY:WHEN_EXCITED	
0x1410e3280	0x1410e3a8d	0x14174a6d8	talks very quickly when 	literal	TALKS_RAPIDLY:WHEN_NERVOUS	
0x1410e3280	0x1410e3a9c	0x14174a408	's nervous	literal	TALKS_RAPIDLY:WHEN_NERVOUS	
0x1410e3280	0x1410e3ab0	0x14174a6b8	begins to talk rapidly when 	literal	TALKS_RAPIDLY:WHEN_ANGRY	
0x1410e3280	0x1410e3abf	0x14174a370	 gets angry	literal	TALKS_RAPIDLY:WHEN_ANGRY	
0x1410e3280	0x1410e3aeb	0x14174a958	tends to speak very deliberately	literal	TALKS_DELIBERATELY:NONE,WHEN_TRYING_TO_REMEMBER,WHEN_NERVOUS,WHEN_EXCITED,WHEN_SURPRISED,WHEN_THINKING,WHEN_CONVERSATION_PAUSED,BEFORE_SPEAKING,WHEN_SPEAKING,WHEN_GREETING,WHEN_BORED,WHEN_SITTING,AFTER_STANDING	
0x1410e3280	0x1410e3b04	0x14174a8e8	speaks very deliberately when 	literal	TALKS_DELIBERATELY:WHEN_ANNOYED	
0x1410e3280	0x1410e3b20	0x14174a948	's annoyed	literal	TALKS_DELIBERATELY:WHEN_ANNOYED	
0x1410e3280	0x1410e3b34	0x14174a7f8	When 	literal	TALKS_DELIBERATELY:WHEN_EXASPERATED	
0x1410e3280	0x1410e3b53	0x14174a908	 becomes exasperated, 	literal	TALKS_DELIBERATELY:WHEN_EXASPERATED	
0x1410e3280	0x1410e3b75	0x14174a920	 begins to speak very deliberately	literal	TALKS_DELIBERATELY:WHEN_EXASPERATED	
0x1410e3280	0x1410e3b91	0x14174a8e8	speaks very deliberately when 	literal	TALKS_DELIBERATELY:WHEN_ANGRY	
0x1410e3280	0x1410e3bb3	0x14174a7b0	's angry	literal	TALKS_DELIBERATELY:WHEN_ANGRY	
0x1410e3280	0x1410e3be2	0x14174a980	mutters under 	literal	TALKS_MUTTERS_UNDER_BREATH:WHEN_ANGRY	
0x1410e3280	0x1410e3bfd	0x14174a990	 breath when 	literal	TALKS_MUTTERS_UNDER_BREATH:WHEN_ANGRY	
0x1410e3280	0x1410e3c19	0x14174a7b0	's angry	literal	TALKS_MUTTERS_UNDER_BREATH:WHEN_ANGRY	
0x1410e3280	0x1410e3c3a	0x14174a980	mutters under 	literal	TALKS_MUTTERS_UNDER_BREATH:WHEN_TRYING_TO_REMEMBER	
0x1410e3280	0x1410e3c55	0x14174a990	 breath when 	literal	TALKS_MUTTERS_UNDER_BREATH:WHEN_TRYING_TO_REMEMBER	
0x1410e3280	0x1410e3c6e	0x14174a980	mutters under 	literal	TALKS_MUTTERS_UNDER_BREATH:WHEN_NERVOUS	
0x1410e3280	0x1410e3c89	0x14174a990	 breath when 	literal	TALKS_MUTTERS_UNDER_BREATH:WHEN_NERVOUS	
0x1410e3280	0x1410e3ca5	0x14174a408	's nervous	literal	TALKS_MUTTERS_UNDER_BREATH:WHEN_NERVOUS	
0x1410e3280	0x1410e3cc6	0x14174a828	starts to mutter under 	literal	TALKS_MUTTERS_UNDER_BREATH:WHEN_EXCITED	
0x1410e3280	0x1410e3ce1	0x14174a990	 breath when 	literal	TALKS_MUTTERS_UNDER_BREATH:WHEN_EXCITED	
0x1410e3280	0x1410e3cfd	0x14174a840	 gets excited	literal	TALKS_MUTTERS_UNDER_BREATH:WHEN_EXCITED	
0x1410e3280	0x1410e3d1e	0x14174a980	mutters under 	literal	TALKS_MUTTERS_UNDER_BREATH:WHEN_THINKING	
0x1410e3280	0x1410e3d39	0x14174a990	 breath when 	literal	TALKS_MUTTERS_UNDER_BREATH:WHEN_THINKING	
0x1410e3280	0x1410e3d55	0x14174a850	's thinking	literal	TALKS_MUTTERS_UNDER_BREATH:WHEN_THINKING	
0x1410e3280	0x1410e3d69	0x14174a7f8	When 	literal	TALKS_MUTTERS_UNDER_BREATH:WHEN_EXASPERATED	
0x1410e3280	0x1410e3d85	0x14174a908	 becomes exasperated, 	literal	TALKS_MUTTERS_UNDER_BREATH:WHEN_EXASPERATED	
0x1410e3280	0x1410e3da1	0x14174a860	 starts to mutter under 	literal	TALKS_MUTTERS_UNDER_BREATH:WHEN_EXASPERATED	
0x1410e3280	0x1410e3dbc	0x14174a880	 breath	literal	TALKS_MUTTERS_UNDER_BREATH:WHEN_EXASPERATED	
0x1410e3280	0x1410e3dd0	0x14174a888	Whenever there's a pause in a conversation, 	literal	TALKS_MUTTERS_UNDER_BREATH:WHEN_CONVERSATION_PAUSED	
0x1410e3280	0x1410e3dec	0x14174a860	 starts to mutter under 	literal	TALKS_MUTTERS_UNDER_BREATH:WHEN_CONVERSATION_PAUSED	
0x1410e3280	0x1410e3e07	0x14174a880	 breath	literal	TALKS_MUTTERS_UNDER_BREATH:WHEN_CONVERSATION_PAUSED	
0x1410e3280	0x1410e3e28	0x14174a980	mutters under 	literal	TALKS_MUTTERS_UNDER_BREATH:WHEN_BORED	
0x1410e3280	0x1410e3e43	0x14174a990	 breath when 	literal	TALKS_MUTTERS_UNDER_BREATH:WHEN_BORED	
0x1410e3280	0x1410e3e5f	0x14174a8b8	's bored	literal	TALKS_MUTTERS_UNDER_BREATH:WHEN_BORED	
0x1410e3280	0x1410e3e80	0x14174a980	mutters under 	literal	TALKS_MUTTERS_UNDER_BREATH:WHEN_ANNOYED	
0x1410e3280	0x1410e3e9b	0x14174a990	 breath when 	literal	TALKS_MUTTERS_UNDER_BREATH:WHEN_ANNOYED	
0x1410e3280	0x1410e3eb7	0x14174a948	's annoyed	literal	TALKS_MUTTERS_UNDER_BREATH:WHEN_ANNOYED	
0x1410e3280	0x1410e3ede	0x14174a8c8	constantly mutters under 	literal	TALKS_MUTTERS_UNDER_BREATH:NONE,WHEN_SURPRISED,BEFORE_SPEAKING,WHEN_SPEAKING,WHEN_GREETING,WHEN_SITTING,AFTER_STANDING	
0x1410e3280	0x1410e3eff	0x14174a880	 breath	literal	TALKS_MUTTERS_UNDER_BREATH:NONE,WHEN_SURPRISED,BEFORE_SPEAKING,WHEN_SPEAKING,WHEN_GREETING,WHEN_SITTING,AFTER_STANDING	
0x1410e3280	0x1410e3f2e	0x14174b128	starts to stutter when 	literal	TALKS_STUTTERS:WHEN_ANGRY	
0x1410e3280	0x1410e3f4a	0x14174a370	 gets angry	literal	TALKS_STUTTERS:WHEN_ANGRY	
0x1410e3280	0x1410e3f6b	0x14174b140	always stutters when 	literal	TALKS_STUTTERS:WHEN_NERVOUS	
0x1410e3280	0x1410e3f87	0x14174a408	's nervous	literal	TALKS_STUTTERS:WHEN_NERVOUS	
0x1410e3280	0x1410e3fa8	0x14174b158	stammers when 	literal	TALKS_STUTTERS:WHEN_EXCITED	
0x1410e3280	0x1410e3fc4	0x14174a710	's excited	literal	TALKS_STUTTERS:WHEN_EXCITED	
0x1410e3280	0x1410e3fe5	0x14174b128	starts to stutter when 	literal	TALKS_STUTTERS:WHEN_SURPRISED	
0x1410e3280	0x1410e4001	0x14174b168	's surprised	literal	TALKS_STUTTERS:WHEN_SURPRISED	
0x1410e3280	0x1410e4022	0x14174b178	begins to stammer when 	literal	TALKS_STUTTERS:WHEN_EXASPERATED	
0x1410e3280	0x1410e403e	0x14174b190	 becomes exasperated	literal	TALKS_STUTTERS:WHEN_EXASPERATED	
0x1410e3280	0x1410e405f	0x14174b158	stammers when 	literal	TALKS_STUTTERS:WHEN_ANNOYED	
0x1410e3280	0x1410e407b	0x14174a948	's annoyed	literal	TALKS_STUTTERS:WHEN_ANNOYED	
0x1410e3280	0x1410e40a2	0x14174b1a8	stutters occasionally	literal	TALKS_STUTTERS:NONE,WHEN_TRYING_TO_REMEMBER,WHEN_THINKING,WHEN_CONVERSATION_PAUSED,BEFORE_SPEAKING,WHEN_SPEAKING,WHEN_GREETING,WHEN_BORED,WHEN_SITTING,AFTER_STANDING	
0x1410e3280	0x1410e40d1	0x14174b0d0	has a tendency to talk to inanimate objects	literal	TALKS_TO_INANIMATE_OBJECTS:NONE,WHEN_ANGRY,WHEN_EXCITED,WHEN_SURPRISED,WHEN_EXASPERATED,BEFORE_SPEAKING,WHEN_SPEAKING,WHEN_GREETING,WHEN_ANNOYED,WHEN_SITTING,AFTER_STANDING	
0x1410e3280	0x1410e40e2	0x14174a7f8	When 	literal	TALKS_TO_INANIMATE_OBJECTS:WHEN_BORED	
0x1410e3280	0x1410e40fe	0x14174b098	 gets bored, 	literal	TALKS_TO_INANIMATE_OBJECTS:WHEN_BORED	
0x1410e3280	0x1410e410d	0x14174b0a8	 starts talking to inanimate objects	literal	TALKS_TO_INANIMATE_OBJECTS:WHEN_BORED	
0x1410e3280	0x1410e4119	0x14174b050	 talks to inanimate objects when there is a lull in the conversation	literal	TALKS_TO_INANIMATE_OBJECTS:WHEN_CONVERSATION_PAUSED	
0x1410e3280	0x1410e4137	0x14174b1c0	talks to inanimate objects when 	literal	TALKS_TO_INANIMATE_OBJECTS:WHEN_THINKING	
0x1410e3280	0x1410e4146	0x14174a850	's thinking	literal	TALKS_TO_INANIMATE_OBJECTS:WHEN_THINKING	
0x1410e3280	0x1410e415f	0x14174b028	often talks to inanimate objects when 	literal	TALKS_TO_INANIMATE_OBJECTS:WHEN_NERVOUS	
0x1410e3280	0x1410e416e	0x14174a408	's nervous	literal	TALKS_TO_INANIMATE_OBJECTS:WHEN_NERVOUS	
0x1410e3280	0x1410e4187	0x14174b1c0	talks to inanimate objects when 	literal	TALKS_TO_INANIMATE_OBJECTS:WHEN_TRYING_TO_REMEMBER	
0x1410e3280	0x1410e4196	0x14174a9a0	's trying to remember something	literal	TALKS_TO_INANIMATE_OBJECTS:WHEN_TRYING_TO_REMEMBER	
0x1410e3280	0x1410e41c5	0x14174b100	talks to 	literal	TALKS_TO_SELF:WHEN_ANGRY	
0x1410e3280	0x1410e41ea	0x14174b100	talks to 	literal	TALKS_TO_SELF:WHEN_TRYING_TO_REMEMBER	
0x1410e3280	0x1410e420f	0x14174b100	talks to 	literal	TALKS_TO_SELF:WHEN_NERVOUS	
0x1410e3280	0x1410e422a	0x14174b10c	 when 	literal	CHEWS_LIP:WHEN_NERVOUS;CHEWS_NAIL_BITING:WHEN_NERVOUS;EYES_LOWERS:WHEN_NERVOUS;FINGERS_SCRATCHES_EAR:WHEN_NERVOUS;FINGERS_SCRATCHES_HEAD:WHEN_NERVOUS;FINGERS_SCRATCHES_NOSE:WHEN_NERVOUS;FINGERS_SNAPS:WHEN_NERVOUS;FINGERS_THROUGH_HAIR:WHEN_NERVOUS;TALKS_TO_SELF:WHEN_NERVOUS	
0x1410e3280	0x1410e4246	0x14174a408	's nervous	literal	CHEWS_LIP:WHEN_NERVOUS;CHEWS_NAIL_BITING:WHEN_NERVOUS;EYES_LOWERS:WHEN_NERVOUS;FEET_TAP:WHEN_NERVOUS;FINGERS_SCRATCHES_EAR:WHEN_NERVOUS;FINGERS_SCRATCHES_HEAD:WHEN_NERVOUS;FINGERS_SCRATCHES_NOSE:WHEN_NERVOUS;FINGERS_SNAPS:WHEN_NERVOUS;FINGERS_THROUGH_HAIR:WHEN_NERVOUS;POSTURE_RIGID:WHEN_NERVOUS;TALKS_TO_SELF:WHEN_NERVOUS	
0x1410e3280	0x1410e425a	0x14174a7f8	When 	literal	TALKS_TO_SELF:WHEN_EXCITED	
0x1410e3280	0x1410e4276	0x14174b118	 gets excited, 	literal	TALKS_TO_SELF:WHEN_EXCITED	
0x1410e3280	0x1410e4292	0x14174b398	 often starts talking to 	literal	TALKS_TO_SELF:WHEN_EXCITED	
0x1410e3280	0x1410e42bf	0x14174b100	talks to 	literal	TALKS_TO_SELF:WHEN_THINKING	
0x1410e3280	0x1410e42da	0x14174b10c	 when 	literal	CHEWS_NAIL_BITING:WHEN_THINKING;EYES_LOWERS:WHEN_THINKING;FINGERS_DRUMS:WHEN_THINKING;FINGERS_SCRATCHES_EAR:WHEN_THINKING;FINGERS_SCRATCHES_HEAD:WHEN_THINKING;FINGERS_SCRATCHES_NOSE:WHEN_THINKING;FINGERS_THROUGH_HAIR:WHEN_THINKING;TALKS_TO_SELF:WHEN_THINKING	
0x1410e3280	0x1410e42f6	0x14174a850	's thinking	literal	CHEWS_LIP:WHEN_THINKING;CHEWS_NAIL_BITING:WHEN_THINKING;EYES_LOWERS:WHEN_THINKING;FINGERS_DRUMS:WHEN_THINKING;FINGERS_SCRATCHES_EAR:WHEN_THINKING;FINGERS_SCRATCHES_HEAD:WHEN_THINKING;FINGERS_SCRATCHES_NOSE:WHEN_THINKING;FINGERS_THROUGH_HAIR:WHEN_THINKING;TALKS_TO_SELF:WHEN_THINKING	
0x1410e3280	0x1410e4317	0x14174b3b8	starts talking to 	literal	TALKS_TO_SELF:WHEN_EXASPERATED	
0x1410e3280	0x1410e4332	0x14174b10c	 when 	literal	FINGERS_THROUGH_HAIR:WHEN_EXASPERATED;TALKS_TO_SELF:WHEN_EXASPERATED	
0x1410e3280	0x1410e434e	0x14174b190	 becomes exasperated	literal	BLOWS_BREATH_OUT:WHEN_EXASPERATED;FINGERS_THROUGH_HAIR:WHEN_EXASPERATED;HANDS_MOVE:WHEN_EXASPERATED;TALKS_TO_SELF:WHEN_EXASPERATED	
0x1410e3280	0x1410e4362	0x14174b3d0	When there's a pause in a conversation, 	literal	TALKS_TO_SELF:WHEN_CONVERSATION_PAUSED	
0x1410e3280	0x1410e437e	0x14174b398	 often starts talking to 	literal	TALKS_TO_SELF:WHEN_CONVERSATION_PAUSED	
0x1410e3280	0x1410e43ab	0x14174b100	talks to 	literal	TALKS_TO_SELF:WHEN_BORED	
0x1410e3280	0x1410e43c6	0x14174b400	 whenever 	literal	TALKS_TO_SELF:WHEN_BORED	
0x1410e3280	0x1410e43e2	0x14174b410	 gets bored	literal	TALKS_TO_SELF:WHEN_BORED	
0x1410e3280	0x1410e4403	0x14174b100	talks to 	literal	TALKS_TO_SELF:WHEN_ANNOYED	
0x1410e3280	0x1410e441e	0x14174b10c	 when 	literal	CHEWS_LIP:WHEN_ANNOYED;CHEWS_NAIL_BITING:WHEN_ANNOYED;EYES_LOWERS:WHEN_ANNOYED;EYES_ROLLS:WHEN_ANNOYED;FEET_TAP:WHEN_ANNOYED;FINGERS_THROUGH_HAIR:WHEN_ANNOYED;TALKS_TO_SELF:WHEN_ANNOYED	
0x1410e3280	0x1410e443a	0x14174a948	's annoyed	literal	BLOWS_BREATH_OUT:WHEN_ANNOYED;CHEWS_LIP:WHEN_ANNOYED;CHEWS_NAIL_BITING:WHEN_ANNOYED;EYES_LOWERS:WHEN_ANNOYED;EYES_ROLLS:WHEN_ANNOYED;FEET_TAP:WHEN_ANNOYED;FINGERS_THROUGH_HAIR:WHEN_ANNOYED;LAUGHS_VERY_DISTINCTLY:WHEN_ANNOYED;TALKS_TO_SELF:WHEN_ANNOYED;TONGUE_CLICKS:WHEN_ANNOYED	
0x1410e3280	0x1410e4461	0x14174b100	talks to 	literal	TALKS_TO_SELF:NONE,WHEN_SURPRISED,BEFORE_SPEAKING,WHEN_SPEAKING,WHEN_GREETING,WHEN_SITTING,AFTER_STANDING	
0x1410e3280	0x1410e447c	0x14174b420	 all of the time	literal	TALKS_TO_SELF:NONE,WHEN_SURPRISED,BEFORE_SPEAKING,WHEN_SPEAKING,WHEN_GREETING,WHEN_SITTING,AFTER_STANDING	
0x1410e3280	0x1410e44ab	0x14174b438	gets distracted from conversations easily when 	literal	CONVERSATION_DISTRACTED_EASILY:WHEN_ANGRY	
0x1410e3280	0x1410e44c4	0x14174b468	is distracted from conversations easily when 	literal	CONVERSATION_DISTRACTED_EASILY:WHEN_TRYING_TO_REMEMBER	
0x1410e3280	0x1410e44dd	0x14174b1e8	gets distracted during conversations when 	literal	CONVERSATION_DISTRACTED_EASILY:WHEN_NERVOUS	
0x1410e3280	0x1410e44f9	0x14174a408	's nervous	literal	CONVERSATION_DISTRACTED_EASILY:WHEN_NERVOUS	
0x1410e3280	0x1410e451a	0x14174b1e8	gets distracted during conversations when 	literal	CONVERSATION_DISTRACTED_EASILY:WHEN_EXCITED	
0x1410e3280	0x1410e4536	0x14174a710	's excited	literal	CONVERSATION_DISTRACTED_EASILY:WHEN_EXCITED	
0x1410e3280	0x1410e4557	0x14174b1e8	gets distracted during conversations when 	literal	CONVERSATION_DISTRACTED_EASILY:WHEN_EXASPERATED	
0x1410e3280	0x1410e4573	0x14174a7e8	's exasperated	literal	CONVERSATION_DISTRACTED_EASILY:WHEN_EXASPERATED	
0x1410e3280	0x1410e4594	0x14174b218	is easily distracted during conversations when 	literal	CONVERSATION_DISTRACTED_EASILY:WHEN_BORED	
0x1410e3280	0x1410e45b0	0x14174a8b8	's bored	literal	CONVERSATION_DISTRACTED_EASILY:WHEN_BORED	
0x1410e3280	0x1410e45d1	0x14174b248	gets easily distracted during conversations when 	literal	CONVERSATION_DISTRACTED_EASILY:WHEN_ANNOYED	
0x1410e3280	0x1410e45ed	0x14174a948	's annoyed	literal	CONVERSATION_DISTRACTED_EASILY:WHEN_ANNOYED	
0x1410e3280	0x1410e4614	0x14174b280	tends to be easily distracted during conversations	literal	CONVERSATION_DISTRACTED_EASILY:NONE,WHEN_SURPRISED,WHEN_THINKING,WHEN_CONVERSATION_PAUSED,BEFORE_SPEAKING,WHEN_SPEAKING,WHEN_GREETING,WHEN_SITTING,AFTER_STANDING	
0x1410e3280	0x1410e4642	0x14174b340	will frequently ramble on with stories that don't have any point or even conclusion	literal	CONVERSATION_POINTLESS_STORIES:NONE,WHEN_ANGRY,WHEN_TRYING_TO_REMEMBER,WHEN_SURPRISED,WHEN_THINKING,WHEN_EXASPERATED,WHEN_CONVERSATION_PAUSED,BEFORE_SPEAKING,WHEN_SPEAKING,WHEN_GREETING,WHEN_ANNOYED,WHEN_SITTING,AFTER_STANDING	
0x1410e3280	0x1410e465b	0x14174b310	quite often tells pointless stories when 	literal	CONVERSATION_POINTLESS_STORIES:WHEN_BORED	
0x1410e3280	0x1410e4677	0x14174a8b8	's bored	literal	CONVERSATION_POINTLESS_STORIES:WHEN_BORED	
0x1410e3280	0x1410e468b	0x14174a7f8	When 	literal	CONVERSATION_POINTLESS_STORIES:WHEN_EXCITED	
0x1410e3280	0x1410e46a7	0x14174b118	 gets excited, 	literal	CONVERSATION_POINTLESS_STORIES:WHEN_EXCITED	
0x1410e3280	0x1410e46c3	0x14174b2e0	 often tells stories without any real point	literal	CONVERSATION_POINTLESS_STORIES:WHEN_EXCITED	
0x1410e3280	0x1410e46ea	0x14174b2b8	often tells pointless stories when 	literal	CONVERSATION_POINTLESS_STORIES:WHEN_NERVOUS	
0x1410e3280	0x1410e470c	0x14174a408	's nervous	literal	CONVERSATION_POINTLESS_STORIES:WHEN_NERVOUS	
0x1410e3280	0x1410e4726	0x14174b638	tends to be very focused during conversations	literal	CONVERSATION_VERY_FOCUSED:NONE,WHEN_NERVOUS,WHEN_EXCITED,WHEN_SURPRISED,WHEN_THINKING,WHEN_EXASPERATED,WHEN_CONVERSATION_PAUSED,BEFORE_SPEAKING,WHEN_SPEAKING,WHEN_GREETING,WHEN_BORED,WHEN_ANNOYED,WHEN_SITTING,AFTER_STANDING	
0x1410e3280	0x1410e4749	0x14174b608	becomes very focused during conversations when 	literal	CONVERSATION_VERY_FOCUSED:WHEN_TRYING_TO_REMEMBER	
0x1410e3280	0x1410e4758	0x14174a9a0	's trying to remember something	literal	CONVERSATION_VERY_FOCUSED:WHEN_TRYING_TO_REMEMBER	
0x1410e3280	0x1410e4785	0x14174b608	becomes very focused during conversations when 	literal	CONVERSATION_VERY_FOCUSED:WHEN_ANGRY	
0x1410e3280	0x1410e4794	0x14174a7b0	's angry	literal	CONVERSATION_VERY_FOCUSED:WHEN_ANGRY	
0x1410e3280	0x1410e47c1	0x14174b668	will often pause in conversation to look for the right word	literal	CONVERSATION_LOOKS_FOR_RIGHT_WORD:NONE,WHEN_ANGRY,WHEN_TRYING_TO_REMEMBER,WHEN_NERVOUS,WHEN_EXCITED,WHEN_SURPRISED,WHEN_THINKING,WHEN_EXASPERATED,WHEN_CONVERSATION_PAUSED,BEFORE_SPEAKING,WHEN_SPEAKING,WHEN_GREETING,WHEN_BORED,WHEN_ANNOYED,WHEN_SITTING,AFTER_STANDING	
0x1410e3280	0x1410e47ef	0x14174b708	often touches those to whom 	literal	CONVERSATION_TOUCHES:NONE,WHEN_ANGRY,WHEN_TRYING_TO_REMEMBER,WHEN_SURPRISED,WHEN_THINKING,WHEN_EXASPERATED,WHEN_CONVERSATION_PAUSED,BEFORE_SPEAKING,WHEN_SPEAKING,WHEN_BORED,WHEN_ANNOYED,WHEN_SITTING,AFTER_STANDING	
0x1410e3280	0x1410e480b	0x14174b728	 is speaking	literal	CONVERSATION_TOUCHES:NONE,WHEN_ANGRY,WHEN_TRYING_TO_REMEMBER,WHEN_SURPRISED,WHEN_THINKING,WHEN_EXASPERATED,WHEN_CONVERSATION_PAUSED,BEFORE_SPEAKING,WHEN_SPEAKING,WHEN_BORED,WHEN_ANNOYED,WHEN_SITTING,AFTER_STANDING	
0x1410e3280	0x1410e4824	0x14174b6d8	will often touch others when greeting them	literal	CONVERSATION_TOUCHES:WHEN_GREETING	
0x1410e3280	0x1410e4840	0x14174b6a8	often touches others during conversations when 	literal	CONVERSATION_TOUCHES:WHEN_EXCITED	
0x1410e3280	0x1410e485c	0x14174a710	's excited	literal	CONVERSATION_TOUCHES:WHEN_EXCITED	
0x1410e3280	0x1410e487e	0x14174b6a8	often touches others during conversations when 	literal	CONVERSATION_TOUCHES:WHEN_NERVOUS	
0x1410e3280	0x1410e48a0	0x14174a408	's nervous	literal	CONVERSATION_TOUCHES:WHEN_NERVOUS	
0x1410e3280	0x1410e48bf	0x14174b738	has a way of arguing with those that are in agreement with 	literal	CONVERSATION_ARGUES_IN_AGREEMENT:NONE,WHEN_ANGRY,WHEN_TRYING_TO_REMEMBER,WHEN_NERVOUS,WHEN_EXCITED,WHEN_SURPRISED,WHEN_THINKING,WHEN_EXASPERATED,WHEN_CONVERSATION_PAUSED,BEFORE_SPEAKING,WHEN_SPEAKING,WHEN_GREETING,WHEN_BORED,WHEN_ANNOYED,WHEN_SITTING,AFTER_STANDING	
0x1410e3280	0x1410e48f7	0x14174b4e0	can't stand quiet pauses in conversations and always finds something to say	literal	CONVERSATION_FILLS_QUIET_PAUSES:NONE,WHEN_ANGRY,WHEN_TRYING_TO_REMEMBER,WHEN_EXCITED,WHEN_SURPRISED,WHEN_THINKING,WHEN_EXASPERATED,WHEN_CONVERSATION_PAUSED,BEFORE_SPEAKING,WHEN_SPEAKING,WHEN_GREETING,WHEN_BORED,WHEN_ANNOYED,WHEN_SITTING,AFTER_STANDING	
0x1410e3280	0x1410e4909	0x14174a7f8	When 	literal	CONVERSATION_FILLS_QUIET_PAUSES:WHEN_NERVOUS	
0x1410e3280	0x1410e4928	0x14174b498	 is nervous, 	literal	CONVERSATION_FILLS_QUIET_PAUSES:WHEN_NERVOUS	
0x1410e3280	0x1410e494a	0x14174b4a8	 never allows pauses to occur in conversation	literal	CONVERSATION_FILLS_QUIET_PAUSES:WHEN_NERVOUS	
0x1410e3280	0x1410e4969	0x14174b530	pauses before speaking	literal	CONVERSATION_PAUSES_BEFORE_SPEAKING:NONE,WHEN_ANGRY,WHEN_TRYING_TO_REMEMBER,WHEN_NERVOUS,WHEN_EXCITED,WHEN_SURPRISED,WHEN_THINKING,WHEN_EXASPERATED,WHEN_CONVERSATION_PAUSED,BEFORE_SPEAKING,WHEN_SPEAKING,WHEN_GREETING,WHEN_BORED,WHEN_ANNOYED,WHEN_SITTING,AFTER_STANDING	
0x1410e3280	0x1410e4988	0x14174b548	talks about others behind their backs	literal	CONVERSATION_TALKS_ABOUT_OTHERS_BEHIND_BACK:NONE,WHEN_ANGRY,WHEN_TRYING_TO_REMEMBER,WHEN_NERVOUS,WHEN_EXCITED,WHEN_SURPRISED,WHEN_THINKING,WHEN_EXASPERATED,WHEN_CONVERSATION_PAUSED,BEFORE_SPEAKING,WHEN_SPEAKING,WHEN_GREETING,WHEN_BORED,WHEN_ANNOYED,WHEN_SITTING,AFTER_STANDING	
0x1410e3280	0x1410e49b7	0x14174b570	interrupts others during conversations when 	literal	CONVERSATION_INTERRUPTS_OTHERS:WHEN_ANGRY	
0x1410e3280	0x1410e49d3	0x14174a9f0	 is angry	literal	CONVERSATION_INTERRUPTS_OTHERS:WHEN_ANGRY	
0x1410e3280	0x1410e49f4	0x14174b5a0	tends to interrupts others during conversations when 	literal	CONVERSATION_INTERRUPTS_OTHERS:WHEN_TRYING_TO_REMEMBER	
0x1410e3280	0x1410e4a10	0x14174aa18	 is trying to remember something	literal	CONVERSATION_INTERRUPTS_OTHERS:WHEN_TRYING_TO_REMEMBER	
0x1410e3280	0x1410e4a24	0x14174a7f8	When 	literal	CONVERSATION_INTERRUPTS_OTHERS:WHEN_NERVOUS	
0x1410e3280	0x1410e4a40	0x14174b498	 is nervous, 	literal	CONVERSATION_INTERRUPTS_OTHERS:WHEN_NERVOUS	
0x1410e3280	0x1410e4a5c	0x14174b5d8	 often interrupts others during conversations	literal	CONVERSATION_INTERRUPTS_OTHERS:WHEN_NERVOUS	
0x1410e3280	0x1410e4a70	0x14174a7f8	When 	literal	CONVERSATION_INTERRUPTS_OTHERS:WHEN_EXCITED	
0x1410e3280	0x1410e4a8c	0x14174b848	 is excited during conversations, 	literal	CONVERSATION_INTERRUPTS_OTHERS:WHEN_EXCITED	
0x1410e3280	0x1410e4aa8	0x14174b870	 often can't help interrupting others	literal	CONVERSATION_INTERRUPTS_OTHERS:WHEN_EXCITED	
0x1410e3280	0x1410e4ac9	0x14174b570	interrupts others during conversations when 	literal	CONVERSATION_INTERRUPTS_OTHERS:WHEN_EXASPERATED	
0x1410e3280	0x1410e4ae5	0x14174a5c8	 is exasperated	literal	CONVERSATION_INTERRUPTS_OTHERS:WHEN_EXASPERATED	
0x1410e3280	0x1410e4b06	0x14174b570	interrupts others during conversations when 	literal	CONVERSATION_INTERRUPTS_OTHERS:WHEN_ANNOYED	
0x1410e3280	0x1410e4b22	0x14174a5f8	 is annoyed	literal	CONVERSATION_INTERRUPTS_OTHERS:WHEN_ANNOYED	
0x1410e3280	0x1410e4b49	0x14174b898	has a habit of interrupting speakers	literal	CONVERSATION_INTERRUPTS_OTHERS:NONE,WHEN_SURPRISED,WHEN_THINKING,WHEN_CONVERSATION_PAUSED,BEFORE_SPEAKING,WHEN_SPEAKING,WHEN_GREETING,WHEN_BORED,WHEN_SITTING,AFTER_STANDING	
0x1410e3280	0x1410e4b68	0x14174b8c0	gives incredibly vague answers to questions	literal	CONVERSATION_VAGUE_ANSWERS:NONE,WHEN_ANGRY,WHEN_TRYING_TO_REMEMBER,WHEN_NERVOUS,WHEN_EXCITED,WHEN_SURPRISED,WHEN_THINKING,WHEN_EXASPERATED,WHEN_CONVERSATION_PAUSED,BEFORE_SPEAKING,WHEN_SPEAKING,WHEN_GREETING,WHEN_BORED,WHEN_ANNOYED,WHEN_SITTING,AFTER_STANDING	
0x1410e3280	0x1410e4b87	0x14174b8f0	will without fail turn any conversation to 	literal	CONVERSATION_TURN_TO_SELF:NONE,WHEN_ANGRY,WHEN_TRYING_TO_REMEMBER,WHEN_NERVOUS,WHEN_EXCITED,WHEN_SURPRISED,WHEN_THINKING,WHEN_EXASPERATED,WHEN_CONVERSATION_PAUSED,BEFORE_SPEAKING,WHEN_SPEAKING,WHEN_GREETING,WHEN_BORED,WHEN_ANNOYED,WHEN_SITTING,AFTER_STANDING	
0x1410e3280	0x1410e4bda	0x14174b798	rarely speaks	literal	CONVERSATION_RARELY_SPEAKS:NONE,WHEN_TRYING_TO_REMEMBER,WHEN_SURPRISED,WHEN_THINKING,WHEN_CONVERSATION_PAUSED,BEFORE_SPEAKING,WHEN_SPEAKING,WHEN_GREETING,WHEN_BORED,WHEN_SITTING,AFTER_STANDING	
0x1410e3280	0x1410e4bf3	0x14174b920	rarely speaks when 	literal	CONVERSATION_RARELY_SPEAKS:WHEN_ANNOYED	
0x1410e3280	0x1410e4c0f	0x14174a948	's annoyed	literal	CONVERSATION_RARELY_SPEAKS:WHEN_ANNOYED	
0x1410e3280	0x1410e4c2b	0x14174b920	rarely speaks when 	literal	CONVERSATION_RARELY_SPEAKS:WHEN_EXASPERATED	
0x1410e3280	0x1410e4c47	0x14174a7e8	's exasperated	literal	CONVERSATION_RARELY_SPEAKS:WHEN_EXASPERATED	
0x1410e3280	0x1410e4c63	0x14174b778	has trouble speaking when 	literal	CONVERSATION_RARELY_SPEAKS:WHEN_EXCITED	
0x1410e3280	0x1410e4c7f	0x14174a710	's excited	literal	CONVERSATION_RARELY_SPEAKS:WHEN_EXCITED	
0x1410e3280	0x1410e4c93	0x14174a7f8	When 	literal	CONVERSATION_RARELY_SPEAKS:WHEN_NERVOUS	
0x1410e3280	0x1410e4caf	0x14174b938	's nervous, 	literal	CONVERSATION_RARELY_SPEAKS:WHEN_NERVOUS	
0x1410e3280	0x1410e4ccb	0x14174b948	 rarely talks	literal	CONVERSATION_RARELY_SPEAKS:WHEN_NERVOUS	
0x1410e3280	0x1410e4cec	0x14174b920	rarely speaks when 	literal	CONVERSATION_RARELY_SPEAKS:WHEN_ANGRY	
0x1410e3280	0x1410e4d08	0x14174a7b0	's angry	literal	CONVERSATION_RARELY_SPEAKS:WHEN_ANGRY	
0x1410e3280	0x1410e4d2f	0x14174b7a8	rarely starts conversations	literal	CONVERSATION_RARELY_STARTS:NONE,WHEN_ANGRY,WHEN_TRYING_TO_REMEMBER,WHEN_NERVOUS,WHEN_EXCITED,WHEN_SURPRISED,WHEN_THINKING,WHEN_EXASPERATED,WHEN_CONVERSATION_PAUSED,BEFORE_SPEAKING,WHEN_SPEAKING,WHEN_GREETING,WHEN_BORED,WHEN_ANNOYED,WHEN_SITTING,AFTER_STANDING	
0x1410e3280	0x1410e4d4e	0x14174b7c8	has the habit of answering questions with questions	literal	CONVERSATION_QUESTION_WITH_QUESTION:NONE,WHEN_ANGRY,WHEN_TRYING_TO_REMEMBER,WHEN_NERVOUS,WHEN_EXCITED,WHEN_SURPRISED,WHEN_THINKING,WHEN_EXASPERATED,WHEN_CONVERSATION_PAUSED,BEFORE_SPEAKING,WHEN_SPEAKING,WHEN_GREETING,WHEN_BORED,WHEN_ANNOYED,WHEN_SITTING,AFTER_STANDING	
0x1410e3280	0x1410e4d92	0x14174ab30	has a habit of snapping 	literal	FINGERS_SNAPS:NONE,WHEN_ANGRY,WHEN_SURPRISED,WHEN_THINKING,WHEN_EXASPERATED,WHEN_CONVERSATION_PAUSED,BEFORE_SPEAKING,WHEN_SPEAKING,WHEN_ANNOYED,WHEN_SITTING,AFTER_STANDING	
0x1410e3280	0x1410e4dad	0x1415e873c	 	literal	FINGERS_SNAPS:NONE,WHEN_ANGRY,WHEN_SURPRISED,WHEN_THINKING,WHEN_EXASPERATED,WHEN_CONVERSATION_PAUSED,BEFORE_SPEAKING,WHEN_SPEAKING,WHEN_ANNOYED,WHEN_SITTING,AFTER_STANDING	
0x1410e3280	0x1410e4dd5	0x14174b818	often snaps 	literal	FINGERS_SNAPS:WHEN_BORED	
0x1410e3280	0x1410e4df0	0x1415e873c	 	literal	FINGERS_SNAPS:WHEN_BORED	
0x1410e3280	0x1410e4e0e	0x14174b10c	 when 	literal	CHEWS_CHEEK:WHEN_BORED;CHEWS_LIP:WHEN_BORED;FINGERS_SCRATCHES_HEAD:WHEN_BORED;FINGERS_SNAPS:WHEN_BORED;FINGERS_THROUGH_HAIR:WHEN_BORED	
0x1410e3280	0x1410e4e2a	0x14174a8b8	's bored	literal	CHEWS_CHEEK:WHEN_BORED;CHEWS_LIP:WHEN_BORED;FINGERS_SCRATCHES_HEAD:WHEN_BORED;FINGERS_SNAPS:WHEN_BORED;FINGERS_THROUGH_HAIR:WHEN_BORED;STRETCHES:WHEN_BORED;TONGUE_CLICKS:WHEN_BORED	
0x1410e3280	0x1410e4e46	0x14174ab08	always snaps 	literal	FINGERS_SNAPS:WHEN_GREETING	
0x1410e3280	0x1410e4e61	0x1415e873c	 	literal	FINGERS_SNAPS:WHEN_GREETING	
0x1410e3280	0x1410e4e7f	0x14174b10c	 when 	literal	FINGERS_SNAPS:WHEN_GREETING	
0x1410e3280	0x1410e4e9b	0x14174ab18	's greeting somebody	literal	FINGERS_SNAPS:WHEN_GREETING	
0x1410e3280	0x1410e4eb7	0x14174b828	snaps 	literal	FINGERS_SNAPS:WHEN_EXCITED	
0x1410e3280	0x1410e4ed2	0x1415e873c	 	literal	FINGERS_SNAPS:WHEN_EXCITED	
0x1410e3280	0x1410e4ef0	0x14174b830	 repeatedly when 	literal	FINGERS_SNAPS:WHEN_EXCITED	
0x1410e3280	0x1410e4f0c	0x14174a710	's excited	literal	FINGERS_SNAPS:WHEN_EXCITED	
0x1410e3280	0x1410e4f28	0x14174b818	often snaps 	literal	FINGERS_SNAPS:WHEN_NERVOUS	
0x1410e3280	0x1410e4f43	0x1415e873c	 	literal	FINGERS_SNAPS:WHEN_NERVOUS	
0x1410e3280	0x1410e4f66	0x14174b800	repeatedly snaps 	literal	FINGERS_SNAPS:WHEN_TRYING_TO_REMEMBER	
0x1410e3280	0x1410e4f81	0x1415e873c	 	literal	FINGERS_SNAPS:WHEN_TRYING_TO_REMEMBER	
0x1410e3280	0x1410e4f9f	0x14174b10c	 when 	literal	FINGERS_SNAPS:WHEN_TRYING_TO_REMEMBER	
0x1410e3280	0x1410e4fbb	0x14174aa18	 is trying to remember something	literal	FINGERS_SNAPS:WHEN_TRYING_TO_REMEMBER	
0x1410e3280	0x1410e5007	0x14174aa50	has a habit of drumming 	literal	FINGERS_DRUMS:NONE,WHEN_ANGRY,WHEN_SURPRISED,WHEN_EXASPERATED,WHEN_CONVERSATION_PAUSED,BEFORE_SPEAKING,WHEN_SPEAKING,WHEN_GREETING,WHEN_BORED,WHEN_ANNOYED,AFTER_STANDING	
0x1410e3280	0x1410e5022	0x1415e873c	 	literal	FINGERS_DRUMS:NONE,WHEN_ANGRY,WHEN_SURPRISED,WHEN_EXASPERATED,WHEN_CONVERSATION_PAUSED,BEFORE_SPEAKING,WHEN_SPEAKING,WHEN_GREETING,WHEN_BORED,WHEN_ANNOYED,AFTER_STANDING	
0x1410e3280	0x1410e504a	0x14174ab4c	drums 	literal	FINGERS_DRUMS:WHEN_SITTING	
0x1410e3280	0x1410e5065	0x1415e873c	 	literal	FINGERS_DRUMS:WHEN_SITTING	
0x1410e3280	0x1410e5083	0x14174b400	 whenever 	literal	FEET_TAP:WHEN_SITTING;FINGERS_DRUMS:WHEN_SITTING	
0x1410e3280	0x1410e509f	0x14174aba0	's sitting down	literal	FEET_TAP:WHEN_SITTING;FINGERS_DRUMS:WHEN_SITTING	
0x1410e3280	0x1410e50bb	0x14174ab4c	drums 	literal	FINGERS_DRUMS:WHEN_THINKING	
0x1410e3280	0x1410e50d6	0x1415e873c	 	literal	FINGERS_DRUMS:WHEN_THINKING	
0x1410e3280	0x1410e50f1	0x14174a7f8	When 	literal	FINGERS_DRUMS:WHEN_EXCITED	
0x1410e3280	0x1410e510d	0x14174ab68	 gets excited, it's easy to tell because 	literal	FINGERS_DRUMS:WHEN_EXCITED	
0x1410e3280	0x1410e5129	0x14174ab98	 drums 	literal	FINGERS_DRUMS:WHEN_EXCITED	
0x1410e3280	0x1410e5144	0x1415e873c	 	literal	FINGERS_DRUMS:WHEN_EXCITED	
0x1410e3280	0x1410e5167	0x14174a7f8	When 	literal	FINGERS_DRUMS:WHEN_NERVOUS	
0x1410e3280	0x1410e5183	0x14174b938	's nervous, 	literal	FINGERS_DRUMS:WHEN_NERVOUS	
0x1410e3280	0x1410e519f	0x14174ab58	 often drums 	literal	FINGERS_DRUMS:WHEN_NERVOUS	
0x1410e3280	0x1410e51ba	0x1415e873c	 	literal	FINGERS_DRUMS:WHEN_NERVOUS	
0x1410e3280	0x1410e51ea	0x14174ab4c	drums 	literal	FINGERS_DRUMS:WHEN_TRYING_TO_REMEMBER	
0x1410e3280	0x1410e5205	0x1415e873c	 	literal	FINGERS_DRUMS:WHEN_TRYING_TO_REMEMBER	
0x1410e3280	0x1410e5223	0x14174b10c	 when 	literal	CHEWS_NAIL_BITING:WHEN_TRYING_TO_REMEMBER;EYES_LOWERS:WHEN_TRYING_TO_REMEMBER;FINGERS_DRUMS:WHEN_TRYING_TO_REMEMBER;FINGERS_SCRATCHES_EAR:WHEN_TRYING_TO_REMEMBER;FINGERS_SCRATCHES_HEAD:WHEN_TRYING_TO_REMEMBER;FINGERS_SCRATCHES_NOSE:WHEN_TRYING_TO_REMEMBER;FINGERS_THROUGH_HAIR:WHEN_TRYING_TO_REMEMBER;TALKS_TO_SELF:WHEN_TRYING_TO_REMEMBER	
0x1410e3280	0x1410e523f	0x14174a9a0	's trying to remember something	literal	CHEWS_NAIL_BITING:WHEN_TRYING_TO_REMEMBER;CONVERSATION_DISTRACTED_EASILY:WHEN_TRYING_TO_REMEMBER;EYES_LOWERS:WHEN_TRYING_TO_REMEMBER;FINGERS_DRUMS:WHEN_TRYING_TO_REMEMBER;FINGERS_POINT:WHEN_TRYING_TO_REMEMBER;FINGERS_SCRATCHES_EAR:WHEN_TRYING_TO_REMEMBER;FINGERS_SCRATCHES_HEAD:WHEN_TRYING_TO_REMEMBER;FINGERS_SCRATCHES_NOSE:WHEN_TRYING_TO_REMEMBER;FINGERS_THROUGH_HAIR:WHEN_TRYING_TO_REMEMBER;HANDS_MOVE:WHEN_TRYING_TO_REMEMBER;TALKS_MUTTERS_UNDER_BREATH:WHEN_TRYING_TO_REMEMBER;TALKS_TO_SELF:WHEN_TRYING_TO_REMEMBER;TONGUE_CLICKS:WHEN_TRYING_TO_REMEMBER	
0x1410e3280	0x1410e5282	0x14174aaa8	has a habit of scratching 	literal	FINGERS_SCRATCHES_NOSE:NONE,WHEN_ANGRY,WHEN_EXCITED,WHEN_SURPRISED,WHEN_EXASPERATED,WHEN_CONVERSATION_PAUSED,BEFORE_SPEAKING,WHEN_SPEAKING,WHEN_GREETING,WHEN_ANNOYED,WHEN_SITTING,AFTER_STANDING	
0x1410e3280	0x1410e529d	0x1415e873c	 	literal	FINGERS_SCRATCHES_NOSE:NONE,WHEN_ANGRY,WHEN_EXCITED,WHEN_SURPRISED,WHEN_EXASPERATED,WHEN_CONVERSATION_PAUSED,BEFORE_SPEAKING,WHEN_SPEAKING,WHEN_GREETING,WHEN_ANNOYED,WHEN_SITTING,AFTER_STANDING	
0x1410e3280	0x1410e52c0	0x14174a7f8	When 	literal	FINGERS_SCRATCHES_NOSE:WHEN_BORED	
0x1410e3280	0x1410e52d9	0x14174aa80	's bored, 	literal	FINGERS_SCRATCHES_NOSE:WHEN_BORED	
0x1410e3280	0x1410e52f5	0x14174aa90	 often scratches 	literal	FINGERS_SCRATCHES_NOSE:WHEN_BORED	
0x1410e3280	0x1410e5310	0x1415e873c	 	literal	FINGERS_SCRATCHES_NOSE:WHEN_BORED	
0x1410e3280	0x1410e5340	0x14174aa70	scratches 	literal	FINGERS_SCRATCHES_NOSE:WHEN_THINKING	
0x1410e3280	0x1410e535b	0x1415e873c	 	literal	FINGERS_SCRATCHES_NOSE:WHEN_THINKING	
0x1410e3280	0x1410e5383	0x14174aa70	scratches 	literal	FINGERS_SCRATCHES_NOSE:WHEN_NERVOUS	
0x1410e3280	0x1410e539e	0x1415e873c	 	literal	FINGERS_SCRATCHES_NOSE:WHEN_NERVOUS	
0x1410e3280	0x1410e53c6	0x14174aa70	scratches 	literal	FINGERS_SCRATCHES_NOSE:WHEN_TRYING_TO_REMEMBER	
0x1410e3280	0x1410e53e1	0x1415e873c	 	literal	FINGERS_SCRATCHES_NOSE:WHEN_TRYING_TO_REMEMBER	
0x1410e3280	0x1410e542b	0x14174aac8	tends to scratch 	literal	FINGERS_SCRATCHES_EAR:NONE,WHEN_ANGRY,WHEN_EXCITED,WHEN_SURPRISED,WHEN_EXASPERATED,WHEN_CONVERSATION_PAUSED,BEFORE_SPEAKING,WHEN_SPEAKING,WHEN_GREETING,WHEN_ANNOYED,WHEN_SITTING,AFTER_STANDING	
0x1410e3280	0x1410e5446	0x1415e873c	 	literal	FINGERS_SCRATCHES_EAR:NONE,WHEN_ANGRY,WHEN_EXCITED,WHEN_SURPRISED,WHEN_EXASPERATED,WHEN_CONVERSATION_PAUSED,BEFORE_SPEAKING,WHEN_SPEAKING,WHEN_GREETING,WHEN_ANNOYED,WHEN_SITTING,AFTER_STANDING	
0x1410e3280	0x1410e5464	0x14174aae0	 quite often	literal	FINGERS_SCRATCHES_EAR:NONE,WHEN_ANGRY,WHEN_EXCITED,WHEN_SURPRISED,WHEN_EXASPERATED,WHEN_CONVERSATION_PAUSED,BEFORE_SPEAKING,WHEN_SPEAKING,WHEN_GREETING,WHEN_ANNOYED,WHEN_SITTING,AFTER_STANDING	
0x1410e3280	0x1410e547d	0x14174aa70	scratches 	literal	FINGERS_SCRATCHES_EAR:WHEN_BORED	
0x1410e3280	0x1410e5498	0x1415e873c	 	literal	FINGERS_SCRATCHES_EAR:WHEN_BORED	
0x1410e3280	0x1410e54b6	0x14174b400	 whenever 	literal	FINGERS_SCRATCHES_EAR:WHEN_BORED	
0x1410e3280	0x1410e54d2	0x14174a8b8	's bored	literal	FINGERS_SCRATCHES_EAR:WHEN_BORED	
0x1410e3280	0x1410e54ee	0x14174aa70	scratches 	literal	FINGERS_SCRATCHES_EAR:WHEN_THINKING	
0x1410e3280	0x1410e5509	0x1415e873c	 	literal	FINGERS_SCRATCHES_EAR:WHEN_THINKING	
0x1410e3280	0x1410e552c	0x14174aa70	scratches 	literal	FINGERS_SCRATCHES_EAR:WHEN_NERVOUS	
0x1410e3280	0x1410e5547	0x1415e873c	 	literal	FINGERS_SCRATCHES_EAR:WHEN_NERVOUS	
0x1410e3280	0x1410e556a	0x14174aa70	scratches 	literal	FINGERS_SCRATCHES_EAR:WHEN_TRYING_TO_REMEMBER	
0x1410e3280	0x1410e5585	0x1415e873c	 	literal	FINGERS_SCRATCHES_EAR:WHEN_TRYING_TO_REMEMBER	
0x1410e3280	0x1410e55cf	0x14174aac8	tends to scratch 	literal	FINGERS_SCRATCHES_HEAD:NONE,WHEN_ANGRY,WHEN_EXCITED,WHEN_SURPRISED,WHEN_EXASPERATED,WHEN_CONVERSATION_PAUSED,BEFORE_SPEAKING,WHEN_SPEAKING,WHEN_GREETING,WHEN_ANNOYED,WHEN_SITTING,AFTER_STANDING	
0x1410e3280	0x1410e55ea	0x1415e873c	 	literal	FINGERS_SCRATCHES_HEAD:NONE,WHEN_ANGRY,WHEN_EXCITED,WHEN_SURPRISED,WHEN_EXASPERATED,WHEN_CONVERSATION_PAUSED,BEFORE_SPEAKING,WHEN_SPEAKING,WHEN_GREETING,WHEN_ANNOYED,WHEN_SITTING,AFTER_STANDING	
0x1410e3280	0x1410e5608	0x14174ac3c	 a lot	literal	FINGERS_SCRATCHES_HEAD:NONE,WHEN_ANGRY,WHEN_EXCITED,WHEN_SURPRISED,WHEN_EXASPERATED,WHEN_CONVERSATION_PAUSED,BEFORE_SPEAKING,WHEN_SPEAKING,WHEN_GREETING,WHEN_ANNOYED,WHEN_SITTING,AFTER_STANDING	
0x1410e3280	0x1410e5621	0x14174aa70	scratches 	literal	FINGERS_SCRATCHES_HEAD:WHEN_BORED	
0x1410e3280	0x1410e563c	0x1415e873c	 	literal	FINGERS_SCRATCHES_HEAD:WHEN_BORED	
0x1410e3280	0x1410e565f	0x14174aa70	scratches 	literal	FINGERS_SCRATCHES_HEAD:WHEN_THINKING	
0x1410e3280	0x1410e567a	0x1415e873c	 	literal	FINGERS_SCRATCHES_HEAD:WHEN_THINKING	
0x1410e3280	0x1410e569d	0x14174aa70	scratches 	literal	FINGERS_SCRATCHES_HEAD:WHEN_NERVOUS	
0x1410e3280	0x1410e56b8	0x1415e873c	 	literal	FINGERS_SCRATCHES_HEAD:WHEN_NERVOUS	
0x1410e3280	0x1410e56db	0x14174aaf0	always scratches 	literal	FINGERS_SCRATCHES_HEAD:WHEN_TRYING_TO_REMEMBER	
0x1410e3280	0x1410e56f6	0x1415e873c	 	literal	FINGERS_SCRATCHES_HEAD:WHEN_TRYING_TO_REMEMBER	
0x1410e3280	0x1410e5724	0x14174ac48	often rubs 	literal	FINGERS_RUBS_EYES:NONE,WHEN_ANGRY,WHEN_TRYING_TO_REMEMBER,WHEN_NERVOUS,WHEN_EXCITED,WHEN_SURPRISED,WHEN_THINKING,WHEN_EXASPERATED,WHEN_CONVERSATION_PAUSED,BEFORE_SPEAKING,WHEN_SPEAKING,WHEN_GREETING,WHEN_BORED,WHEN_ANNOYED,WHEN_SITTING,AFTER_STANDING	
0x1410e3280	0x1410e5745	0x1415e873c	 	literal	FINGERS_RUBS_EYES:NONE,WHEN_ANGRY,WHEN_TRYING_TO_REMEMBER,WHEN_NERVOUS,WHEN_EXCITED,WHEN_SURPRISED,WHEN_THINKING,WHEN_EXASPERATED,WHEN_CONVERSATION_PAUSED,BEFORE_SPEAKING,WHEN_SPEAKING,WHEN_GREETING,WHEN_BORED,WHEN_ANNOYED,WHEN_SITTING,AFTER_STANDING	
0x1410e3280	0x1410e579f	0x14174acc8	 always points at others when greeting them	literal	FINGERS_POINT:WHEN_GREETING	
0x1410e3280	0x1410e57b3	0x14174a7f8	When 	literal	FINGERS_POINT:WHEN_EXASPERATED	
0x1410e3280	0x1410e57cf	0x14174ac90	 gets exasperated, 	literal	FINGERS_POINT:WHEN_EXASPERATED	
0x1410e3280	0x1410e57eb	0x14174aca8	 often points and shakes 	literal	FINGERS_POINT:WHEN_EXASPERATED	
0x1410e3280	0x1410e5806	0x1415e873c	 	literal	FINGERS_POINT:WHEN_EXASPERATED	
0x1410e3280	0x1410e5836	0x14174ac70	shakes 	literal	FINGERS_POINT:WHEN_EXCITED	
0x1410e3280	0x1410e5851	0x1415e873c	 	literal	FINGERS_POINT:WHEN_EXCITED	
0x1410e3280	0x1410e586f	0x14174ac78	 up and down when 	literal	FINGERS_POINT:WHEN_EXCITED	
0x1410e3280	0x1410e588b	0x14174a710	's excited	literal	FINGERS_POINT:WHEN_EXCITED	
0x1410e3280	0x1410e58ac	0x14174ac70	shakes 	literal	FINGERS_POINT:WHEN_TRYING_TO_REMEMBER	
0x1410e3280	0x1410e58c7	0x1415e873c	 	literal	FINGERS_POINT:WHEN_TRYING_TO_REMEMBER	
0x1410e3280	0x1410e58e5	0x14174ac78	 up and down when 	literal	FINGERS_POINT:WHEN_TRYING_TO_REMEMBER	
0x1410e3280	0x1410e58fe	0x14174ac58	points and shakes 	literal	FINGERS_POINT:WHEN_ANGRY	
0x1410e3280	0x1410e5919	0x1415e873c	 	literal	FINGERS_POINT:WHEN_ANGRY	
0x1410e3280	0x1410e5937	0x14174b10c	 when 	literal	CHEWS_CHEEK:WHEN_ANGRY;CHEWS_LIP:WHEN_ANGRY;EYES_LOWERS:WHEN_ANGRY;FINGERS_POINT:WHEN_ANGRY;TALKS_TO_SELF:WHEN_ANGRY	
0x1410e3280	0x1410e5953	0x14174a7b0	's angry	literal	CHEWS_CHEEK:WHEN_ANGRY;CHEWS_LIP:WHEN_ANGRY;CONVERSATION_DISTRACTED_EASILY:WHEN_ANGRY;EYES_LOWERS:WHEN_ANGRY;FEET_TAP:WHEN_ANGRY;FINGERS_POINT:WHEN_ANGRY;TALKS_TO_SELF:WHEN_ANGRY	
0x1410e3280	0x1410e598f	0x14174abb0	runs 	literal	FINGERS_THROUGH_HAIR:WHEN_TRYING_TO_REMEMBER	
0x1410e3280	0x1410e59aa	0x1415e873c	 	literal	FINGERS_THROUGH_HAIR:WHEN_TRYING_TO_REMEMBER	
0x1410e3280	0x1410e59c8	0x14174abb8	 through 	literal	FINGERS_THROUGH_HAIR:WHEN_TRYING_TO_REMEMBER	
0x1410e3280	0x1410e59e3	0x1415e873c	 	literal	FINGERS_THROUGH_HAIR:WHEN_TRYING_TO_REMEMBER	
0x1410e3280	0x1410e5a0b	0x14174abb0	runs 	literal	FINGERS_THROUGH_HAIR:WHEN_NERVOUS	
0x1410e3280	0x1410e5a26	0x1415e873c	 	literal	FINGERS_THROUGH_HAIR:WHEN_NERVOUS	
0x1410e3280	0x1410e5a44	0x14174abb8	 through 	literal	FINGERS_THROUGH_HAIR:WHEN_NERVOUS	
0x1410e3280	0x1410e5a5f	0x1415e873c	 	literal	FINGERS_THROUGH_HAIR:WHEN_NERVOUS	
0x1410e3280	0x1410e5a87	0x14174abb0	runs 	literal	FINGERS_THROUGH_HAIR:WHEN_THINKING	
0x1410e3280	0x1410e5aa2	0x1415e873c	 	literal	FINGERS_THROUGH_HAIR:WHEN_THINKING	
0x1410e3280	0x1410e5ac0	0x14174abb8	 through 	literal	FINGERS_THROUGH_HAIR:WHEN_THINKING	
0x1410e3280	0x1410e5adb	0x1415e873c	 	literal	FINGERS_THROUGH_HAIR:WHEN_THINKING	
0x1410e3280	0x1410e5b03	0x14174abb0	runs 	literal	FINGERS_THROUGH_HAIR:WHEN_EXASPERATED	
0x1410e3280	0x1410e5b1e	0x1415e873c	 	literal	FINGERS_THROUGH_HAIR:WHEN_EXASPERATED	
0x1410e3280	0x1410e5b3c	0x14174abb8	 through 	literal	FINGERS_THROUGH_HAIR:WHEN_EXASPERATED	
0x1410e3280	0x1410e5b57	0x1415e873c	 	literal	FINGERS_THROUGH_HAIR:WHEN_EXASPERATED	
0x1410e3280	0x1410e5b7f	0x14174abb0	runs 	literal	FINGERS_THROUGH_HAIR:WHEN_BORED	
0x1410e3280	0x1410e5b9a	0x1415e873c	 	literal	FINGERS_THROUGH_HAIR:WHEN_BORED	
0x1410e3280	0x1410e5bb8	0x14174abb8	 through 	literal	FINGERS_THROUGH_HAIR:WHEN_BORED	
0x1410e3280	0x1410e5bd3	0x1415e873c	 	literal	FINGERS_THROUGH_HAIR:WHEN_BORED	
0x1410e3280	0x1410e5bfb	0x14174abb0	runs 	literal	FINGERS_THROUGH_HAIR:WHEN_ANNOYED	
0x1410e3280	0x1410e5c16	0x1415e873c	 	literal	FINGERS_THROUGH_HAIR:WHEN_ANNOYED	
0x1410e3280	0x1410e5c34	0x14174abb8	 through 	literal	FINGERS_THROUGH_HAIR:WHEN_ANNOYED	
0x1410e3280	0x1410e5c4f	0x1415e873c	 	literal	FINGERS_THROUGH_HAIR:WHEN_ANNOYED	
0x1410e3280	0x1410e5c7d	0x14174abc8	has a habit of running 	literal	FINGERS_THROUGH_HAIR:NONE,WHEN_ANGRY,WHEN_EXCITED,WHEN_SURPRISED,WHEN_CONVERSATION_PAUSED,BEFORE_SPEAKING,WHEN_SPEAKING,WHEN_GREETING,WHEN_SITTING,AFTER_STANDING	
0x1410e3280	0x1410e5c9e	0x1415e873c	 	literal	FINGERS_THROUGH_HAIR:NONE,WHEN_ANGRY,WHEN_EXCITED,WHEN_SURPRISED,WHEN_CONVERSATION_PAUSED,BEFORE_SPEAKING,WHEN_SPEAKING,WHEN_GREETING,WHEN_SITTING,AFTER_STANDING	
0x1410e3280	0x1410e5cc2	0x14174abb8	 through 	literal	FINGERS_THROUGH_HAIR:NONE,WHEN_ANGRY,WHEN_EXCITED,WHEN_SURPRISED,WHEN_CONVERSATION_PAUSED,BEFORE_SPEAKING,WHEN_SPEAKING,WHEN_GREETING,WHEN_SITTING,AFTER_STANDING	
0x1410e3280	0x1410e5ce3	0x1415e873c	 	literal	FINGERS_THROUGH_HAIR:NONE,WHEN_ANGRY,WHEN_EXCITED,WHEN_SURPRISED,WHEN_CONVERSATION_PAUSED,BEFORE_SPEAKING,WHEN_SPEAKING,WHEN_GREETING,WHEN_SITTING,AFTER_STANDING	
0x1410e3280	0x1410e5d33	0x14174adb0	occasionally cracks 	literal	FINGERS_KNUCKLE_CRACKS:NONE,WHEN_TRYING_TO_REMEMBER,WHEN_EXCITED,WHEN_SURPRISED,WHEN_EXASPERATED,WHEN_CONVERSATION_PAUSED,BEFORE_SPEAKING,WHEN_SPEAKING,WHEN_GREETING,WHEN_ANNOYED,WHEN_SITTING,AFTER_STANDING	
0x1410e3280	0x1410e5d4e	0x1415e873c	 	literal	FINGERS_KNUCKLE_CRACKS:NONE,WHEN_TRYING_TO_REMEMBER,WHEN_EXCITED,WHEN_SURPRISED,WHEN_EXASPERATED,WHEN_CONVERSATION_PAUSED,BEFORE_SPEAKING,WHEN_SPEAKING,WHEN_GREETING,WHEN_ANNOYED,WHEN_SITTING,AFTER_STANDING	
0x1410e3280	0x1410e5d7b	0x14174abe0	cracks 	literal	FINGERS_KNUCKLE_CRACKS:WHEN_BORED	
0x1410e3280	0x1410e5d96	0x1415e873c	 	literal	FINGERS_KNUCKLE_CRACKS:WHEN_BORED	
0x1410e3280	0x1410e5db4	0x14174b10c	 when 	literal	FINGERS_KNUCKLE_CRACKS:WHEN_BORED	
0x1410e3280	0x1410e5dd0	0x14174a8b8	's bored	literal	FINGERS_KNUCKLE_CRACKS:WHEN_BORED	
0x1410e3280	0x1410e5df3	0x14174ac00	often gives 	literal	FINGERS_KNUCKLE_CRACKS:WHEN_THINKING	
0x1410e3280	0x1410e5e0e	0x1415e873c	 	literal	FINGERS_KNUCKLE_CRACKS:WHEN_THINKING	
0x1410e3280	0x1410e5e2c	0x14174ac10	 a good crack when 	literal	FINGERS_KNUCKLE_CRACKS:WHEN_THINKING	
0x1410e3280	0x1410e5e48	0x14174ac28	's thinking hard	literal	FINGERS_KNUCKLE_CRACKS:WHEN_THINKING	
0x1410e3280	0x1410e5e62	0x14174a7f8	When 	literal	FINGERS_KNUCKLE_CRACKS:WHEN_NERVOUS	
0x1410e3280	0x1410e5e81	0x14174b938	's nervous, 	literal	FINGERS_KNUCKLE_CRACKS:WHEN_NERVOUS	
0x1410e3280	0x1410e5ea3	0x14174abe8	 sometimes cracks 	literal	FINGERS_KNUCKLE_CRACKS:WHEN_NERVOUS	
0x1410e3280	0x1410e5ebe	0x1415e873c	 	literal	FINGERS_KNUCKLE_CRACKS:WHEN_NERVOUS	
0x1410e3280	0x1410e5ef1	0x14174abe0	cracks 	literal	FINGERS_KNUCKLE_CRACKS:WHEN_ANGRY	
0x1410e3280	0x1410e5f12	0x1415e873c	 	literal	FINGERS_KNUCKLE_CRACKS:WHEN_ANGRY	
0x1410e3280	0x1410e5f36	0x14174b10c	 when 	literal	FINGERS_KNUCKLE_CRACKS:WHEN_ANGRY	
0x1410e3280	0x1410e5f58	0x14174a7b0	's angry	literal	FINGERS_KNUCKLE_CRACKS:WHEN_ANGRY	
0x1410e3280	0x1410e5f94	0x14174ae90	has a very distinct laugh	literal	LAUGHS_VERY_DISTINCTLY:NONE,WHEN_ANGRY,WHEN_TRYING_TO_REMEMBER,WHEN_THINKING,WHEN_CONVERSATION_PAUSED,BEFORE_SPEAKING,WHEN_SPEAKING,WHEN_GREETING,WHEN_BORED,WHEN_SITTING,AFTER_STANDING	
0x1410e3280	0x1410e5fad	0x14174ae68	laughs in a unique way whenever 	literal	LAUGHS_VERY_DISTINCTLY:WHEN_ANNOYED	
0x1410e3280	0x1410e5fc1	0x14174ae40	laughs in a distinct fashion when 	literal	LAUGHS_VERY_DISTINCTLY:WHEN_EXASPERATED	
0x1410e3280	0x1410e5fdd	0x14174a7e8	's exasperated	literal	LAUGHS_VERY_DISTINCTLY:WHEN_EXASPERATED	
0x1410e3280	0x1410e5ff1	0x14174a7f8	When 	literal	LAUGHS_VERY_DISTINCTLY:WHEN_SURPRISED	
0x1410e3280	0x1410e600d	0x14174ae10	's surprised, 	literal	LAUGHS_VERY_DISTINCTLY:WHEN_SURPRISED	
0x1410e3280	0x1410e6029	0x14174ae20	 has a very unique laugh	literal	LAUGHS_VERY_DISTINCTLY:WHEN_SURPRISED	
0x1410e3280	0x1410e604a	0x14174ade8	has a very distinct laugh for when 	literal	LAUGHS_VERY_DISTINCTLY:WHEN_EXCITED	
0x1410e3280	0x1410e6066	0x14174a710	's excited	literal	LAUGHS_VERY_DISTINCTLY:WHEN_EXCITED	
0x1410e3280	0x1410e6087	0x14174adc8	laughs in a unique way when 	literal	LAUGHS_VERY_DISTINCTLY:WHEN_NERVOUS	
0x1410e3280	0x1410e60a3	0x14174a408	's nervous	literal	LAUGHS_VERY_DISTINCTLY:WHEN_NERVOUS	
0x1410e3280	0x1410e60cf	0x14174ad08	 has more a cackle than a laugh	literal	LAUGHS_CACKLES:NONE,WHEN_ANGRY,WHEN_TRYING_TO_REMEMBER,WHEN_EXCITED,WHEN_SURPRISED,WHEN_THINKING,WHEN_EXASPERATED,WHEN_CONVERSATION_PAUSED,BEFORE_SPEAKING,WHEN_SPEAKING,WHEN_GREETING,WHEN_BORED,WHEN_ANNOYED,WHEN_SITTING,AFTER_STANDING	
0x1410e3280	0x1410e60e6	0x14174acf8	 cackles when 	literal	LAUGHS_CACKLES:WHEN_NERVOUS	
0x1410e3280	0x1410e6108	0x14174a408	's nervous	literal	LAUGHS_CACKLES:WHEN_NERVOUS	
0x1410e3280	0x1410e6136	0x14174ad60	 laughs very loudly	literal	LAUGHS_LOUDLY:NONE,WHEN_ANGRY,WHEN_TRYING_TO_REMEMBER,WHEN_THINKING,WHEN_EXASPERATED,WHEN_CONVERSATION_PAUSED,BEFORE_SPEAKING,WHEN_SPEAKING,WHEN_GREETING,WHEN_BORED,WHEN_ANNOYED,WHEN_SITTING,AFTER_STANDING	
0x1410e3280	0x1410e614f	0x14174ad28	 laughs very loudly whenever 	literal	LAUGHS_LOUDLY:WHEN_SURPRISED	
0x1410e3280	0x1410e616b	0x14174b168	's surprised	literal	LAUGHS_LOUDLY:WHEN_SURPRISED	
0x1410e3280	0x1410e6187	0x14174ad48	 laughs loudly when 	literal	LAUGHS_LOUDLY:WHEN_EXCITED	
0x1410e3280	0x1410e61a3	0x14174a710	's excited	literal	LAUGHS_LOUDLY:WHEN_EXCITED	
0x1410e3280	0x1410e61c5	0x14174ad28	 laughs very loudly whenever 	literal	LAUGHS_LOUDLY:WHEN_NERVOUS	
0x1410e3280	0x1410e61e7	0x14174a408	's nervous	literal	LAUGHS_LOUDLY:WHEN_NERVOUS	
0x1410e3280	0x1410e6206	0x14174ad78	laughs silently	literal	LAUGHS_SILENTLY:NONE,WHEN_ANGRY,WHEN_TRYING_TO_REMEMBER,WHEN_NERVOUS,WHEN_EXCITED,WHEN_SURPRISED,WHEN_THINKING,WHEN_EXASPERATED,WHEN_CONVERSATION_PAUSED,BEFORE_SPEAKING,WHEN_SPEAKING,WHEN_GREETING,WHEN_BORED,WHEN_ANNOYED,WHEN_SITTING,AFTER_STANDING	
0x1410e3280	0x1410e6225	0x14174ad88	has a nervous laugh	literal	LAUGHS_NERVOUSLY:NONE,WHEN_ANGRY,WHEN_TRYING_TO_REMEMBER,WHEN_NERVOUS,WHEN_EXCITED,WHEN_SURPRISED,WHEN_THINKING,WHEN_EXASPERATED,WHEN_CONVERSATION_PAUSED,BEFORE_SPEAKING,WHEN_SPEAKING,WHEN_GREETING,WHEN_BORED,WHEN_ANNOYED,WHEN_SITTING,AFTER_STANDING	
0x1410e3280	0x1410e6244	0x14174ada0	laughs at 	literal	LAUGHS_AT_OWN_JOKES:NONE,WHEN_ANGRY,WHEN_TRYING_TO_REMEMBER,WHEN_NERVOUS,WHEN_EXCITED,WHEN_SURPRISED,WHEN_THINKING,WHEN_EXASPERATED,WHEN_CONVERSATION_PAUSED,BEFORE_SPEAKING,WHEN_SPEAKING,WHEN_GREETING,WHEN_BORED,WHEN_ANNOYED,WHEN_SITTING,AFTER_STANDING	
0x1410e3280	0x1410e6265	0x14174af78	 own jokes	literal	LAUGHS_AT_OWN_JOKES:NONE,WHEN_ANGRY,WHEN_TRYING_TO_REMEMBER,WHEN_NERVOUS,WHEN_EXCITED,WHEN_SURPRISED,WHEN_THINKING,WHEN_EXASPERATED,WHEN_CONVERSATION_PAUSED,BEFORE_SPEAKING,WHEN_SPEAKING,WHEN_GREETING,WHEN_BORED,WHEN_ANNOYED,WHEN_SITTING,AFTER_STANDING	
0x1410e3280	0x1410e6284	0x14174af88	walks as if in a terrible hurry whenever 	literal	WALK_ALWAYS_HURRIES:NONE,WHEN_ANGRY,WHEN_TRYING_TO_REMEMBER,WHEN_NERVOUS,WHEN_EXCITED,WHEN_SURPRISED,WHEN_THINKING,WHEN_EXASPERATED,WHEN_CONVERSATION_PAUSED,BEFORE_SPEAKING,WHEN_SPEAKING,WHEN_GREETING,WHEN_BORED,WHEN_ANNOYED,WHEN_SITTING,AFTER_STANDING	
0x1410e3280	0x1410e62a6	0x14174afb8	 goes anywhere	literal	WALK_ALWAYS_HURRIES:NONE,WHEN_ANGRY,WHEN_TRYING_TO_REMEMBER,WHEN_NERVOUS,WHEN_EXCITED,WHEN_SURPRISED,WHEN_THINKING,WHEN_EXASPERATED,WHEN_CONVERSATION_PAUSED,BEFORE_SPEAKING,WHEN_SPEAKING,WHEN_GREETING,WHEN_BORED,WHEN_ANNOYED,WHEN_SITTING,AFTER_STANDING	
0x1410e3280	0x1410e62cf	0x14174b010	skips wherever 	literal	WALK_SKIPS:NONE,WHEN_ANGRY,WHEN_TRYING_TO_REMEMBER,WHEN_NERVOUS,WHEN_SURPRISED,WHEN_THINKING,WHEN_EXASPERATED,WHEN_CONVERSATION_PAUSED,BEFORE_SPEAKING,WHEN_SPEAKING,WHEN_BORED,WHEN_ANNOYED,WHEN_SITTING,AFTER_STANDING	
0x1410e3280	0x1410e62f1	0x14174b020	 goes	literal	WALK_SKIPS:NONE,WHEN_ANGRY,WHEN_TRYING_TO_REMEMBER,WHEN_NERVOUS,WHEN_SURPRISED,WHEN_THINKING,WHEN_EXASPERATED,WHEN_CONVERSATION_PAUSED,BEFORE_SPEAKING,WHEN_SPEAKING,WHEN_BORED,WHEN_ANNOYED,WHEN_SITTING,AFTER_STANDING	
0x1410e3280	0x1410e6308	0x14174afe0	skips over to others when 	literal	WALK_SKIPS:WHEN_GREETING	
0x1410e3280	0x1410e632a	0x14174b000	 meets them	literal	WALK_SKIPS:WHEN_GREETING	
0x1410e3280	0x1410e6346	0x14174afc8	skips around when 	literal	WALK_SKIPS:WHEN_EXCITED	
0x1410e3280	0x1410e6368	0x14174a710	's excited	literal	WALK_SKIPS:WHEN_EXCITED	
0x1410e3280	0x1410e6387	0x14174aeb0	walks with a confident stride	literal	WALK_CONFIDENT:NONE,WHEN_ANGRY,WHEN_TRYING_TO_REMEMBER,WHEN_NERVOUS,WHEN_EXCITED,WHEN_SURPRISED,WHEN_THINKING,WHEN_EXASPERATED,WHEN_CONVERSATION_PAUSED,BEFORE_SPEAKING,WHEN_SPEAKING,WHEN_GREETING,WHEN_BORED,WHEN_ANNOYED,WHEN_SITTING,AFTER_STANDING	
0x1410e3280	0x1410e63c1	0x141722ad8	holds 	literal	POSTURE_RIGID:NONE,WHEN_TRYING_TO_REMEMBER,WHEN_EXCITED,WHEN_EXASPERATED,WHEN_CONVERSATION_PAUSED,BEFORE_SPEAKING,WHEN_SPEAKING,WHEN_GREETING,WHEN_BORED,WHEN_ANNOYED,WHEN_SITTING,AFTER_STANDING	
0x1410e3280	0x1410e63dc	0x14174af50	 in a rigid posture	literal	POSTURE_RIGID:NONE,WHEN_TRYING_TO_REMEMBER,WHEN_EXCITED,WHEN_EXASPERATED,WHEN_CONVERSATION_PAUSED,BEFORE_SPEAKING,WHEN_SPEAKING,WHEN_GREETING,WHEN_BORED,WHEN_ANNOYED,WHEN_SITTING,AFTER_STANDING	
0x1410e3280	0x1410e63f0	0x14174a7f8	When 	literal	POSTURE_RIGID:WHEN_THINKING	
0x1410e3280	0x1410e6409	0x14174af20	's thinking, 	literal	POSTURE_RIGID:WHEN_THINKING	
0x1410e3280	0x1410e6424	0x14174af30	 body becomes very still	literal	POSTURE_RIGID:WHEN_THINKING	
0x1410e3280	0x1410e6445	0x14174af08	 stiffens up when 	literal	POSTURE_RIGID:WHEN_SURPRISED	
0x1410e3280	0x1410e6461	0x14174b168	's surprised	literal	POSTURE_RIGID:WHEN_SURPRISED	
0x1410e3280	0x1410e6482	0x14174aef0	 tenses up when 	literal	POSTURE_RIGID:WHEN_NERVOUS	
0x1410e3280	0x1410e649b	0x14174aed0	 becomes very rigid when 	literal	POSTURE_RIGID:WHEN_ANGRY	
0x1410e3280	0x1410e64b7	0x14174a7b0	's angry	literal	POSTURE_RIGID:WHEN_ANGRY	
0x1410e3280	0x1410e64e3	0x14174bbc8	 has a slouching posture	literal	POSTURE_SLOUCH:NONE,WHEN_ANGRY,WHEN_TRYING_TO_REMEMBER,WHEN_NERVOUS,WHEN_EXCITED,WHEN_SURPRISED,WHEN_THINKING,WHEN_EXASPERATED,WHEN_CONVERSATION_PAUSED,BEFORE_SPEAKING,WHEN_SPEAKING,WHEN_GREETING,WHEN_ANNOYED,WHEN_SITTING,AFTER_STANDING	
0x1410e3280	0x1410e64fa	0x14174af68	slouches when 	literal	POSTURE_SLOUCH:WHEN_BORED	
0x1410e3280	0x1410e651c	0x14174a8b8	's bored	literal	POSTURE_SLOUCH:WHEN_BORED	
0x1410e3280	0x1410e654b	0x14174bbe4	chews 	literal	CHEWS_LIP:WHEN_ANGRY	
0x1410e3280	0x1410e6566	0x1415e873c	 	literal	CHEWS_LIP:WHEN_ANGRY	
0x1410e3280	0x1410e6581	0x14174a7f8	When 	literal	CHEWS_LIP:WHEN_TRYING_TO_REMEMBER	
0x1410e3280	0x1410e659d	0x14174bbf0	's trying to remember something, 	literal	CHEWS_LIP:WHEN_TRYING_TO_REMEMBER	
0x1410e3280	0x1410e65b9	0x14174bc18	 often starts chewing on 	literal	CHEWS_LIP:WHEN_TRYING_TO_REMEMBER	
0x1410e3280	0x1410e65d4	0x1415e873c	 	literal	CHEWS_LIP:WHEN_TRYING_TO_REMEMBER;TONGUE_LICKS_LIPS:WHEN_THINKING	
0x1410e3280	0x1410e6604	0x14174bbe4	chews 	literal	CHEWS_LIP:WHEN_NERVOUS	
0x1410e3280	0x1410e661f	0x1415e873c	 	literal	CHEWS_LIP:WHEN_NERVOUS	
0x1410e3280	0x1410e6647	0x14174bbe4	chews 	literal	CHEWS_LIP:WHEN_EXCITED	
0x1410e3280	0x1410e6662	0x1415e873c	 	literal	CHEWS_LIP:WHEN_EXCITED	
0x1410e3280	0x1410e6680	0x14174b10c	 when 	literal	CHEWS_LIP:WHEN_EXCITED	
0x1410e3280	0x1410e669c	0x14174a840	 gets excited	literal	CHEWS_LIP:WHEN_EXCITED	
0x1410e3280	0x1410e66bd	0x14174bbe4	chews 	literal	CHEWS_LIP:WHEN_THINKING	
0x1410e3280	0x1410e66d8	0x1415e873c	 	literal	CHEWS_LIP:WHEN_THINKING	
0x1410e3280	0x1410e66f6	0x14174bc38	 intently when 	literal	CHEWS_LIP:WHEN_THINKING	
0x1410e3280	0x1410e670f	0x14174bc48	idly chews 	literal	CHEWS_LIP:WHEN_BORED	
0x1410e3280	0x1410e672a	0x1415e873c	 	literal	CHEWS_LIP:WHEN_BORED	
0x1410e3280	0x1410e6752	0x14174bc54	gnaws 	literal	CHEWS_LIP:WHEN_ANNOYED	
0x1410e3280	0x1410e676d	0x1415e873c	 	literal	CHEWS_LIP:WHEN_ANNOYED	
0x1410e3280	0x1410e679b	0x14174bc60	tends to chew 	literal	CHEWS_LIP:NONE,WHEN_SURPRISED,WHEN_EXASPERATED,WHEN_CONVERSATION_PAUSED,BEFORE_SPEAKING,WHEN_SPEAKING,WHEN_GREETING,WHEN_SITTING,AFTER_STANDING	
0x1410e3280	0x1410e67bc	0x1415e873c	 	literal	CHEWS_LIP:NONE,WHEN_SURPRISED,WHEN_EXASPERATED,WHEN_CONVERSATION_PAUSED,BEFORE_SPEAKING,WHEN_SPEAKING,WHEN_GREETING,WHEN_SITTING,AFTER_STANDING	
0x1410e3280	0x1410e6802	0x14174bbe4	chews 	literal	CHEWS_CHEEK:WHEN_ANGRY	
0x1410e3280	0x1410e681d	0x1415e873c	 	literal	CHEWS_CHEEK:WHEN_ANGRY	
0x1410e3280	0x1410e6838	0x14174a7f8	When 	literal	CHEWS_CHEEK:WHEN_TRYING_TO_REMEMBER	
0x1410e3280	0x1410e6854	0x14174b938	's nervous, 	literal	CHEWS_CHEEK:WHEN_TRYING_TO_REMEMBER	
0x1410e3280	0x1410e6870	0x14174bb08	 tends to chew on 	literal	CHEWS_CHEEK:WHEN_TRYING_TO_REMEMBER	
0x1410e3280	0x1410e688b	0x1415e873c	 	literal	CHEWS_CHEEK:WHEN_TRYING_TO_REMEMBER	
0x1410e3280	0x1410e68ae	0x14174a7f8	When 	literal	CHEWS_CHEEK:WHEN_NERVOUS	
0x1410e3280	0x1410e68ca	0x14174b938	's nervous, 	literal	CHEWS_CHEEK:WHEN_NERVOUS	
0x1410e3280	0x1410e68e6	0x14174bb20	 has a habit of chewing on 	literal	CHEWS_CHEEK:WHEN_NERVOUS	
0x1410e3280	0x1410e6901	0x1415e873c	 	literal	CHEWS_CHEEK:WHEN_NERVOUS	
0x1410e3280	0x1410e6931	0x14174bb40	gnaws on 	literal	CHEWS_CHEEK:WHEN_EXCITED	
0x1410e3280	0x1410e694c	0x1415e873c	 	literal	CHEWS_CHEEK:WHEN_EXCITED	
0x1410e3280	0x1410e696a	0x14174b10c	 when 	literal	CHEWS_CHEEK:WHEN_EXCITED	
0x1410e3280	0x1410e6986	0x14174a710	's excited	literal	CHEWS_CHEEK:WHEN_EXCITED	
0x1410e3280	0x1410e699a	0x14174a7f8	When 	literal	CHEWS_CHEEK:WHEN_THINKING	
0x1410e3280	0x1410e69b6	0x14174af20	's thinking, 	literal	CHEWS_CHEEK:WHEN_THINKING	
0x1410e3280	0x1410e69d2	0x14174bb50	 has a tendency to chew on 	literal	CHEWS_CHEEK:WHEN_THINKING	
0x1410e3280	0x1410e69ed	0x1415e873c	 	literal	CHEWS_CHEEK:WHEN_THINKING	
0x1410e3280	0x1410e6a1d	0x14174bbe4	chews 	literal	CHEWS_CHEEK:WHEN_BORED	
0x1410e3280	0x1410e6a38	0x1415e873c	 	literal	CHEWS_CHEEK:WHEN_BORED	
0x1410e3280	0x1410e6a60	0x14174bc54	gnaws 	literal	CHEWS_CHEEK:WHEN_ANNOYED	
0x1410e3280	0x1410e6a7b	0x1415e873c	 	literal	CHEWS_CHEEK:WHEN_ANNOYED	
0x1410e3280	0x1410e6a99	0x14174b10c	 when 	literal	CHEWS_CHEEK:WHEN_ANNOYED	
0x1410e3280	0x1410e6ab5	0x14174a5f8	 is annoyed	literal	CHEWS_CHEEK:WHEN_ANNOYED	
0x1410e3280	0x1410e6adc	0x14174bb70	has a habit of chewing on 	literal	CHEWS_CHEEK:NONE,WHEN_SURPRISED,WHEN_EXASPERATED,WHEN_CONVERSATION_PAUSED,BEFORE_SPEAKING,WHEN_SPEAKING,WHEN_GREETING,WHEN_SITTING,AFTER_STANDING	
0x1410e3280	0x1410e6afd	0x1415e873c	 	literal	CHEWS_CHEEK:NONE,WHEN_SURPRISED,WHEN_EXASPERATED,WHEN_CONVERSATION_PAUSED,BEFORE_SPEAKING,WHEN_SPEAKING,WHEN_GREETING,WHEN_SITTING,AFTER_STANDING	
0x1410e3280	0x1410e6b58	0x14174bba0	bites 	literal	CHEWS_NAIL_BITING:NONE,WHEN_ANGRY,WHEN_EXCITED,WHEN_SURPRISED,WHEN_EXASPERATED,WHEN_CONVERSATION_PAUSED,BEFORE_SPEAKING,WHEN_SPEAKING,WHEN_GREETING,WHEN_SITTING,AFTER_STANDING	
0x1410e3280	0x1410e6b73	0x1415e873c	 	literal	CHEWS_NAIL_BITING:NONE,WHEN_ANGRY,WHEN_EXCITED,WHEN_SURPRISED,WHEN_EXASPERATED,WHEN_CONVERSATION_PAUSED,BEFORE_SPEAKING,WHEN_SPEAKING,WHEN_GREETING,WHEN_SITTING,AFTER_STANDING	
0x1410e3280	0x1410e6b9b	0x14174bba0	bites 	literal	CHEWS_NAIL_BITING:WHEN_ANNOYED	
0x1410e3280	0x1410e6bb6	0x1415e873c	 	literal	CHEWS_NAIL_BITING:WHEN_ANNOYED	
0x1410e3280	0x1410e6bd9	0x14174bba0	bites 	literal	CHEWS_NAIL_BITING:WHEN_BORED	
0x1410e3280	0x1410e6bf4	0x1415e873c	 	literal	CHEWS_NAIL_BITING:WHEN_BORED	
0x1410e3280	0x1410e6c12	0x14174b10c	 when 	literal	CHEWS_NAIL_BITING:WHEN_BORED	
0x1410e3280	0x1410e6c2e	0x14174b410	 gets bored	literal	CHEWS_NAIL_BITING:WHEN_BORED	
0x1410e3280	0x1410e6c4a	0x14174bbe4	chews 	literal	CHEWS_NAIL_BITING:WHEN_THINKING	
0x1410e3280	0x1410e6c65	0x1415e873c	 	literal	CHEWS_NAIL_BITING:WHEN_THINKING	
0x1410e3280	0x1410e6c88	0x14174bba0	bites 	literal	CHEWS_NAIL_BITING:WHEN_NERVOUS	
0x1410e3280	0x1410e6ca3	0x1415e873c	 	literal	CHEWS_NAIL_BITING:WHEN_NERVOUS	
0x1410e3280	0x1410e6cc6	0x14174bb90	often bites 	literal	CHEWS_NAIL_BITING:WHEN_TRYING_TO_REMEMBER	
0x1410e3280	0x1410e6ce1	0x1415e873c	 	literal	CHEWS_NAIL_BITING:WHEN_TRYING_TO_REMEMBER	
0x1410e3280	0x1410e6d14	0x14174bd18	gives hugs out freely	literal	HUGS:NONE,WHEN_ANGRY,WHEN_TRYING_TO_REMEMBER,WHEN_NERVOUS,WHEN_EXCITED,WHEN_SURPRISED,WHEN_THINKING,WHEN_EXASPERATED,WHEN_CONVERSATION_PAUSED,BEFORE_SPEAKING,WHEN_SPEAKING,WHEN_BORED,WHEN_ANNOYED,WHEN_SITTING,AFTER_STANDING	
0x1410e3280	0x1410e6d2b	0x14174bba8	 often greets others with a hug	literal	HUGS:WHEN_GREETING	
0x1410e3280	0x1410e6d4f	0x14174bd68	has a nervous smile	literal	SMILES_NERVOUSLY:NONE,WHEN_ANGRY,WHEN_TRYING_TO_REMEMBER,WHEN_NERVOUS,WHEN_EXCITED,WHEN_SURPRISED,WHEN_THINKING,WHEN_EXASPERATED,WHEN_CONVERSATION_PAUSED,BEFORE_SPEAKING,WHEN_SPEAKING,WHEN_BORED,WHEN_ANNOYED,WHEN_SITTING,AFTER_STANDING	
0x1410e3280	0x1410e6d61	0x14174bd30	When greeting others, 	literal	SMILES_NERVOUSLY:WHEN_GREETING	
0x1410e3280	0x1410e6d80	0x14174bd48	 always smiles nervously	literal	SMILES_NERVOUSLY:WHEN_GREETING	
0x1410e3280	0x1410e6dae	0x1415e873c	 	literal	HANDS_MOVE:WHEN_ANGRY	
0x1410e3280	0x1410e6dcc	0x14174bd80	 become animated when 	literal	HANDS_MOVE:WHEN_ANGRY	
0x1410e3280	0x1410e6de8	0x14174a370	 gets angry	literal	HANDS_MOVE:WHEN_ANGRY	
0x1410e3280	0x1410e6e08	0x1415e873c	 	literal	HANDS_MOVE:WHEN_TRYING_TO_REMEMBER	
0x1410e3280	0x1410e6e26	0x14174bd98	 move frantically when 	literal	HANDS_MOVE:WHEN_TRYING_TO_REMEMBER	
0x1410e3280	0x1410e6e3e	0x1415e873c	 	literal	HANDS_MOVE:WHEN_EXCITED	
0x1410e3280	0x1410e6e5c	0x14174bdb0	 jump all over the place when 	literal	HANDS_MOVE:WHEN_EXCITED	
0x1410e3280	0x1410e6e78	0x14174a710	's excited	literal	HANDS_MOVE:WHEN_EXCITED	
0x1410e3280	0x1410e6e98	0x1415e873c	 	literal	HANDS_MOVE:WHEN_SURPRISED	
0x1410e3280	0x1410e6eb6	0x14174bdd0	 are animated when 	literal	HANDS_MOVE:WHEN_SURPRISED	
0x1410e3280	0x1410e6ed2	0x14174b168	's surprised	literal	HANDS_MOVE:WHEN_SURPRISED	
0x1410e3280	0x1410e6ef2	0x1415e873c	 	literal	HANDS_MOVE:WHEN_EXASPERATED	
0x1410e3280	0x1410e6f10	0x14174bc70	 begin moving when 	literal	HANDS_MOVE:WHEN_EXASPERATED	
0x1410e3280	0x1410e6f28	0x1415e873c	 	literal	HANDS_MOVE:WHEN_SPEAKING	
0x1410e3280	0x1410e6f46	0x14174bdd0	 are animated when 	literal	HANDS_MOVE:WHEN_SPEAKING	
0x1410e3280	0x1410e6f62	0x14174bc88	 speaks	literal	HANDS_MOVE:WHEN_SPEAKING	
0x1410e3280	0x1410e6f99	0x14174bc90	stomps 	literal	FEET_TAP:WHEN_ANGRY	
0x1410e3280	0x1410e6fb4	0x1415e873c	 	literal	FEET_TAP:WHEN_ANGRY	
0x1410e3280	0x1410e6fd2	0x14174b830	 repeatedly when 	literal	FEET_TAP:WHEN_ANGRY	
0x1410e3280	0x1410e6fde	0x14174a7f8	When 	literal	FEET_TAP:WHEN_TRYING_TO_REMEMBER	
0x1410e3280	0x1410e6ffa	0x14174bbf0	's trying to remember something, 	literal	FEET_TAP:WHEN_TRYING_TO_REMEMBER	
0x1410e3280	0x1410e7016	0x14174bc98	 usually starts tapping 	literal	FEET_TAP:WHEN_TRYING_TO_REMEMBER	
0x1410e3280	0x1410e7031	0x1415e873c	 	literal	FEET_TAP:WHEN_TRYING_TO_REMEMBER	
0x1410e3280	0x1410e7061	0x14174bcb4	taps 	literal	FEET_TAP:WHEN_NERVOUS	
0x1410e3280	0x1410e707c	0x1415e873c	 	literal	FEET_TAP:WHEN_NERVOUS	
0x1410e3280	0x1410e709a	0x14174bcc0	 constantly when 	literal	FEET_TAP:WHEN_NERVOUS	
0x1410e3280	0x1410e70b3	0x14174bcb4	taps 	literal	FEET_TAP:WHEN_CONVERSATION_PAUSED	
0x1410e3280	0x1410e70ce	0x1415e873c	 	literal	FEET_TAP:WHEN_CONVERSATION_PAUSED	
0x1410e3280	0x1410e70ec	0x14174bcd8	 when there's a lull in conversation	literal	FEET_TAP:WHEN_CONVERSATION_PAUSED	
0x1410e3280	0x1410e710d	0x14174bcb4	taps 	literal	FEET_TAP:WHEN_ANNOYED	
0x1410e3280	0x1410e7128	0x1415e873c	 	literal	FEET_TAP:WHEN_ANNOYED	
0x1410e3280	0x1410e7150	0x14174bcb4	taps 	literal	FEET_TAP:WHEN_SITTING	
0x1410e3280	0x1410e716b	0x1415e873c	 	literal	FEET_TAP:WHEN_SITTING	
0x1410e3280	0x1410e7199	0x14174bd00	has a habit of tapping 	literal	FEET_TAP:NONE,WHEN_EXCITED,WHEN_SURPRISED,WHEN_THINKING,WHEN_EXASPERATED,BEFORE_SPEAKING,WHEN_SPEAKING,WHEN_GREETING,WHEN_BORED,AFTER_STANDING	
0x1410e3280	0x1410e71ba	0x1415e873c	 	literal	FEET_TAP:NONE,WHEN_EXCITED,WHEN_SURPRISED,WHEN_THINKING,WHEN_EXASPERATED,BEFORE_SPEAKING,WHEN_SPEAKING,WHEN_GREETING,WHEN_BORED,AFTER_STANDING	
0x1410e3280	0x1410e7200	0x14174bed8	lowers 	literal	EYES_LOWERS:WHEN_ANGRY	
0x1410e3280	0x1410e721b	0x1415e873c	 	literal	EYES_LOWERS:WHEN_ANGRY	
0x1410e3280	0x1410e7243	0x14174bed8	lowers 	literal	EYES_LOWERS:WHEN_TRYING_TO_REMEMBER	
0x1410e3280	0x1410e725e	0x1415e873c	 	literal	EYES_LOWERS:WHEN_TRYING_TO_REMEMBER	
0x1410e3280	0x1410e7286	0x14174bed8	lowers 	literal	EYES_LOWERS:WHEN_NERVOUS	
0x1410e3280	0x1410e72a1	0x1415e873c	 	literal	EYES_LOWERS:WHEN_NERVOUS	
0x1410e3280	0x1410e72c9	0x14174bee0	often lowers 	literal	EYES_LOWERS:WHEN_THINKING	
0x1410e3280	0x1410e72e4	0x1415e873c	 	literal	EYES_LOWERS:WHEN_THINKING	
0x1410e3280	0x1410e72ff	0x14174a7f8	When 	literal	EYES_LOWERS:WHEN_SPEAKING	
0x1410e3280	0x1410e731b	0x14174bef0	 is speaking, 	literal	EYES_LOWERS:WHEN_SPEAKING	
0x1410e3280	0x1410e7337	0x14174bf00	 usually lowers 	literal	EYES_LOWERS:WHEN_SPEAKING	
0x1410e3280	0x1410e7352	0x1415e873c	 	literal	EYES_LOWERS:WHEN_SPEAKING	
0x1410e3280	0x1410e7382	0x14174bed8	lowers 	literal	EYES_LOWERS:WHEN_ANNOYED	
0x1410e3280	0x1410e739d	0x1415e873c	 	literal	EYES_LOWERS:WHEN_ANNOYED	
0x1410e3280	0x1410e73cb	0x14174bf18	often has 	literal	EYES_LOWERS:NONE,WHEN_EXCITED,WHEN_SURPRISED,WHEN_EXASPERATED,WHEN_CONVERSATION_PAUSED,BEFORE_SPEAKING,WHEN_GREETING,WHEN_BORED,WHEN_SITTING,AFTER_STANDING	
0x1410e3280	0x1410e73ec	0x1415e873c	 	literal	EYES_LOWERS:NONE,WHEN_EXCITED,WHEN_SURPRISED,WHEN_EXASPERATED,WHEN_CONVERSATION_PAUSED,BEFORE_SPEAKING,WHEN_GREETING,WHEN_BORED,WHEN_SITTING,AFTER_STANDING	
0x1410e3280	0x1410e7410	0x14174bf28	 lowered to the ground	literal	EYES_LOWERS:NONE,WHEN_EXCITED,WHEN_SURPRISED,WHEN_EXASPERATED,WHEN_CONVERSATION_PAUSED,BEFORE_SPEAKING,WHEN_GREETING,WHEN_BORED,WHEN_SITTING,AFTER_STANDING	
0x1410e3280	0x1410e7445	0x14174be58	has a habit of staring at others	literal	EYES_STARES:NONE,WHEN_TRYING_TO_REMEMBER,WHEN_NERVOUS,WHEN_EXCITED,WHEN_SURPRISED,WHEN_EXASPERATED,WHEN_CONVERSATION_PAUSED,BEFORE_SPEAKING,WHEN_GREETING,WHEN_BORED,WHEN_SITTING,AFTER_STANDING	
0x1410e3280	0x1410e745e	0x14174be28	has a certain stare for when 	literal	EYES_STARES:WHEN_ANNOYED	
0x1410e3280	0x1410e747a	0x14174be48	 gets annoyed	literal	EYES_STARES:WHEN_ANNOYED	
0x1410e3280	0x1410e7498	0x14174bde8	tends to stare unwaveringly when 	literal	EYES_STARES:WHEN_SPEAKING	
0x1410e3280	0x1410e74b4	0x14174be10	's speaking to somebody	literal	EYES_STARES:WHEN_SPEAKING	
0x1410e3280	0x1410e74d8	0x14174bf60	stares intently when 	literal	EYES_STARES:WHEN_THINKING	
0x1410e3280	0x1410e74fa	0x14174a850	's thinking	literal	EYES_STARES:WHEN_THINKING	
0x1410e3280	0x1410e7516	0x14174bf40	has a menacing stare when 	literal	EYES_STARES:WHEN_ANGRY	
0x1410e3280	0x1410e7538	0x14174a7b0	's angry	literal	EYES_STARES:WHEN_ANGRY	
0x1410e3280	0x1410e7562	0x14174c020	is quick to wink at others	literal	EYES_WINKS:NONE,WHEN_ANGRY,WHEN_TRYING_TO_REMEMBER,WHEN_EXCITED,WHEN_SURPRISED,WHEN_THINKING,WHEN_EXASPERATED,WHEN_CONVERSATION_PAUSED,BEFORE_SPEAKING,WHEN_BORED,WHEN_ANNOYED,WHEN_SITTING,AFTER_STANDING	
0x1410e3280	0x1410e757b	0x14174beb0	commonly winks as a form of greeting	literal	EYES_WINKS:WHEN_GREETING	
0x1410e3280	0x1410e7597	0x14174be90	winks during conversations	literal	EYES_WINKS:WHEN_SPEAKING	
0x1410e3280	0x1410e75b9	0x14174be80	winks when 	literal	EYES_WINKS:WHEN_NERVOUS	
0x1410e3280	0x1410e75db	0x14174a4a0	 is nervous	literal	EYES_WINKS:WHEN_NERVOUS	
0x1410e3280	0x1410e760d	0x14174c060	 has a habit of rolling 	literal	EYES_ROLLS:NONE,WHEN_ANGRY,WHEN_TRYING_TO_REMEMBER,WHEN_NERVOUS,WHEN_EXCITED,WHEN_SURPRISED,WHEN_THINKING,WHEN_CONVERSATION_PAUSED,BEFORE_SPEAKING,WHEN_SPEAKING,WHEN_GREETING,WHEN_SITTING,AFTER_STANDING	
0x1410e3280	0x1410e7628	0x1415e873c	 	literal	EYES_ROLLS:NONE,WHEN_ANGRY,WHEN_TRYING_TO_REMEMBER,WHEN_NERVOUS,WHEN_EXCITED,WHEN_SURPRISED,WHEN_THINKING,WHEN_CONVERSATION_PAUSED,BEFORE_SPEAKING,WHEN_SPEAKING,WHEN_GREETING,WHEN_SITTING,AFTER_STANDING	
0x1410e3280	0x1410e7650	0x14174c040	 rolls 	literal	EYES_ROLLS:WHEN_ANNOYED	
0x1410e3280	0x1410e766b	0x1415e873c	 	literal	EYES_ROLLS:WHEN_ANNOYED	
0x1410e3280	0x1410e7686	0x14174a7f8	When 	literal	EYES_ROLLS:WHEN_BORED	
0x1410e3280	0x1410e76a2	0x14174aa80	's bored, 	literal	EYES_ROLLS:WHEN_BORED	
0x1410e3280	0x1410e76be	0x14174c048	 constantly rolls 	literal	EYES_ROLLS:WHEN_BORED	
0x1410e3280	0x1410e76d9	0x1415e873c	 	literal	EYES_ROLLS:WHEN_BORED	
0x1410e3280	0x1410e770f	0x14174c040	 rolls 	literal	EYES_ROLLS:WHEN_EXASPERATED	
0x1410e3280	0x1410e7730	0x1415e873c	 	literal	EYES_ROLLS:WHEN_EXASPERATED	
0x1410e3280	0x1410e7754	0x14174b10c	 when 	literal	EYES_ROLLS:WHEN_EXASPERATED	
0x1410e3280	0x1410e7776	0x14174a7e8	's exasperated	literal	EYES_ROLLS:WHEN_EXASPERATED	
0x1410e3280	0x1410e77ac	0x14174c0d8	blows 	literal	BLOWS_BREATH_OUT:WHEN_ANNOYED	
0x1410e3280	0x1410e77c7	0x14174bf78	 breath out when 	literal	BLOWS_BREATH_OUT:WHEN_ANNOYED	
0x1410e3280	0x1410e77e0	0x14174c098	exhales slowly and deliberately when 	literal	BLOWS_BREATH_OUT:WHEN_BORED	
0x1410e3280	0x1410e77fc	0x14174c0c0	 starts getting bored	literal	BLOWS_BREATH_OUT:WHEN_BORED	
0x1410e3280	0x1410e781d	0x14174c080	exhales sharply when 	literal	BLOWS_BREATH_OUT:WHEN_EXASPERATED	
0x1410e3280	0x1410e7836	0x14174c080	exhales sharply when 	literal	BLOWS_BREATH_OUT:WHEN_ANGRY	
0x1410e3280	0x1410e7852	0x14174a370	 gets angry	literal	BLOWS_BREATH_OUT:WHEN_ANGRY	
0x1410e3280	0x1410e788a	0x14174bfa8	always takes a deep breath whenever 	literal	BREATHES_IN:WHEN_SURPRISED	
0x1410e3280	0x1410e78a6	0x14174bfd0	 is surprised	literal	BREATHES_IN:WHEN_SURPRISED	
0x1410e3280	0x1410e78cd	0x141722ad8	holds 	literal	BREATHES_IN:WHEN_NERVOUS	
0x1410e3280	0x1410e78ee	0x14174a990	 breath when 	literal	BREATHES_IN:WHEN_NERVOUS	
0x1410e3280	0x1410e7910	0x14174a408	's nervous	literal	BREATHES_IN:WHEN_NERVOUS	
0x1410e3280	0x1410e792f	0x14174bf90	inhales sharply when 	literal	BREATHES_IN:WHEN_ANGRY	
0x1410e3280	0x1410e7951	0x14174a9f0	 is angry	literal	BREATHES_IN:WHEN_ANGRY	
0x1410e3280	0x1410e7985	0x14174bfe0	clicks 	literal	TONGUE_CLICKS:WHEN_TRYING_TO_REMEMBER	
0x1410e3280	0x1410e79a0	0x1415e873c	 	literal	TONGUE_CLICKS:WHEN_TRYING_TO_REMEMBER	
0x1410e3280	0x1410e79be	0x14174bcc0	 constantly when 	literal	TONGUE_CLICKS:WHEN_TRYING_TO_REMEMBER	
0x1410e3280	0x1410e79ca	0x14174a7f8	When 	literal	TONGUE_CLICKS:WHEN_NERVOUS	
0x1410e3280	0x1410e79e6	0x14174b498	 is nervous, 	literal	TONGUE_CLICKS:WHEN_NERVOUS	
0x1410e3280	0x1410e7a02	0x14174bfe8	 clicks 	literal	TONGUE_CLICKS:WHEN_NERVOUS	
0x1410e3280	0x1410e7a1d	0x1415e873c	 	literal	TONGUE_CLICKS:WHEN_NERVOUS	
0x1410e3280	0x1410e7a40	0x14174a7f8	When 	literal	TONGUE_CLICKS:WHEN_THINKING	
0x1410e3280	0x1410e7a5c	0x14174af20	's thinking, 	literal	TONGUE_CLICKS:WHEN_THINKING	
0x1410e3280	0x1410e7a78	0x14174bfe8	 clicks 	literal	TONGUE_CLICKS:WHEN_THINKING	
0x1410e3280	0x1410e7a93	0x1415e873c	 	literal	TONGUE_CLICKS:WHEN_THINKING	
0x1410e3280	0x1410e7ab1	0x14174bff8	 repeatedly	literal	TONGUE_CLICKS:WHEN_THINKING	
0x1410e3280	0x1410e7ac5	0x14174a7f8	When 	literal	TONGUE_CLICKS:WHEN_EXASPERATED	
0x1410e3280	0x1410e7ae1	0x14174a908	 becomes exasperated, 	literal	TONGUE_CLICKS:WHEN_EXASPERATED	
0x1410e3280	0x1410e7afd	0x14174bfe8	 clicks 	literal	TONGUE_CLICKS:WHEN_EXASPERATED	
0x1410e3280	0x1410e7b18	0x1415e873c	 	literal	TONGUE_CLICKS:WHEN_EXASPERATED	
0x1410e3280	0x1410e7b48	0x14174bfe0	clicks 	literal	TONGUE_CLICKS:WHEN_BORED	
0x1410e3280	0x1410e7b63	0x1415e873c	 	literal	TONGUE_CLICKS:WHEN_BORED	
0x1410e3280	0x1410e7b81	0x14174c008	 occasionally when 	literal	TONGUE_CLICKS:WHEN_BORED	
0x1410e3280	0x1410e7b9a	0x14174bfe0	clicks 	literal	TONGUE_CLICKS:WHEN_ANNOYED	
0x1410e3280	0x1410e7bb5	0x1415e873c	 	literal	TONGUE_CLICKS:WHEN_ANNOYED	
0x1410e3280	0x1410e7bd3	0x14174b830	 repeatedly when 	literal	TONGUE_CLICKS:WHEN_ANNOYED	
0x1410e3280	0x1410e7bf2	0x14174ba20	has a habit of clicking 	literal	TONGUE_CLICKS:NONE,WHEN_ANGRY,WHEN_EXCITED,WHEN_SURPRISED,WHEN_CONVERSATION_PAUSED,BEFORE_SPEAKING,WHEN_SPEAKING,WHEN_GREETING,WHEN_SITTING,AFTER_STANDING	
0x1410e3280	0x1410e7c13	0x1415e873c	 	literal	TONGUE_CLICKS:NONE,WHEN_ANGRY,WHEN_EXCITED,WHEN_SURPRISED,WHEN_CONVERSATION_PAUSED,BEFORE_SPEAKING,WHEN_SPEAKING,WHEN_GREETING,WHEN_SITTING,AFTER_STANDING	
0x1410e3280	0x1410e7c5d	0x14174ba58	 sticks out 	literal	TONGUE_STICKS_OUT:WHEN_THINKING	
0x1410e3280	0x1410e7c7e	0x1415e873c	 	literal	TONGUE_STICKS_OUT:WHEN_THINKING	
0x1410e3280	0x1410e7ca2	0x14174b10c	 when 	literal	TONGUE_STICKS_OUT:WHEN_THINKING	
0x1410e3280	0x1410e7cbe	0x14174ac28	's thinking hard	literal	TONGUE_STICKS_OUT:WHEN_THINKING	
0x1410e3280	0x1410e7cdc	0x1415e873c	 	literal	TONGUE_STICKS_OUT:WHEN_TRYING_TO_REMEMBER	
0x1410e3280	0x1410e7d00	0x14174ba40	 sticks out when 	literal	TONGUE_STICKS_OUT:WHEN_TRYING_TO_REMEMBER	
0x1410e3280	0x1410e7d22	0x14174a9a0	's trying to remember something	literal	TONGUE_STICKS_OUT:WHEN_TRYING_TO_REMEMBER	
0x1410e3280	0x1410e7d49	0x14174ba68	licks 	literal	TONGUE_LICKS_LIPS:NONE,WHEN_ANGRY,WHEN_TRYING_TO_REMEMBER,WHEN_EXCITED,WHEN_SURPRISED,WHEN_EXASPERATED,WHEN_CONVERSATION_PAUSED,BEFORE_SPEAKING,WHEN_SPEAKING,WHEN_GREETING,WHEN_BORED,WHEN_ANNOYED,WHEN_SITTING,AFTER_STANDING	
0x1410e3280	0x1410e7d64	0x1415e873c	 	literal	TONGUE_LICKS_LIPS:NONE,WHEN_ANGRY,WHEN_TRYING_TO_REMEMBER,WHEN_EXCITED,WHEN_SURPRISED,WHEN_EXASPERATED,WHEN_CONVERSATION_PAUSED,BEFORE_SPEAKING,WHEN_SPEAKING,WHEN_GREETING,WHEN_BORED,WHEN_ANNOYED,WHEN_SITTING,AFTER_STANDING	
0x1410e3280	0x1410e7d82	0x14174baa8	 frequently	literal	TONGUE_LICKS_LIPS:NONE,WHEN_ANGRY,WHEN_TRYING_TO_REMEMBER,WHEN_EXCITED,WHEN_SURPRISED,WHEN_EXASPERATED,WHEN_CONVERSATION_PAUSED,BEFORE_SPEAKING,WHEN_SPEAKING,WHEN_GREETING,WHEN_BORED,WHEN_ANNOYED,WHEN_SITTING,AFTER_STANDING	
0x1410e3280	0x1410e7d9c	0x14174a7f8	When 	literal	TONGUE_LICKS_LIPS:WHEN_THINKING	
0x1410e3280	0x1410e7dbb	0x14174ba70	's thinking hard, 	literal	TONGUE_LICKS_LIPS:WHEN_THINKING	
0x1410e3280	0x1410e7ddd	0x14174ba88	 has a habit of licking 	literal	TONGUE_LICKS_LIPS:WHEN_THINKING	
0x1410e3280	0x1410e7e01	0x14174ba68	licks 	literal	TONGUE_LICKS_LIPS:WHEN_NERVOUS	
0x1410e3280	0x1410e7e22	0x1415e873c	 	literal	TONGUE_LICKS_LIPS:WHEN_NERVOUS	
0x1410e3280	0x1410e7e46	0x14174b10c	 when 	literal	TONGUE_LICKS_LIPS:WHEN_NERVOUS	
0x1410e3280	0x1410e7e68	0x14174a408	's nervous	literal	TONGUE_LICKS_LIPS:WHEN_NERVOUS	
0x1410e3280	0x1410e7eaa	0x14174ba08	likes to stretch 	literal	STRETCHES:NONE,WHEN_ANGRY,WHEN_TRYING_TO_REMEMBER,WHEN_EXCITED,WHEN_SURPRISED,WHEN_EXASPERATED,BEFORE_SPEAKING,WHEN_SPEAKING,WHEN_GREETING,WHEN_ANNOYED,WHEN_SITTING	
0x1410e3280	0x1410e7ec5	0x14174bad0	 out frequently	literal	STRETCHES:NONE,WHEN_ANGRY,WHEN_TRYING_TO_REMEMBER,WHEN_EXCITED,WHEN_SURPRISED,WHEN_EXASPERATED,BEFORE_SPEAKING,WHEN_SPEAKING,WHEN_GREETING,WHEN_ANNOYED,WHEN_SITTING	
0x1410e3280	0x1410e7ede	0x14174b958	tends to stretch 	literal	STRETCHES:AFTER_STANDING	
0x1410e3280	0x1410e7ef9	0x14174b9e8	 body after 	literal	STRETCHES:AFTER_STANDING	
0x1410e3280	0x1410e7f15	0x14174b9f8	 stands up	literal	STRETCHES:AFTER_STANDING	
0x1410e3280	0x1410e7f33	0x14174b9c8	tends to stretch out when 	literal	STRETCHES:WHEN_BORED	
0x1410e3280	0x1410e7f49	0x14174b980	has a habit of stretching 	literal	STRETCHES:WHEN_CONVERSATION_PAUSED	
0x1410e3280	0x1410e7f64	0x14174b9a0	 body during pauses in conversation	literal	STRETCHES:WHEN_CONVERSATION_PAUSED	
0x1410e3280	0x1410e7f88	0x14174b958	tends to stretch 	literal	STRETCHES:WHEN_THINKING	
0x1410e3280	0x1410e7fa9	0x14174b970	 body when 	literal	STRETCHES:WHEN_THINKING	
0x1410e3280	0x1410e7fcb	0x14174a850	's thinking	literal	STRETCHES:WHEN_THINKING	
0x1410e3280	0x1410e7fdd	0x14174a7f8	When 	literal	STRETCHES:WHEN_NERVOUS	
0x1410e3280	0x1410e7ffc	0x14174b938	's nervous, 	literal	STRETCHES:WHEN_NERVOUS	
0x1410e3280	0x1410e801e	0x14174bab8	 tends to stretch 	literal	STRETCHES:WHEN_NERVOUS	
0x1410e3280	0x1410e803f	0x14172a0a4	 body	literal	STRETCHES:WHEN_NERVOUS	
0x1410e3280	0x1410e805e	0x14174bae0	bounces 	literal	LEG_BOUNCES:NONE,WHEN_ANGRY,WHEN_TRYING_TO_REMEMBER,WHEN_NERVOUS,WHEN_EXCITED,WHEN_SURPRISED,WHEN_THINKING,WHEN_EXASPERATED,WHEN_CONVERSATION_PAUSED,BEFORE_SPEAKING,WHEN_SPEAKING,WHEN_GREETING,WHEN_BORED,WHEN_ANNOYED,WHEN_SITTING,AFTER_STANDING	
0x1410e3280	0x1410e807f	0x1415e873c	 	literal	LEG_BOUNCES:NONE,WHEN_ANGRY,WHEN_TRYING_TO_REMEMBER,WHEN_NERVOUS,WHEN_EXCITED,WHEN_SURPRISED,WHEN_THINKING,WHEN_EXASPERATED,WHEN_CONVERSATION_PAUSED,BEFORE_SPEAKING,WHEN_SPEAKING,WHEN_GREETING,WHEN_BORED,WHEN_ANNOYED,WHEN_SITTING,AFTER_STANDING	
0x1410e3280	0x1410e80a3	0x14174b400	 whenever 	literal	LEG_BOUNCES:NONE,WHEN_ANGRY,WHEN_TRYING_TO_REMEMBER,WHEN_NERVOUS,WHEN_EXCITED,WHEN_SURPRISED,WHEN_THINKING,WHEN_EXASPERATED,WHEN_CONVERSATION_PAUSED,BEFORE_SPEAKING,WHEN_SPEAKING,WHEN_GREETING,WHEN_BORED,WHEN_ANNOYED,WHEN_SITTING,AFTER_STANDING	
0x1410e3280	0x1410e80bf	0x14174baf0	 is sitting down	literal	LEG_BOUNCES:NONE,WHEN_ANGRY,WHEN_TRYING_TO_REMEMBER,WHEN_NERVOUS,WHEN_EXCITED,WHEN_SURPRISED,WHEN_THINKING,WHEN_EXASPERATED,WHEN_CONVERSATION_PAUSED,BEFORE_SPEAKING,WHEN_SPEAKING,WHEN_GREETING,WHEN_BORED,WHEN_ANNOYED,WHEN_SITTING,AFTER_STANDING	
0x1410e3280	0x1410e80da	0x1415fd968	.  	literal	initial pronoun/space	
0x1410e3280	0x1410e3444	0x1410e80d4		empty-branch	NONE(-1)	all
0x1410e3280	0x1410e345a	-	{p} usually speaks in a whisper	sentence-branch	0:TALKS_WHISPERS	NONE,WHEN_EXCITED,WHEN_SURPRISED,WHEN_EXASPERATED,WHEN_CONVERSATION_PAUSED,BEFORE_SPEAKING,WHEN_SPEAKING,WHEN_GREETING,WHEN_BORED,WHEN_ANNOYED,WHEN_SITTING,AFTER_STANDING
0x1410e3280	0x1410e345a	-	{p} begins to talk in a hushed whisper when {p} is angry	sentence-branch	0:TALKS_WHISPERS	WHEN_ANGRY
0x1410e3280	0x1410e345a	-	{p} starts to whisper when {p} is trying to remember something	sentence-branch	0:TALKS_WHISPERS	WHEN_TRYING_TO_REMEMBER
0x1410e3280	0x1410e345a	-	{p} whispers when {p}'s nervous	sentence-branch	0:TALKS_WHISPERS	WHEN_NERVOUS
0x1410e3280	0x1410e345a	-	{p} whispers when {p} is thinking hard about something	sentence-branch	0:TALKS_WHISPERS	WHEN_THINKING
0x1410e3280	0x1410e3527	-	{p} speaks very quietly	sentence-branch	1:TALKS_QUIETLY	NONE,WHEN_TRYING_TO_REMEMBER,WHEN_EXCITED,WHEN_SURPRISED,WHEN_THINKING,WHEN_EXASPERATED,WHEN_CONVERSATION_PAUSED,BEFORE_SPEAKING,WHEN_SPEAKING,WHEN_GREETING,WHEN_BORED,WHEN_ANNOYED,WHEN_SITTING,AFTER_STANDING
0x1410e3280	0x1410e3527	-	{p} talks very quietly when {p} is angry	sentence-branch	1:TALKS_QUIETLY	WHEN_ANGRY
0x1410e3280	0x1410e3527	-	{p} keeps {p} voice very quiet when {p} is nervous	sentence-branch	1:TALKS_QUIETLY	WHEN_NERVOUS
0x1410e3280	0x1410e35ec	-	{p} speaks very loudly	sentence-branch	2:TALKS_LOUDLY	NONE,WHEN_TRYING_TO_REMEMBER,WHEN_THINKING,WHEN_CONVERSATION_PAUSED,BEFORE_SPEAKING,WHEN_SPEAKING,WHEN_BORED,WHEN_SITTING,AFTER_STANDING
0x1410e3280	0x1410e35ec	-	{p} starts yelling whenever {p} gets angry	sentence-branch	2:TALKS_LOUDLY	WHEN_ANGRY
0x1410e3280	0x1410e35ec	-	{p} begins to talk louder when {p} is nervous	sentence-branch	2:TALKS_LOUDLY	WHEN_NERVOUS
0x1410e3280	0x1410e35ec	-	{p} talks very loudly when {p} is excited	sentence-branch	2:TALKS_LOUDLY	WHEN_EXCITED
0x1410e3280	0x1410e35ec	-	{p} shouts when {p} is {p} surprised	sentence-branch	2:TALKS_LOUDLY	WHEN_SURPRISED
0x1410e3280	0x1410e35ec	-	{p} talks very loudly whenever {p} is exasperated	sentence-branch	2:TALKS_LOUDLY	WHEN_EXASPERATED
0x1410e3280	0x1410e35ec	-	{p} greets others very loudly	sentence-branch	2:TALKS_LOUDLY	WHEN_GREETING
0x1410e3280	0x1410e35ec	-	{p} talks very loudly whenever {p} is annoyed	sentence-branch	2:TALKS_LOUDLY	WHEN_ANNOYED
0x1410e3280	0x1410e37cc	-	{p} has a very monotonous way of speaking	sentence-branch	3:TALKS_MONOTONE	NONE,WHEN_TRYING_TO_REMEMBER,WHEN_NERVOUS,WHEN_EXCITED,WHEN_SURPRISED,WHEN_THINKING,WHEN_CONVERSATION_PAUSED,BEFORE_SPEAKING,WHEN_SPEAKING,WHEN_GREETING,WHEN_SITTING,AFTER_STANDING
0x1410e3280	0x1410e37cc	-	{p} begins speaking in a monotone whenever {p} is angered	sentence-branch	3:TALKS_MONOTONE	WHEN_ANGRY
0x1410e3280	0x1410e37cc	-	{p} starts to drone when {p} is exasperated	sentence-branch	3:TALKS_MONOTONE	WHEN_EXASPERATED
0x1410e3280	0x1410e37cc	-	{p} begins to talk in a monotone when {p} is bored	sentence-branch	3:TALKS_MONOTONE	WHEN_BORED
0x1410e3280	0x1410e37cc	-	{p} speaks in a monotone when {p} is annoyed	sentence-branch	3:TALKS_MONOTONE	WHEN_ANNOYED
0x1410e3280	0x1410e3882	-	{p} voice has a tendency to trail off when {p}'s speaking	sentence-branch	4:TALKS_TRAILS_OFF	NONE,WHEN_ANGRY,WHEN_NERVOUS,WHEN_EXCITED,WHEN_SURPRISED,WHEN_EXASPERATED,WHEN_CONVERSATION_PAUSED,BEFORE_SPEAKING,WHEN_SPEAKING,WHEN_GREETING,WHEN_BORED,WHEN_ANNOYED,WHEN_SITTING,AFTER_STANDING
0x1410e3280	0x1410e3882	-	{p} voice trails off whenever {p} tries to remember something	sentence-branch	4:TALKS_TRAILS_OFF	WHEN_TRYING_TO_REMEMBER
0x1410e3280	0x1410e3882	-	{p} voice trails off when {p} is thinking about something	sentence-branch	4:TALKS_TRAILS_OFF	WHEN_THINKING
0x1410e3280	0x1410e391c	-	{p} generally speaks very slowly	sentence-branch	5:TALKS_SLOWLY	NONE,WHEN_TRYING_TO_REMEMBER,WHEN_NERVOUS,WHEN_EXCITED,WHEN_SURPRISED,WHEN_THINKING,WHEN_CONVERSATION_PAUSED,BEFORE_SPEAKING,WHEN_SPEAKING,WHEN_GREETING,WHEN_BORED,WHEN_SITTING,AFTER_STANDING
0x1410e3280	0x1410e391c	-	{p} begins to talk more slowly when {p}'s angry	sentence-branch	5:TALKS_SLOWLY	WHEN_ANGRY
0x1410e3280	0x1410e391c	-	{p} begins to talk much more slowly when {p}'s exasperated	sentence-branch	5:TALKS_SLOWLY	WHEN_EXASPERATED
0x1410e3280	0x1410e391c	-	When {p}'s annoyed, {p} starts to talk slowly	sentence-branch	5:TALKS_SLOWLY	WHEN_ANNOYED
0x1410e3280	0x1410e3a15	-	{p} usually talks very quickly	sentence-branch	6:TALKS_RAPIDLY	NONE,WHEN_TRYING_TO_REMEMBER,WHEN_THINKING,WHEN_EXASPERATED,WHEN_CONVERSATION_PAUSED,BEFORE_SPEAKING,WHEN_SPEAKING,WHEN_GREETING,WHEN_BORED,WHEN_ANNOYED,WHEN_SITTING,AFTER_STANDING
0x1410e3280	0x1410e3a15	-	{p} begins to talk rapidly when {p} gets angry	sentence-branch	6:TALKS_RAPIDLY	WHEN_ANGRY
0x1410e3280	0x1410e3a15	-	{p} talks very quickly when {p}'s nervous	sentence-branch	6:TALKS_RAPIDLY	WHEN_NERVOUS
0x1410e3280	0x1410e3a15	-	{p} speaks rapidly when {p}'s excited	sentence-branch	6:TALKS_RAPIDLY	WHEN_EXCITED
0x1410e3280	0x1410e3a15	-	{p} talks very rapidly after {p}'s been surprised	sentence-branch	6:TALKS_RAPIDLY	WHEN_SURPRISED
0x1410e3280	0x1410e3acb	-	{p} tends to speak very deliberately	sentence-branch	7:TALKS_DELIBERATELY	NONE,WHEN_TRYING_TO_REMEMBER,WHEN_NERVOUS,WHEN_EXCITED,WHEN_SURPRISED,WHEN_THINKING,WHEN_CONVERSATION_PAUSED,BEFORE_SPEAKING,WHEN_SPEAKING,WHEN_GREETING,WHEN_BORED,WHEN_SITTING,AFTER_STANDING
0x1410e3280	0x1410e3acb	-	{p} speaks very deliberately when {p}'s angry	sentence-branch	7:TALKS_DELIBERATELY	WHEN_ANGRY
0x1410e3280	0x1410e3acb	-	When {p} becomes exasperated, {p} begins to speak very deliberately	sentence-branch	7:TALKS_DELIBERATELY	WHEN_EXASPERATED
0x1410e3280	0x1410e3acb	-	{p} speaks very deliberately when {p}'s annoyed	sentence-branch	7:TALKS_DELIBERATELY	WHEN_ANNOYED
0x1410e3280	0x1410e3bbf	-	{p} constantly mutters under {p} breath	sentence-branch	8:TALKS_MUTTERS_UNDER_BREATH	NONE,WHEN_SURPRISED,BEFORE_SPEAKING,WHEN_SPEAKING,WHEN_GREETING,WHEN_SITTING,AFTER_STANDING
0x1410e3280	0x1410e3bbf	-	{p} mutters under {p} breath when {p}'s angry	sentence-branch	8:TALKS_MUTTERS_UNDER_BREATH	WHEN_ANGRY
0x1410e3280	0x1410e3bbf	-	{p} mutters under {p} breath when {p}'s trying to remember something	sentence-branch	8:TALKS_MUTTERS_UNDER_BREATH	WHEN_TRYING_TO_REMEMBER
0x1410e3280	0x1410e3bbf	-	{p} mutters under {p} breath when {p}'s nervous	sentence-branch	8:TALKS_MUTTERS_UNDER_BREATH	WHEN_NERVOUS
0x1410e3280	0x1410e3bbf	-	{p} starts to mutter under {p} breath when {p} gets excited	sentence-branch	8:TALKS_MUTTERS_UNDER_BREATH	WHEN_EXCITED
0x1410e3280	0x1410e3bbf	-	{p} mutters under {p} breath when {p}'s thinking	sentence-branch	8:TALKS_MUTTERS_UNDER_BREATH	WHEN_THINKING
0x1410e3280	0x1410e3bbf	-	When {p} becomes exasperated, {p} starts to mutter under {p} breath	sentence-branch	8:TALKS_MUTTERS_UNDER_BREATH	WHEN_EXASPERATED
0x1410e3280	0x1410e3bbf	-	Whenever there's a pause in a conversation, {p} starts to mutter under {p} breath	sentence-branch	8:TALKS_MUTTERS_UNDER_BREATH	WHEN_CONVERSATION_PAUSED
0x1410e3280	0x1410e3bbf	-	{p} mutters under {p} breath when {p}'s bored	sentence-branch	8:TALKS_MUTTERS_UNDER_BREATH	WHEN_BORED
0x1410e3280	0x1410e3bbf	-	{p} mutters under {p} breath when {p}'s annoyed	sentence-branch	8:TALKS_MUTTERS_UNDER_BREATH	WHEN_ANNOYED
0x1410e3280	0x1410e3f0b	-	{p} stutters occasionally	sentence-branch	9:TALKS_STUTTERS	NONE,WHEN_TRYING_TO_REMEMBER,WHEN_THINKING,WHEN_CONVERSATION_PAUSED,BEFORE_SPEAKING,WHEN_SPEAKING,WHEN_GREETING,WHEN_BORED,WHEN_SITTING,AFTER_STANDING
0x1410e3280	0x1410e3f0b	-	{p} starts to stutter when {p} gets angry	sentence-branch	9:TALKS_STUTTERS	WHEN_ANGRY
0x1410e3280	0x1410e3f0b	-	{p} always stutters when {p}'s nervous	sentence-branch	9:TALKS_STUTTERS	WHEN_NERVOUS
0x1410e3280	0x1410e3f0b	-	{p} stammers when {p}'s excited	sentence-branch	9:TALKS_STUTTERS	WHEN_EXCITED
0x1410e3280	0x1410e3f0b	-	{p} starts to stutter when {p}'s surprised	sentence-branch	9:TALKS_STUTTERS	WHEN_SURPRISED
0x1410e3280	0x1410e3f0b	-	{p} begins to stammer when {p} becomes exasperated	sentence-branch	9:TALKS_STUTTERS	WHEN_EXASPERATED
0x1410e3280	0x1410e3f0b	-	{p} stammers when {p}'s annoyed	sentence-branch	9:TALKS_STUTTERS	WHEN_ANNOYED
0x1410e3280	0x1410e40ae	-	{p} has a tendency to talk to inanimate objects	sentence-branch	10:TALKS_TO_INANIMATE_OBJECTS	NONE,WHEN_ANGRY,WHEN_EXCITED,WHEN_SURPRISED,WHEN_EXASPERATED,BEFORE_SPEAKING,WHEN_SPEAKING,WHEN_GREETING,WHEN_ANNOYED,WHEN_SITTING,AFTER_STANDING
0x1410e3280	0x1410e40ae	-	{p} talks to inanimate objects when {p}'s trying to remember something	sentence-branch	10:TALKS_TO_INANIMATE_OBJECTS	WHEN_TRYING_TO_REMEMBER
0x1410e3280	0x1410e40ae	-	{p} often talks to inanimate objects when {p}'s nervous	sentence-branch	10:TALKS_TO_INANIMATE_OBJECTS	WHEN_NERVOUS
0x1410e3280	0x1410e40ae	-	{p} talks to inanimate objects when {p}'s thinking	sentence-branch	10:TALKS_TO_INANIMATE_OBJECTS	WHEN_THINKING
0x1410e3280	0x1410e40ae	-	{p} talks to inanimate objects when there is a lull in the conversation	sentence-branch	10:TALKS_TO_INANIMATE_OBJECTS	WHEN_CONVERSATION_PAUSED
0x1410e3280	0x1410e40ae	-	When {p} gets bored, {p} starts talking to inanimate objects	sentence-branch	10:TALKS_TO_INANIMATE_OBJECTS	WHEN_BORED
0x1410e3280	0x1410e41a2	-	{p} talks to {p} all of the time	sentence-branch	11:TALKS_TO_SELF	NONE,WHEN_SURPRISED,BEFORE_SPEAKING,WHEN_SPEAKING,WHEN_GREETING,WHEN_SITTING,AFTER_STANDING
0x1410e3280	0x1410e41a2	-	{p} talks to {p} when {p}'s angry	sentence-branch	11:TALKS_TO_SELF	WHEN_ANGRY
0x1410e3280	0x1410e41a2	-	{p} talks to {p} when {p}'s trying to remember something	sentence-branch	11:TALKS_TO_SELF	WHEN_TRYING_TO_REMEMBER
0x1410e3280	0x1410e41a2	-	{p} talks to {p} when {p}'s nervous	sentence-branch	11:TALKS_TO_SELF	WHEN_NERVOUS
0x1410e3280	0x1410e41a2	-	When {p} gets excited, {p} often starts talking to {p}	sentence-branch	11:TALKS_TO_SELF	WHEN_EXCITED
0x1410e3280	0x1410e41a2	-	{p} talks to {p} when {p}'s thinking	sentence-branch	11:TALKS_TO_SELF	WHEN_THINKING
0x1410e3280	0x1410e41a2	-	{p} starts talking to {p} when {p} becomes exasperated	sentence-branch	11:TALKS_TO_SELF	WHEN_EXASPERATED
0x1410e3280	0x1410e41a2	-	When there's a pause in a conversation, {p} often starts talking to {p}	sentence-branch	11:TALKS_TO_SELF	WHEN_CONVERSATION_PAUSED
0x1410e3280	0x1410e41a2	-	{p} talks to {p} whenever {p} gets bored	sentence-branch	11:TALKS_TO_SELF	WHEN_BORED
0x1410e3280	0x1410e41a2	-	{p} talks to {p} when {p}'s annoyed	sentence-branch	11:TALKS_TO_SELF	WHEN_ANNOYED
0x1410e3280	0x1410e4488	-	{p} tends to be easily distracted during conversations	sentence-branch	12:CONVERSATION_DISTRACTED_EASILY	NONE,WHEN_SURPRISED,WHEN_THINKING,WHEN_CONVERSATION_PAUSED,BEFORE_SPEAKING,WHEN_SPEAKING,WHEN_GREETING,WHEN_SITTING,AFTER_STANDING
0x1410e3280	0x1410e4488	-	{p} gets distracted from conversations easily when {p}'s angry	sentence-branch	12:CONVERSATION_DISTRACTED_EASILY	WHEN_ANGRY
0x1410e3280	0x1410e4488	-	{p} is distracted from conversations easily when {p}'s trying to remember something	sentence-branch	12:CONVERSATION_DISTRACTED_EASILY	WHEN_TRYING_TO_REMEMBER
0x1410e3280	0x1410e4488	-	{p} gets distracted during conversations when {p}'s nervous	sentence-branch	12:CONVERSATION_DISTRACTED_EASILY	WHEN_NERVOUS
0x1410e3280	0x1410e4488	-	{p} gets distracted during conversations when {p}'s excited	sentence-branch	12:CONVERSATION_DISTRACTED_EASILY	WHEN_EXCITED
0x1410e3280	0x1410e4488	-	{p} gets distracted during conversations when {p}'s exasperated	sentence-branch	12:CONVERSATION_DISTRACTED_EASILY	WHEN_EXASPERATED
0x1410e3280	0x1410e4488	-	{p} is easily distracted during conversations when {p}'s bored	sentence-branch	12:CONVERSATION_DISTRACTED_EASILY	WHEN_BORED
0x1410e3280	0x1410e4488	-	{p} gets easily distracted during conversations when {p}'s annoyed	sentence-branch	12:CONVERSATION_DISTRACTED_EASILY	WHEN_ANNOYED
0x1410e3280	0x1410e4620	-	{p} will frequently ramble on with stories that don't have any point or even conclusion	sentence-branch	13:CONVERSATION_POINTLESS_STORIES	NONE,WHEN_ANGRY,WHEN_TRYING_TO_REMEMBER,WHEN_SURPRISED,WHEN_THINKING,WHEN_EXASPERATED,WHEN_CONVERSATION_PAUSED,BEFORE_SPEAKING,WHEN_SPEAKING,WHEN_GREETING,WHEN_ANNOYED,WHEN_SITTING,AFTER_STANDING
0x1410e3280	0x1410e4620	-	{p} often tells pointless stories when {p}'s nervous	sentence-branch	13:CONVERSATION_POINTLESS_STORIES	WHEN_NERVOUS
0x1410e3280	0x1410e4620	-	When {p} gets excited, {p} often tells stories without any real point	sentence-branch	13:CONVERSATION_POINTLESS_STORIES	WHEN_EXCITED
0x1410e3280	0x1410e4620	-	{p} quite often tells pointless stories when {p}'s bored	sentence-branch	13:CONVERSATION_POINTLESS_STORIES	WHEN_BORED
0x1410e3280	0x1410e4718	-	{p} tends to be very focused during conversations	sentence-branch	14:CONVERSATION_VERY_FOCUSED	NONE,WHEN_NERVOUS,WHEN_EXCITED,WHEN_SURPRISED,WHEN_THINKING,WHEN_EXASPERATED,WHEN_CONVERSATION_PAUSED,BEFORE_SPEAKING,WHEN_SPEAKING,WHEN_GREETING,WHEN_BORED,WHEN_ANNOYED,WHEN_SITTING,AFTER_STANDING
0x1410e3280	0x1410e4718	-	{p} becomes very focused during conversations when {p}'s angry	sentence-branch	14:CONVERSATION_VERY_FOCUSED	WHEN_ANGRY
0x1410e3280	0x1410e4718	-	{p} becomes very focused during conversations when {p}'s trying to remember something	sentence-branch	14:CONVERSATION_VERY_FOCUSED	WHEN_TRYING_TO_REMEMBER
0x1410e3280	0x1410e47ae	-	{p} will often pause in conversation to look for the right word	sentence-branch	15:CONVERSATION_LOOKS_FOR_RIGHT_WORD	NONE,WHEN_ANGRY,WHEN_TRYING_TO_REMEMBER,WHEN_NERVOUS,WHEN_EXCITED,WHEN_SURPRISED,WHEN_THINKING,WHEN_EXASPERATED,WHEN_CONVERSATION_PAUSED,BEFORE_SPEAKING,WHEN_SPEAKING,WHEN_GREETING,WHEN_BORED,WHEN_ANNOYED,WHEN_SITTING,AFTER_STANDING
0x1410e3280	0x1410e47cd	-	{p} often touches those to whom {p} is speaking	sentence-branch	16:CONVERSATION_TOUCHES	NONE,WHEN_ANGRY,WHEN_TRYING_TO_REMEMBER,WHEN_SURPRISED,WHEN_THINKING,WHEN_EXASPERATED,WHEN_CONVERSATION_PAUSED,BEFORE_SPEAKING,WHEN_SPEAKING,WHEN_BORED,WHEN_ANNOYED,WHEN_SITTING,AFTER_STANDING
0x1410e3280	0x1410e47cd	-	{p} often touches others during conversations when {p}'s nervous	sentence-branch	16:CONVERSATION_TOUCHES	WHEN_NERVOUS
0x1410e3280	0x1410e47cd	-	{p} often touches others during conversations when {p}'s excited	sentence-branch	16:CONVERSATION_TOUCHES	WHEN_EXCITED
0x1410e3280	0x1410e47cd	-	{p} will often touch others when greeting them	sentence-branch	16:CONVERSATION_TOUCHES	WHEN_GREETING
0x1410e3280	0x1410e48ac	-	{p} has a way of arguing with those that are in agreement with {p}	sentence-branch	17:CONVERSATION_ARGUES_IN_AGREEMENT	NONE,WHEN_ANGRY,WHEN_TRYING_TO_REMEMBER,WHEN_NERVOUS,WHEN_EXCITED,WHEN_SURPRISED,WHEN_THINKING,WHEN_EXASPERATED,WHEN_CONVERSATION_PAUSED,BEFORE_SPEAKING,WHEN_SPEAKING,WHEN_GREETING,WHEN_BORED,WHEN_ANNOYED,WHEN_SITTING,AFTER_STANDING
0x1410e3280	0x1410e48df	-	{p} can't stand quiet pauses in conversations and always finds something to say	sentence-branch	18:CONVERSATION_FILLS_QUIET_PAUSES	NONE,WHEN_ANGRY,WHEN_TRYING_TO_REMEMBER,WHEN_EXCITED,WHEN_SURPRISED,WHEN_THINKING,WHEN_EXASPERATED,WHEN_CONVERSATION_PAUSED,BEFORE_SPEAKING,WHEN_SPEAKING,WHEN_GREETING,WHEN_BORED,WHEN_ANNOYED,WHEN_SITTING,AFTER_STANDING
0x1410e3280	0x1410e48df	-	When {p} is nervous, {p} never allows pauses to occur in conversation	sentence-branch	18:CONVERSATION_FILLS_QUIET_PAUSES	WHEN_NERVOUS
0x1410e3280	0x1410e4956	-	{p} pauses before speaking	sentence-branch	19:CONVERSATION_PAUSES_BEFORE_SPEAKING	NONE,WHEN_ANGRY,WHEN_TRYING_TO_REMEMBER,WHEN_NERVOUS,WHEN_EXCITED,WHEN_SURPRISED,WHEN_THINKING,WHEN_EXASPERATED,WHEN_CONVERSATION_PAUSED,BEFORE_SPEAKING,WHEN_SPEAKING,WHEN_GREETING,WHEN_BORED,WHEN_ANNOYED,WHEN_SITTING,AFTER_STANDING
0x1410e3280	0x1410e4975	-	{p} talks about others behind their backs	sentence-branch	20:CONVERSATION_TALKS_ABOUT_OTHERS_BEHIND_BACK	NONE,WHEN_ANGRY,WHEN_TRYING_TO_REMEMBER,WHEN_NERVOUS,WHEN_EXCITED,WHEN_SURPRISED,WHEN_THINKING,WHEN_EXASPERATED,WHEN_CONVERSATION_PAUSED,BEFORE_SPEAKING,WHEN_SPEAKING,WHEN_GREETING,WHEN_BORED,WHEN_ANNOYED,WHEN_SITTING,AFTER_STANDING
0x1410e3280	0x1410e4994	-	{p} has a habit of interrupting speakers	sentence-branch	21:CONVERSATION_INTERRUPTS_OTHERS	NONE,WHEN_SURPRISED,WHEN_THINKING,WHEN_CONVERSATION_PAUSED,BEFORE_SPEAKING,WHEN_SPEAKING,WHEN_GREETING,WHEN_BORED,WHEN_SITTING,AFTER_STANDING
0x1410e3280	0x1410e4994	-	{p} interrupts others during conversations when {p} is angry	sentence-branch	21:CONVERSATION_INTERRUPTS_OTHERS	WHEN_ANGRY
0x1410e3280	0x1410e4994	-	{p} tends to interrupts others during conversations when {p} is trying to remember something	sentence-branch	21:CONVERSATION_INTERRUPTS_OTHERS	WHEN_TRYING_TO_REMEMBER
0x1410e3280	0x1410e4994	-	When {p} is nervous, {p} often interrupts others during conversations	sentence-branch	21:CONVERSATION_INTERRUPTS_OTHERS	WHEN_NERVOUS
0x1410e3280	0x1410e4994	-	When {p} is excited during conversations, {p} often can't help interrupting others	sentence-branch	21:CONVERSATION_INTERRUPTS_OTHERS	WHEN_EXCITED
0x1410e3280	0x1410e4994	-	{p} interrupts others during conversations when {p} is exasperated	sentence-branch	21:CONVERSATION_INTERRUPTS_OTHERS	WHEN_EXASPERATED
0x1410e3280	0x1410e4994	-	{p} interrupts others during conversations when {p} is annoyed	sentence-branch	21:CONVERSATION_INTERRUPTS_OTHERS	WHEN_ANNOYED
0x1410e3280	0x1410e4b55	-	{p} gives incredibly vague answers to questions	sentence-branch	22:CONVERSATION_VAGUE_ANSWERS	NONE,WHEN_ANGRY,WHEN_TRYING_TO_REMEMBER,WHEN_NERVOUS,WHEN_EXCITED,WHEN_SURPRISED,WHEN_THINKING,WHEN_EXASPERATED,WHEN_CONVERSATION_PAUSED,BEFORE_SPEAKING,WHEN_SPEAKING,WHEN_GREETING,WHEN_BORED,WHEN_ANNOYED,WHEN_SITTING,AFTER_STANDING
0x1410e3280	0x1410e4b74	-	{p} will without fail turn any conversation to {p}	sentence-branch	23:CONVERSATION_TURN_TO_SELF	NONE,WHEN_ANGRY,WHEN_TRYING_TO_REMEMBER,WHEN_NERVOUS,WHEN_EXCITED,WHEN_SURPRISED,WHEN_THINKING,WHEN_EXASPERATED,WHEN_CONVERSATION_PAUSED,BEFORE_SPEAKING,WHEN_SPEAKING,WHEN_GREETING,WHEN_BORED,WHEN_ANNOYED,WHEN_SITTING,AFTER_STANDING
0x1410e3280	0x1410e4ba7	-	{p} rarely speaks	sentence-branch	24:CONVERSATION_RARELY_SPEAKS	NONE,WHEN_TRYING_TO_REMEMBER,WHEN_SURPRISED,WHEN_THINKING,WHEN_CONVERSATION_PAUSED,BEFORE_SPEAKING,WHEN_SPEAKING,WHEN_GREETING,WHEN_BORED,WHEN_SITTING,AFTER_STANDING
0x1410e3280	0x1410e4ba7	-	{p} rarely speaks when {p}'s angry	sentence-branch	24:CONVERSATION_RARELY_SPEAKS	WHEN_ANGRY
0x1410e3280	0x1410e4ba7	-	When {p}'s nervous, {p} rarely talks	sentence-branch	24:CONVERSATION_RARELY_SPEAKS	WHEN_NERVOUS
0x1410e3280	0x1410e4ba7	-	{p} has trouble speaking when {p}'s excited	sentence-branch	24:CONVERSATION_RARELY_SPEAKS	WHEN_EXCITED
0x1410e3280	0x1410e4ba7	-	{p} rarely speaks when {p}'s exasperated	sentence-branch	24:CONVERSATION_RARELY_SPEAKS	WHEN_EXASPERATED
0x1410e3280	0x1410e4ba7	-	{p} rarely speaks when {p}'s annoyed	sentence-branch	24:CONVERSATION_RARELY_SPEAKS	WHEN_ANNOYED
0x1410e3280	0x1410e4d1c	-	{p} rarely starts conversations	sentence-branch	25:CONVERSATION_RARELY_STARTS	NONE,WHEN_ANGRY,WHEN_TRYING_TO_REMEMBER,WHEN_NERVOUS,WHEN_EXCITED,WHEN_SURPRISED,WHEN_THINKING,WHEN_EXASPERATED,WHEN_CONVERSATION_PAUSED,BEFORE_SPEAKING,WHEN_SPEAKING,WHEN_GREETING,WHEN_BORED,WHEN_ANNOYED,WHEN_SITTING,AFTER_STANDING
0x1410e3280	0x1410e4d3b	-	{p} has the habit of answering questions with questions	sentence-branch	26:CONVERSATION_QUESTION_WITH_QUESTION	NONE,WHEN_ANGRY,WHEN_TRYING_TO_REMEMBER,WHEN_NERVOUS,WHEN_EXCITED,WHEN_SURPRISED,WHEN_THINKING,WHEN_EXASPERATED,WHEN_CONVERSATION_PAUSED,BEFORE_SPEAKING,WHEN_SPEAKING,WHEN_GREETING,WHEN_BORED,WHEN_ANNOYED,WHEN_SITTING,AFTER_STANDING
0x1410e3280	0x1410e4d5a	-	{p} has a habit of snapping {p} {b1}	sentence-branch	27:FINGERS_SNAPS	NONE,WHEN_ANGRY,WHEN_SURPRISED,WHEN_THINKING,WHEN_EXASPERATED,WHEN_CONVERSATION_PAUSED,BEFORE_SPEAKING,WHEN_SPEAKING,WHEN_ANNOYED,WHEN_SITTING,AFTER_STANDING
0x1410e3280	0x1410e4d5a	-	{p} repeatedly snaps {p} {b1} when {p} is trying to remember something	sentence-branch	27:FINGERS_SNAPS	WHEN_TRYING_TO_REMEMBER
0x1410e3280	0x1410e4d5a	-	{p} often snaps {p} {b1} when {p}'s nervous	sentence-branch	27:FINGERS_SNAPS	WHEN_NERVOUS
0x1410e3280	0x1410e4d5a	-	{p} snaps {p} {b1} repeatedly when {p}'s excited	sentence-branch	27:FINGERS_SNAPS	WHEN_EXCITED
0x1410e3280	0x1410e4d5a	-	{p} always snaps {p} {b1} when {p}'s greeting somebody	sentence-branch	27:FINGERS_SNAPS	WHEN_GREETING
0x1410e3280	0x1410e4d5a	-	{p} often snaps {p} {b1} when {p}'s bored	sentence-branch	27:FINGERS_SNAPS	WHEN_BORED
0x1410e3280	0x1410e4fcf	-	{p} has a habit of drumming {p} {b1}	sentence-branch	28:FINGERS_DRUMS	NONE,WHEN_ANGRY,WHEN_SURPRISED,WHEN_EXASPERATED,WHEN_CONVERSATION_PAUSED,BEFORE_SPEAKING,WHEN_SPEAKING,WHEN_GREETING,WHEN_BORED,WHEN_ANNOYED,AFTER_STANDING
0x1410e3280	0x1410e4fcf	-	{p} drums {p} {b1} when {p}'s trying to remember something	sentence-branch	28:FINGERS_DRUMS	WHEN_TRYING_TO_REMEMBER
0x1410e3280	0x1410e4fcf	-	When {p}'s nervous, {p} often drums {p} {b1}	sentence-branch	28:FINGERS_DRUMS	WHEN_NERVOUS
0x1410e3280	0x1410e4fcf	-	When {p} gets excited, {p}'s easy to tell because {p} drums {p} {b1}	sentence-branch	28:FINGERS_DRUMS	WHEN_EXCITED
0x1410e3280	0x1410e4fcf	-	{p} drums {p} {b1} when {p}'s thinking	sentence-branch	28:FINGERS_DRUMS	WHEN_THINKING
0x1410e3280	0x1410e4fcf	-	{p} drums {p} {b1} whenever {p}'s sitting down	sentence-branch	28:FINGERS_DRUMS	WHEN_SITTING
0x1410e3280	0x1410e5253	-	{p} has a habit of scratching {p} {b2}	sentence-branch	29:FINGERS_SCRATCHES_NOSE	NONE,WHEN_ANGRY,WHEN_EXCITED,WHEN_SURPRISED,WHEN_EXASPERATED,WHEN_CONVERSATION_PAUSED,BEFORE_SPEAKING,WHEN_SPEAKING,WHEN_GREETING,WHEN_ANNOYED,WHEN_SITTING,AFTER_STANDING
0x1410e3280	0x1410e5253	-	{p} scratches {p} {b2} when {p}'s trying to remember something	sentence-branch	29:FINGERS_SCRATCHES_NOSE	WHEN_TRYING_TO_REMEMBER
0x1410e3280	0x1410e5253	-	{p} scratches {p} {b2} when {p}'s nervous	sentence-branch	29:FINGERS_SCRATCHES_NOSE	WHEN_NERVOUS
0x1410e3280	0x1410e5253	-	{p} scratches {p} {b2} when {p}'s thinking	sentence-branch	29:FINGERS_SCRATCHES_NOSE	WHEN_THINKING
0x1410e3280	0x1410e5253	-	When {p}'s bored, {p} often scratches {p} {b2}	sentence-branch	29:FINGERS_SCRATCHES_NOSE	WHEN_BORED
0x1410e3280	0x1410e53fc	-	{p} tends to scratch {p} {b3} quite often	sentence-branch	30:FINGERS_SCRATCHES_EAR	NONE,WHEN_ANGRY,WHEN_EXCITED,WHEN_SURPRISED,WHEN_EXASPERATED,WHEN_CONVERSATION_PAUSED,BEFORE_SPEAKING,WHEN_SPEAKING,WHEN_GREETING,WHEN_ANNOYED,WHEN_SITTING,AFTER_STANDING
0x1410e3280	0x1410e53fc	-	{p} scratches {p} {b3} when {p}'s trying to remember something	sentence-branch	30:FINGERS_SCRATCHES_EAR	WHEN_TRYING_TO_REMEMBER
0x1410e3280	0x1410e53fc	-	{p} scratches {p} {b3} when {p}'s nervous	sentence-branch	30:FINGERS_SCRATCHES_EAR	WHEN_NERVOUS
0x1410e3280	0x1410e53fc	-	{p} scratches {p} {b3} when {p}'s thinking	sentence-branch	30:FINGERS_SCRATCHES_EAR	WHEN_THINKING
0x1410e3280	0x1410e53fc	-	{p} scratches {p} {b3} whenever {p}'s bored	sentence-branch	30:FINGERS_SCRATCHES_EAR	WHEN_BORED
0x1410e3280	0x1410e55a0	-	{p} tends to scratch {p} {b4} a lot	sentence-branch	31:FINGERS_SCRATCHES_HEAD	NONE,WHEN_ANGRY,WHEN_EXCITED,WHEN_SURPRISED,WHEN_EXASPERATED,WHEN_CONVERSATION_PAUSED,BEFORE_SPEAKING,WHEN_SPEAKING,WHEN_GREETING,WHEN_ANNOYED,WHEN_SITTING,AFTER_STANDING
0x1410e3280	0x1410e55a0	-	{p} always scratches {p} {b4} when {p}'s trying to remember something	sentence-branch	31:FINGERS_SCRATCHES_HEAD	WHEN_TRYING_TO_REMEMBER
0x1410e3280	0x1410e55a0	-	{p} scratches {p} {b4} when {p}'s nervous	sentence-branch	31:FINGERS_SCRATCHES_HEAD	WHEN_NERVOUS
0x1410e3280	0x1410e55a0	-	{p} scratches {p} {b4} when {p}'s thinking	sentence-branch	31:FINGERS_SCRATCHES_HEAD	WHEN_THINKING
0x1410e3280	0x1410e55a0	-	{p} scratches {p} {b4} when {p}'s bored	sentence-branch	31:FINGERS_SCRATCHES_HEAD	WHEN_BORED
0x1410e3280	0x1410e5711	-	{p} often rubs {p} {b5}	sentence-branch	32:FINGERS_RUBS_EYES	NONE,WHEN_ANGRY,WHEN_TRYING_TO_REMEMBER,WHEN_NERVOUS,WHEN_EXCITED,WHEN_SURPRISED,WHEN_THINKING,WHEN_EXASPERATED,WHEN_CONVERSATION_PAUSED,BEFORE_SPEAKING,WHEN_SPEAKING,WHEN_GREETING,WHEN_BORED,WHEN_ANNOYED,WHEN_SITTING,AFTER_STANDING
0x1410e3280	0x1410e5768	-		empty-branch	33:FINGERS_POINT	NONE,WHEN_NERVOUS,WHEN_SURPRISED,WHEN_THINKING,WHEN_CONVERSATION_PAUSED,BEFORE_SPEAKING,WHEN_SPEAKING,WHEN_BORED,WHEN_ANNOYED,WHEN_SITTING,AFTER_STANDING
0x1410e3280	0x1410e5768	-	{p} points and shakes {p} {b0} when {p}'s angry	sentence-branch	33:FINGERS_POINT	WHEN_ANGRY
0x1410e3280	0x1410e5768	-	{p} shakes {p} {b0} up and down when {p}'s trying to remember something	sentence-branch	33:FINGERS_POINT	WHEN_TRYING_TO_REMEMBER
0x1410e3280	0x1410e5768	-	{p} shakes {p} {b0} up and down when {p}'s excited	sentence-branch	33:FINGERS_POINT	WHEN_EXCITED
0x1410e3280	0x1410e5768	-	When {p} gets exasperated, {p} often points and shakes {p} {b0}	sentence-branch	33:FINGERS_POINT	WHEN_EXASPERATED
0x1410e3280	0x1410e5768	-	{p} always points at others when greeting them	sentence-branch	33:FINGERS_POINT	WHEN_GREETING
0x1410e3280	0x1410e5967	-	{p} has a habit of running {p} {b1} through {p} {b7}	sentence-branch	34:FINGERS_THROUGH_HAIR	NONE,WHEN_ANGRY,WHEN_EXCITED,WHEN_SURPRISED,WHEN_CONVERSATION_PAUSED,BEFORE_SPEAKING,WHEN_SPEAKING,WHEN_GREETING,WHEN_SITTING,AFTER_STANDING
0x1410e3280	0x1410e5967	-	{p} runs {p} {b1} through {p} {b7} when {p}'s trying to remember something	sentence-branch	34:FINGERS_THROUGH_HAIR	WHEN_TRYING_TO_REMEMBER
0x1410e3280	0x1410e5967	-	{p} runs {p} {b1} through {p} {b7} when {p}'s nervous	sentence-branch	34:FINGERS_THROUGH_HAIR	WHEN_NERVOUS
0x1410e3280	0x1410e5967	-	{p} runs {p} {b1} through {p} {b7} when {p}'s thinking	sentence-branch	34:FINGERS_THROUGH_HAIR	WHEN_THINKING
0x1410e3280	0x1410e5967	-	{p} runs {p} {b1} through {p} {b7} when {p} becomes exasperated	sentence-branch	34:FINGERS_THROUGH_HAIR	WHEN_EXASPERATED
0x1410e3280	0x1410e5967	-	{p} runs {p} {b1} through {p} {b7} when {p}'s bored	sentence-branch	34:FINGERS_THROUGH_HAIR	WHEN_BORED
0x1410e3280	0x1410e5967	-	{p} runs {p} {b1} through {p} {b7} when {p}'s annoyed	sentence-branch	34:FINGERS_THROUGH_HAIR	WHEN_ANNOYED
0x1410e3280	0x1410e5d06	-	{p} occasionally cracks {p} {b8}	sentence-branch	35:FINGERS_KNUCKLE_CRACKS	NONE,WHEN_TRYING_TO_REMEMBER,WHEN_EXCITED,WHEN_SURPRISED,WHEN_EXASPERATED,WHEN_CONVERSATION_PAUSED,BEFORE_SPEAKING,WHEN_SPEAKING,WHEN_GREETING,WHEN_ANNOYED,WHEN_SITTING,AFTER_STANDING
0x1410e3280	0x1410e5d06	-	{p} cracks {p} {b8} when {p}'s angry	sentence-branch	35:FINGERS_KNUCKLE_CRACKS	WHEN_ANGRY
0x1410e3280	0x1410e5d06	-	When {p}'s nervous, {p} sometimes cracks {p} {b8}	sentence-branch	35:FINGERS_KNUCKLE_CRACKS	WHEN_NERVOUS
0x1410e3280	0x1410e5d06	-	{p} often gives {p} {b8} a good crack when {p}'s thinking hard	sentence-branch	35:FINGERS_KNUCKLE_CRACKS	WHEN_THINKING
0x1410e3280	0x1410e5d06	-	{p} cracks {p} {b8} when {p}'s bored	sentence-branch	35:FINGERS_KNUCKLE_CRACKS	WHEN_BORED
0x1410e3280	0x1410e5f64	-	{p} has a very distinct laugh	sentence-branch	36:LAUGHS_VERY_DISTINCTLY	NONE,WHEN_ANGRY,WHEN_TRYING_TO_REMEMBER,WHEN_THINKING,WHEN_CONVERSATION_PAUSED,BEFORE_SPEAKING,WHEN_SPEAKING,WHEN_GREETING,WHEN_BORED,WHEN_SITTING,AFTER_STANDING
0x1410e3280	0x1410e5f64	-	{p} laughs in a unique way when {p}'s nervous	sentence-branch	36:LAUGHS_VERY_DISTINCTLY	WHEN_NERVOUS
0x1410e3280	0x1410e5f64	-	{p} has a very distinct laugh for when {p}'s excited	sentence-branch	36:LAUGHS_VERY_DISTINCTLY	WHEN_EXCITED
0x1410e3280	0x1410e5f64	-	When {p}'s surprised, {p} has a very unique laugh	sentence-branch	36:LAUGHS_VERY_DISTINCTLY	WHEN_SURPRISED
0x1410e3280	0x1410e5f64	-	{p} laughs in a distinct fashion when {p}'s exasperated	sentence-branch	36:LAUGHS_VERY_DISTINCTLY	WHEN_EXASPERATED
0x1410e3280	0x1410e5f64	-	{p} laughs in a unique way whenever {p}'s annoyed	sentence-branch	36:LAUGHS_VERY_DISTINCTLY	WHEN_ANNOYED
0x1410e3280	0x1410e60b7	-	{p} has more a cackle than a laugh	sentence-branch	37:LAUGHS_CACKLES	NONE,WHEN_ANGRY,WHEN_TRYING_TO_REMEMBER,WHEN_EXCITED,WHEN_SURPRISED,WHEN_THINKING,WHEN_EXASPERATED,WHEN_CONVERSATION_PAUSED,BEFORE_SPEAKING,WHEN_SPEAKING,WHEN_GREETING,WHEN_BORED,WHEN_ANNOYED,WHEN_SITTING,AFTER_STANDING
0x1410e3280	0x1410e60b7	-	{p} cackles when {p}'s nervous	sentence-branch	37:LAUGHS_CACKLES	WHEN_NERVOUS
0x1410e3280	0x1410e6114	-	{p} laughs very loudly	sentence-branch	38:LAUGHS_LOUDLY	NONE,WHEN_ANGRY,WHEN_TRYING_TO_REMEMBER,WHEN_THINKING,WHEN_EXASPERATED,WHEN_CONVERSATION_PAUSED,BEFORE_SPEAKING,WHEN_SPEAKING,WHEN_GREETING,WHEN_BORED,WHEN_ANNOYED,WHEN_SITTING,AFTER_STANDING
0x1410e3280	0x1410e6114	-	{p} laughs very loudly whenever {p}'s nervous	sentence-branch	38:LAUGHS_LOUDLY	WHEN_NERVOUS
0x1410e3280	0x1410e6114	-	{p} laughs loudly when {p}'s excited	sentence-branch	38:LAUGHS_LOUDLY	WHEN_EXCITED
0x1410e3280	0x1410e6114	-	{p} laughs very loudly whenever {p}'s surprised	sentence-branch	38:LAUGHS_LOUDLY	WHEN_SURPRISED
0x1410e3280	0x1410e61f3	-	{p} laughs silently	sentence-branch	39:LAUGHS_SILENTLY	NONE,WHEN_ANGRY,WHEN_TRYING_TO_REMEMBER,WHEN_NERVOUS,WHEN_EXCITED,WHEN_SURPRISED,WHEN_THINKING,WHEN_EXASPERATED,WHEN_CONVERSATION_PAUSED,BEFORE_SPEAKING,WHEN_SPEAKING,WHEN_GREETING,WHEN_BORED,WHEN_ANNOYED,WHEN_SITTING,AFTER_STANDING
0x1410e3280	0x1410e6212	-	{p} has a nervous laugh	sentence-branch	40:LAUGHS_NERVOUSLY	NONE,WHEN_ANGRY,WHEN_TRYING_TO_REMEMBER,WHEN_NERVOUS,WHEN_EXCITED,WHEN_SURPRISED,WHEN_THINKING,WHEN_EXASPERATED,WHEN_CONVERSATION_PAUSED,BEFORE_SPEAKING,WHEN_SPEAKING,WHEN_GREETING,WHEN_BORED,WHEN_ANNOYED,WHEN_SITTING,AFTER_STANDING
0x1410e3280	0x1410e6231	-	{p} laughs at {p} own jokes	sentence-branch	41:LAUGHS_AT_OWN_JOKES	NONE,WHEN_ANGRY,WHEN_TRYING_TO_REMEMBER,WHEN_NERVOUS,WHEN_EXCITED,WHEN_SURPRISED,WHEN_THINKING,WHEN_EXASPERATED,WHEN_CONVERSATION_PAUSED,BEFORE_SPEAKING,WHEN_SPEAKING,WHEN_GREETING,WHEN_BORED,WHEN_ANNOYED,WHEN_SITTING,AFTER_STANDING
0x1410e3280	0x1410e6271	-	{p} walks as if in a terrible hurry whenever {p} goes anywhere	sentence-branch	42:WALK_ALWAYS_HURRIES	NONE,WHEN_ANGRY,WHEN_TRYING_TO_REMEMBER,WHEN_NERVOUS,WHEN_EXCITED,WHEN_SURPRISED,WHEN_THINKING,WHEN_EXASPERATED,WHEN_CONVERSATION_PAUSED,BEFORE_SPEAKING,WHEN_SPEAKING,WHEN_GREETING,WHEN_BORED,WHEN_ANNOYED,WHEN_SITTING,AFTER_STANDING
0x1410e3280	0x1410e62b2	-	{p} skips wherever {p} goes	sentence-branch	43:WALK_SKIPS	NONE,WHEN_ANGRY,WHEN_TRYING_TO_REMEMBER,WHEN_NERVOUS,WHEN_SURPRISED,WHEN_THINKING,WHEN_EXASPERATED,WHEN_CONVERSATION_PAUSED,BEFORE_SPEAKING,WHEN_SPEAKING,WHEN_BORED,WHEN_ANNOYED,WHEN_SITTING,AFTER_STANDING
0x1410e3280	0x1410e62b2	-	{p} skips around when {p}'s excited	sentence-branch	43:WALK_SKIPS	WHEN_EXCITED
0x1410e3280	0x1410e62b2	-	{p} skips over to others when {p} meets them	sentence-branch	43:WALK_SKIPS	WHEN_GREETING
0x1410e3280	0x1410e6374	-	{p} walks with a confident stride	sentence-branch	44:WALK_CONFIDENT	NONE,WHEN_ANGRY,WHEN_TRYING_TO_REMEMBER,WHEN_NERVOUS,WHEN_EXCITED,WHEN_SURPRISED,WHEN_THINKING,WHEN_EXASPERATED,WHEN_CONVERSATION_PAUSED,BEFORE_SPEAKING,WHEN_SPEAKING,WHEN_GREETING,WHEN_BORED,WHEN_ANNOYED,WHEN_SITTING,AFTER_STANDING
0x1410e3280	0x1410e6393	-	{p} holds {p} in a rigid posture	sentence-branch	45:POSTURE_RIGID	NONE,WHEN_TRYING_TO_REMEMBER,WHEN_EXCITED,WHEN_EXASPERATED,WHEN_CONVERSATION_PAUSED,BEFORE_SPEAKING,WHEN_SPEAKING,WHEN_GREETING,WHEN_BORED,WHEN_ANNOYED,WHEN_SITTING,AFTER_STANDING
0x1410e3280	0x1410e6393	-	{p} becomes very rigid when {p}'s angry	sentence-branch	45:POSTURE_RIGID	WHEN_ANGRY
0x1410e3280	0x1410e6393	-	{p} tenses up when {p}'s nervous	sentence-branch	45:POSTURE_RIGID	WHEN_NERVOUS
0x1410e3280	0x1410e6393	-	{p} stiffens up when {p}'s surprised	sentence-branch	45:POSTURE_RIGID	WHEN_SURPRISED
0x1410e3280	0x1410e6393	-	When {p}'s thinking, {p} body becomes very still	sentence-branch	45:POSTURE_RIGID	WHEN_THINKING
0x1410e3280	0x1410e64cb	-	{p} has a slouching posture	sentence-branch	46:POSTURE_SLOUCH	NONE,WHEN_ANGRY,WHEN_TRYING_TO_REMEMBER,WHEN_NERVOUS,WHEN_EXCITED,WHEN_SURPRISED,WHEN_THINKING,WHEN_EXASPERATED,WHEN_CONVERSATION_PAUSED,BEFORE_SPEAKING,WHEN_SPEAKING,WHEN_GREETING,WHEN_ANNOYED,WHEN_SITTING,AFTER_STANDING
0x1410e3280	0x1410e64cb	-	{p} slouches when {p}'s bored	sentence-branch	46:POSTURE_SLOUCH	WHEN_BORED
0x1410e3280	0x1410e6528	-	{p} tends to chew {p} {b9}	sentence-branch	47:CHEWS_LIP	NONE,WHEN_SURPRISED,WHEN_EXASPERATED,WHEN_CONVERSATION_PAUSED,BEFORE_SPEAKING,WHEN_SPEAKING,WHEN_GREETING,WHEN_SITTING,AFTER_STANDING
0x1410e3280	0x1410e6528	-	{p} chews {p} {b9} when {p}'s angry	sentence-branch	47:CHEWS_LIP	WHEN_ANGRY
0x1410e3280	0x1410e6528	-	When {p}'s trying to remember something, {p} often starts chewing on {p} {b9}	sentence-branch	47:CHEWS_LIP	WHEN_TRYING_TO_REMEMBER
0x1410e3280	0x1410e6528	-	{p} chews {p} {b9} when {p}'s nervous	sentence-branch	47:CHEWS_LIP	WHEN_NERVOUS
0x1410e3280	0x1410e6528	-	{p} chews {p} {b9} when {p} gets excited	sentence-branch	47:CHEWS_LIP	WHEN_EXCITED
0x1410e3280	0x1410e6528	-	{p} chews {p} {b9} intently when {p}'s thinking	sentence-branch	47:CHEWS_LIP	WHEN_THINKING
0x1410e3280	0x1410e6528	-	{p} idly chews {p} {b9} when {p}'s bored	sentence-branch	47:CHEWS_LIP	WHEN_BORED
0x1410e3280	0x1410e6528	-	{p} gnaws {p} {b9} when {p}'s annoyed	sentence-branch	47:CHEWS_LIP	WHEN_ANNOYED
0x1410e3280	0x1410e67df	-	{p} has a habit of chewing on {p} {b10}	sentence-branch	48:CHEWS_CHEEK	NONE,WHEN_SURPRISED,WHEN_EXASPERATED,WHEN_CONVERSATION_PAUSED,BEFORE_SPEAKING,WHEN_SPEAKING,WHEN_GREETING,WHEN_SITTING,AFTER_STANDING
0x1410e3280	0x1410e67df	-	{p} chews {p} {b10} when {p}'s angry	sentence-branch	48:CHEWS_CHEEK	WHEN_ANGRY
0x1410e3280	0x1410e67df	-	When {p}'s nervous, {p} tends to chew on {p} {b10}	sentence-branch	48:CHEWS_CHEEK	WHEN_TRYING_TO_REMEMBER
0x1410e3280	0x1410e67df	-	When {p}'s nervous, {p} has a habit of chewing on {p} {b10}	sentence-branch	48:CHEWS_CHEEK	WHEN_NERVOUS
0x1410e3280	0x1410e67df	-	{p} gnaws on {p} {b10} when {p}'s excited	sentence-branch	48:CHEWS_CHEEK	WHEN_EXCITED
0x1410e3280	0x1410e67df	-	When {p}'s thinking, {p} has a tendency to chew on {p} {b10}	sentence-branch	48:CHEWS_CHEEK	WHEN_THINKING
0x1410e3280	0x1410e67df	-	{p} chews {p} {b10} when {p}'s bored	sentence-branch	48:CHEWS_CHEEK	WHEN_BORED
0x1410e3280	0x1410e67df	-	{p} gnaws {p} {b10} when {p} is annoyed	sentence-branch	48:CHEWS_CHEEK	WHEN_ANNOYED
0x1410e3280	0x1410e6b20	-	{p} bites {p} {b11}	sentence-branch	49:CHEWS_NAIL_BITING	NONE,WHEN_ANGRY,WHEN_EXCITED,WHEN_SURPRISED,WHEN_EXASPERATED,WHEN_CONVERSATION_PAUSED,BEFORE_SPEAKING,WHEN_SPEAKING,WHEN_GREETING,WHEN_SITTING,AFTER_STANDING
0x1410e3280	0x1410e6b20	-	{p} often bites {p} {b11} when {p}'s trying to remember something	sentence-branch	49:CHEWS_NAIL_BITING	WHEN_TRYING_TO_REMEMBER
0x1410e3280	0x1410e6b20	-	{p} bites {p} {b11} when {p}'s nervous	sentence-branch	49:CHEWS_NAIL_BITING	WHEN_NERVOUS
0x1410e3280	0x1410e6b20	-	{p} chews {p} {b11} when {p}'s thinking	sentence-branch	49:CHEWS_NAIL_BITING	WHEN_THINKING
0x1410e3280	0x1410e6b20	-	{p} bites {p} {b11} when {p} gets bored	sentence-branch	49:CHEWS_NAIL_BITING	WHEN_BORED
0x1410e3280	0x1410e6b20	-	{p} bites {p} {b11} when {p}'s annoyed	sentence-branch	49:CHEWS_NAIL_BITING	WHEN_ANNOYED
0x1410e3280	0x1410e6cfc	-	{p} gives hugs out freely	sentence-branch	50:HUGS	NONE,WHEN_ANGRY,WHEN_TRYING_TO_REMEMBER,WHEN_NERVOUS,WHEN_EXCITED,WHEN_SURPRISED,WHEN_THINKING,WHEN_EXASPERATED,WHEN_CONVERSATION_PAUSED,BEFORE_SPEAKING,WHEN_SPEAKING,WHEN_BORED,WHEN_ANNOYED,WHEN_SITTING,AFTER_STANDING
0x1410e3280	0x1410e6cfc	-	{p} often greets others with a hug	sentence-branch	50:HUGS	WHEN_GREETING
0x1410e3280	0x1410e6d37	-	{p} has a nervous smile	sentence-branch	51:SMILES_NERVOUSLY	NONE,WHEN_ANGRY,WHEN_TRYING_TO_REMEMBER,WHEN_NERVOUS,WHEN_EXCITED,WHEN_SURPRISED,WHEN_THINKING,WHEN_EXASPERATED,WHEN_CONVERSATION_PAUSED,BEFORE_SPEAKING,WHEN_SPEAKING,WHEN_BORED,WHEN_ANNOYED,WHEN_SITTING,AFTER_STANDING
0x1410e3280	0x1410e6d37	-	When greeting others, {p} always smiles nervously	sentence-branch	51:SMILES_NERVOUSLY	WHEN_GREETING
0x1410e3280	0x1410e6d8c	-		empty-branch	52:HANDS_MOVE	NONE,WHEN_NERVOUS,WHEN_THINKING,WHEN_CONVERSATION_PAUSED,BEFORE_SPEAKING,WHEN_GREETING,WHEN_BORED,WHEN_ANNOYED,WHEN_SITTING,AFTER_STANDING
0x1410e3280	0x1410e6d8c	-	{p} {b14} become animated when {p} gets angry	sentence-branch	52:HANDS_MOVE	WHEN_ANGRY
0x1410e3280	0x1410e6d8c	-	{p} {b14} move frantically when {p}'s trying to remember something	sentence-branch	52:HANDS_MOVE	WHEN_TRYING_TO_REMEMBER
0x1410e3280	0x1410e6d8c	-	{p} {b14} jump all over the place when {p}'s excited	sentence-branch	52:HANDS_MOVE	WHEN_EXCITED
0x1410e3280	0x1410e6d8c	-	{p} {b14} are animated when {p}'s surprised	sentence-branch	52:HANDS_MOVE	WHEN_SURPRISED
0x1410e3280	0x1410e6d8c	-	{p} {b14} begin moving when {p} becomes exasperated	sentence-branch	52:HANDS_MOVE	WHEN_EXASPERATED
0x1410e3280	0x1410e6d8c	-	{p} {b14} are animated when {p} speaks	sentence-branch	52:HANDS_MOVE	WHEN_SPEAKING
0x1410e3280	0x1410e6f76	-	{p} has a habit of tapping {p} {b12}	sentence-branch	53:FEET_TAP	NONE,WHEN_EXCITED,WHEN_SURPRISED,WHEN_THINKING,WHEN_EXASPERATED,BEFORE_SPEAKING,WHEN_SPEAKING,WHEN_GREETING,WHEN_BORED,AFTER_STANDING
0x1410e3280	0x1410e6f76	-	{p} stomps {p} {b12} repeatedly when {p}'s angry	sentence-branch	53:FEET_TAP	WHEN_ANGRY
0x1410e3280	0x1410e6f76	-	When {p}'s trying to remember something, {p} usually starts tapping {p} {b12}	sentence-branch	53:FEET_TAP	WHEN_TRYING_TO_REMEMBER
0x1410e3280	0x1410e6f76	-	{p} taps {p} {b12} constantly when {p}'s nervous	sentence-branch	53:FEET_TAP	WHEN_NERVOUS
0x1410e3280	0x1410e6f76	-	{p} taps {p} {b12} when there's a lull in conversation	sentence-branch	53:FEET_TAP	WHEN_CONVERSATION_PAUSED
0x1410e3280	0x1410e6f76	-	{p} taps {p} {b12} when {p}'s annoyed	sentence-branch	53:FEET_TAP	WHEN_ANNOYED
0x1410e3280	0x1410e6f76	-	{p} taps {p} {b12} whenever {p}'s sitting down	sentence-branch	53:FEET_TAP	WHEN_SITTING
0x1410e3280	0x1410e71dd	-	{p} often has {p} {b5} lowered to the ground	sentence-branch	54:EYES_LOWERS	NONE,WHEN_EXCITED,WHEN_SURPRISED,WHEN_EXASPERATED,WHEN_CONVERSATION_PAUSED,BEFORE_SPEAKING,WHEN_GREETING,WHEN_BORED,WHEN_SITTING,AFTER_STANDING
0x1410e3280	0x1410e71dd	-	{p} lowers {p} {b5} when {p}'s angry	sentence-branch	54:EYES_LOWERS	WHEN_ANGRY
0x1410e3280	0x1410e71dd	-	{p} lowers {p} {b5} when {p}'s trying to remember something	sentence-branch	54:EYES_LOWERS	WHEN_TRYING_TO_REMEMBER
0x1410e3280	0x1410e71dd	-	{p} lowers {p} {b5} when {p}'s nervous	sentence-branch	54:EYES_LOWERS	WHEN_NERVOUS
0x1410e3280	0x1410e71dd	-	{p} often lowers {p} {b5} when {p}'s thinking	sentence-branch	54:EYES_LOWERS	WHEN_THINKING
0x1410e3280	0x1410e71dd	-	When {p} is speaking, {p} usually lowers {p} {b5}	sentence-branch	54:EYES_LOWERS	WHEN_SPEAKING
0x1410e3280	0x1410e71dd	-	{p} lowers {p} {b5} when {p}'s annoyed	sentence-branch	54:EYES_LOWERS	WHEN_ANNOYED
0x1410e3280	0x1410e741c	-	{p} has a habit of staring at others	sentence-branch	55:EYES_STARES	NONE,WHEN_TRYING_TO_REMEMBER,WHEN_NERVOUS,WHEN_EXCITED,WHEN_SURPRISED,WHEN_EXASPERATED,WHEN_CONVERSATION_PAUSED,BEFORE_SPEAKING,WHEN_GREETING,WHEN_BORED,WHEN_SITTING,AFTER_STANDING
0x1410e3280	0x1410e741c	-	{p} has a menacing stare when {p}'s angry	sentence-branch	55:EYES_STARES	WHEN_ANGRY
0x1410e3280	0x1410e741c	-	{p} stares intently when {p}'s thinking	sentence-branch	55:EYES_STARES	WHEN_THINKING
0x1410e3280	0x1410e741c	-	{p} tends to stare unwaveringly when {p}'s speaking to somebody	sentence-branch	55:EYES_STARES	WHEN_SPEAKING
0x1410e3280	0x1410e741c	-	{p} has a certain stare for when {p} gets annoyed	sentence-branch	55:EYES_STARES	WHEN_ANNOYED
0x1410e3280	0x1410e7544	-	{p} is quick to wink at others	sentence-branch	56:EYES_WINKS	NONE,WHEN_ANGRY,WHEN_TRYING_TO_REMEMBER,WHEN_EXCITED,WHEN_SURPRISED,WHEN_THINKING,WHEN_EXASPERATED,WHEN_CONVERSATION_PAUSED,BEFORE_SPEAKING,WHEN_BORED,WHEN_ANNOYED,WHEN_SITTING,AFTER_STANDING
0x1410e3280	0x1410e7544	-	{p} winks when {p} is nervous	sentence-branch	56:EYES_WINKS	WHEN_NERVOUS
0x1410e3280	0x1410e7544	-	{p} winks during conversations	sentence-branch	56:EYES_WINKS	WHEN_SPEAKING
0x1410e3280	0x1410e7544	-	{p} commonly winks as a form of greeting	sentence-branch	56:EYES_WINKS	WHEN_GREETING
0x1410e3280	0x1410e75e7	-	{p} has a habit of rolling {p} {b5}	sentence-branch	57:EYES_ROLLS	NONE,WHEN_ANGRY,WHEN_TRYING_TO_REMEMBER,WHEN_NERVOUS,WHEN_EXCITED,WHEN_SURPRISED,WHEN_THINKING,WHEN_CONVERSATION_PAUSED,BEFORE_SPEAKING,WHEN_SPEAKING,WHEN_GREETING,WHEN_SITTING,AFTER_STANDING
0x1410e3280	0x1410e75e7	-	{p} rolls {p} {b5} when {p}'s exasperated	sentence-branch	57:EYES_ROLLS	WHEN_EXASPERATED
0x1410e3280	0x1410e75e7	-	When {p}'s bored, {p} constantly rolls {p} {b5}	sentence-branch	57:EYES_ROLLS	WHEN_BORED
0x1410e3280	0x1410e75e7	-	{p} rolls {p} {b5} when {p}'s annoyed	sentence-branch	57:EYES_ROLLS	WHEN_ANNOYED
0x1410e3280	0x1410e7782	-		empty-branch	58:BLOWS_BREATH_OUT	NONE,WHEN_TRYING_TO_REMEMBER,WHEN_NERVOUS,WHEN_EXCITED,WHEN_SURPRISED,WHEN_THINKING,WHEN_CONVERSATION_PAUSED,BEFORE_SPEAKING,WHEN_SPEAKING,WHEN_GREETING,WHEN_SITTING,AFTER_STANDING
0x1410e3280	0x1410e7782	-	{p} exhales sharply when {p} gets angry	sentence-branch	58:BLOWS_BREATH_OUT	WHEN_ANGRY
0x1410e3280	0x1410e7782	-	{p} exhales sharply when {p} becomes exasperated	sentence-branch	58:BLOWS_BREATH_OUT	WHEN_EXASPERATED
0x1410e3280	0x1410e7782	-	{p} exhales slowly and deliberately when {p} starts getting bored	sentence-branch	58:BLOWS_BREATH_OUT	WHEN_BORED
0x1410e3280	0x1410e7782	-	{p} blows {p} breath out when {p}'s annoyed	sentence-branch	58:BLOWS_BREATH_OUT	WHEN_ANNOYED
0x1410e3280	0x1410e7866	-		empty-branch	59:BREATHES_IN	NONE,WHEN_TRYING_TO_REMEMBER,WHEN_EXCITED,WHEN_THINKING,WHEN_EXASPERATED,WHEN_CONVERSATION_PAUSED,BEFORE_SPEAKING,WHEN_SPEAKING,WHEN_GREETING,WHEN_BORED,WHEN_ANNOYED,WHEN_SITTING,AFTER_STANDING
0x1410e3280	0x1410e7866	-	{p} inhales sharply when {p} is angry	sentence-branch	59:BREATHES_IN	WHEN_ANGRY
0x1410e3280	0x1410e7866	-	{p} holds {p} breath when {p}'s nervous	sentence-branch	59:BREATHES_IN	WHEN_NERVOUS
0x1410e3280	0x1410e7866	-	{p} always takes a deep breath whenever {p} is surprised	sentence-branch	59:BREATHES_IN	WHEN_SURPRISED
0x1410e3280	0x1410e795d	-	{p} has a habit of clicking {p} {b15}	sentence-branch	60:TONGUE_CLICKS	NONE,WHEN_ANGRY,WHEN_EXCITED,WHEN_SURPRISED,WHEN_CONVERSATION_PAUSED,BEFORE_SPEAKING,WHEN_SPEAKING,WHEN_GREETING,WHEN_SITTING,AFTER_STANDING
0x1410e3280	0x1410e795d	-	{p} clicks {p} {b15} constantly when {p}'s trying to remember something	sentence-branch	60:TONGUE_CLICKS	WHEN_TRYING_TO_REMEMBER
0x1410e3280	0x1410e795d	-	When {p} is nervous, {p} clicks {p} {b15}	sentence-branch	60:TONGUE_CLICKS	WHEN_NERVOUS
0x1410e3280	0x1410e795d	-	When {p}'s thinking, {p} clicks {p} {b15} repeatedly	sentence-branch	60:TONGUE_CLICKS	WHEN_THINKING
0x1410e3280	0x1410e795d	-	When {p} becomes exasperated, {p} clicks {p} {b15}	sentence-branch	60:TONGUE_CLICKS	WHEN_EXASPERATED
0x1410e3280	0x1410e795d	-	{p} clicks {p} {b15} occasionally when {p}'s bored	sentence-branch	60:TONGUE_CLICKS	WHEN_BORED
0x1410e3280	0x1410e795d	-	{p} clicks {p} {b15} repeatedly when {p}'s annoyed	sentence-branch	60:TONGUE_CLICKS	WHEN_ANNOYED
0x1410e3280	0x1410e7c36	-		empty-branch	61:TONGUE_STICKS_OUT	NONE,WHEN_ANGRY,WHEN_NERVOUS,WHEN_EXCITED,WHEN_SURPRISED,WHEN_EXASPERATED,WHEN_CONVERSATION_PAUSED,BEFORE_SPEAKING,WHEN_SPEAKING,WHEN_GREETING,WHEN_BORED,WHEN_ANNOYED,WHEN_SITTING,AFTER_STANDING
0x1410e3280	0x1410e7c36	-	{p} {b15} sticks out when {p}'s trying to remember something	sentence-branch	61:TONGUE_STICKS_OUT	WHEN_TRYING_TO_REMEMBER
0x1410e3280	0x1410e7c36	-	{p} sticks out {p} {b15} when {p}'s thinking hard	sentence-branch	61:TONGUE_STICKS_OUT	WHEN_THINKING
0x1410e3280	0x1410e7d2e	-	{p} licks {p} {b9} frequently	sentence-branch	62:TONGUE_LICKS_LIPS	NONE,WHEN_ANGRY,WHEN_TRYING_TO_REMEMBER,WHEN_EXCITED,WHEN_SURPRISED,WHEN_EXASPERATED,WHEN_CONVERSATION_PAUSED,BEFORE_SPEAKING,WHEN_SPEAKING,WHEN_GREETING,WHEN_BORED,WHEN_ANNOYED,WHEN_SITTING,AFTER_STANDING
0x1410e3280	0x1410e7d2e	-	{p} licks {p} {b9} when {p}'s nervous	sentence-branch	62:TONGUE_LICKS_LIPS	WHEN_NERVOUS
0x1410e3280	0x1410e7d2e	-	When {p}'s thinking hard, {p} has a habit of licking {p} {b9}	sentence-branch	62:TONGUE_LICKS_LIPS	WHEN_THINKING
0x1410e3280	0x1410e7e74	-	{p} likes to stretch {p} out frequently	sentence-branch	63:STRETCHES	NONE,WHEN_ANGRY,WHEN_TRYING_TO_REMEMBER,WHEN_EXCITED,WHEN_SURPRISED,WHEN_EXASPERATED,BEFORE_SPEAKING,WHEN_SPEAKING,WHEN_GREETING,WHEN_ANNOYED,WHEN_SITTING
0x1410e3280	0x1410e7e74	-	When {p}'s nervous, {p} tends to stretch {p} body	sentence-branch	63:STRETCHES	WHEN_NERVOUS
0x1410e3280	0x1410e7e74	-	{p} tends to stretch {p} body when {p}'s thinking	sentence-branch	63:STRETCHES	WHEN_THINKING
0x1410e3280	0x1410e7e74	-	{p} has a habit of stretching {p} body during pauses in conversation	sentence-branch	63:STRETCHES	WHEN_CONVERSATION_PAUSED
0x1410e3280	0x1410e7e74	-	{p} tends to stretch out when {p}'s bored	sentence-branch	63:STRETCHES	WHEN_BORED
0x1410e3280	0x1410e7e74	-	{p} tends to stretch {p} body after {p} stands up	sentence-branch	63:STRETCHES	AFTER_STANDING
0x1410e3280	0x1410e804b	-	{p} bounces {p} {b16} whenever {p} is sitting down	sentence-branch	64:LEG_BOUNCES	NONE,WHEN_ANGRY,WHEN_TRYING_TO_REMEMBER,WHEN_NERVOUS,WHEN_EXCITED,WHEN_SURPRISED,WHEN_THINKING,WHEN_EXASPERATED,WHEN_CONVERSATION_PAUSED,BEFORE_SPEAKING,WHEN_SPEAKING,WHEN_GREETING,WHEN_BORED,WHEN_ANNOYED,WHEN_SITTING,AFTER_STANDING
0x1410e3280	caste+0x240	-	finger	caste-MANNERISM-slot	0	DWARF/HUMAN/ELF/GOBLIN/KOBOLD inherited sex castes
0x1410e3280	caste+0x260	-	fingers	caste-MANNERISM-slot	1	DWARF/HUMAN/ELF/GOBLIN/KOBOLD inherited sex castes
0x1410e3280	caste+0x280	-	nose	caste-MANNERISM-slot	2	DWARF/HUMAN/ELF/GOBLIN/KOBOLD inherited sex castes
0x1410e3280	caste+0x2a0	-	ear	caste-MANNERISM-slot	3	DWARF/HUMAN/ELF/GOBLIN/KOBOLD inherited sex castes
0x1410e3280	caste+0x2c0	-	head	caste-MANNERISM-slot	4	DWARF/HUMAN/ELF/GOBLIN/KOBOLD inherited sex castes
0x1410e3280	caste+0x2e0	-	eyes	caste-MANNERISM-slot	5	DWARF/HUMAN/ELF/GOBLIN/KOBOLD inherited sex castes
0x1410e3280	caste+0x300	-	mouth	caste-MANNERISM-slot	6	DWARF/HUMAN/ELF/GOBLIN/KOBOLD inherited sex castes
0x1410e3280	caste+0x320	-	hair	caste-MANNERISM-slot	7	DWARF/HUMAN/ELF/GOBLIN/KOBOLD inherited sex castes
0x1410e3280	caste+0x340	-	knuckles	caste-MANNERISM-slot	8	DWARF/HUMAN/ELF/GOBLIN/KOBOLD inherited sex castes
0x1410e3280	caste+0x360	-	lips	caste-MANNERISM-slot	9	DWARF/HUMAN/ELF/GOBLIN/KOBOLD inherited sex castes
0x1410e3280	caste+0x380	-	cheek	caste-MANNERISM-slot	10	DWARF/HUMAN/ELF/GOBLIN/KOBOLD inherited sex castes
0x1410e3280	caste+0x3a0	-	nails	caste-MANNERISM-slot	11	DWARF/HUMAN/ELF/GOBLIN/KOBOLD inherited sex castes
0x1410e3280	caste+0x3c0	-	feet	caste-MANNERISM-slot	12	DWARF/HUMAN/ELF/GOBLIN/KOBOLD inherited sex castes
0x1410e3280	caste+0x3e0	-	arms	caste-MANNERISM-slot	13	DWARF/HUMAN/ELF/GOBLIN/KOBOLD inherited sex castes
0x1410e3280	caste+0x400	-	hands	caste-MANNERISM-slot	14	DWARF/HUMAN/ELF/GOBLIN/KOBOLD inherited sex castes
0x1410e3280	caste+0x420	-	tongue	caste-MANNERISM-slot	15	DWARF/HUMAN/ELF/GOBLIN/KOBOLD inherited sex castes
0x1410e3280	caste+0x440	-	leg	caste-MANNERISM-slot	16	DWARF/HUMAN/ELF/GOBLIN/KOBOLD inherited sex castes
