# Offline native statue/art formatter sources; PE:6a70a6d9:02711000
# All addresses are RVAs in the installed native Dwarf Fortress.exe. Significant spaces retained.
# kind	owner	function-start	function-end	instruction-or-table-entry	literal-or-branch-target	source	native-operand-or-production
# Complete image virtual graph and both action tables, plus the entire shared item-description/noun formatter superset.
# Dynamic historical event/collection sources are separately retained in data/extracted/statue-history-sources.tsv.
virtual	art_image_element	0x72280	-	0x15fe048	0x72280		element slot +0x38
virtual	art_image_element_creaturest	0x148320	-	0x15fdcc8	0x148320		element slot +0x38
virtual	art_image_element_itemst	0x147b60	-	0x15fdfa0	0x147b60		element slot +0x38
virtual	art_image_element_shapest	0x147640	-	0x15fdc28	0x147640		element slot +0x38
virtual	art_image_element_plantst	0x149120	-	0x15fdd48	0x149120		element slot +0x38
virtual	art_image_element_treest	0x149120	-	0x15fdf38	0x149120		element slot +0x38
virtual	art_image_property	0x72280	-	0x15fdda0	0x72280		property slot +0x28
virtual	art_image_property_transitive_verbst	0x146750	-	0x15fddd8	0x146750		property slot +0x28
virtual	art_image_property_intransitive_verbst	0x146eb0	-	0x15fde10	0x146eb0		property slot +0x28
formatter	image-paragraph	0x1451b10	0x145312c	-	-		
direct-call	image-paragraph	0x1451b10	0x145312c	0x1451b80	0x67dc0		call   0x140067dc0
direct-call	image-paragraph	0x1451b10	0x145312c	0x1451bab	0x67dc0		call   0x140067dc0
indirect-call	image-paragraph	0x1451b10	0x145312c	0x1451c14	-		call   QWORD PTR [rax+0x10]
literal	image-paragraph	0x1451b10	0x145312c	0x1451c45	0x1787638	This artwork is a	lea    rdx,[rip+0x3359ec]        # 0x141787638
literal	image-paragraph	0x1451b10	0x145312c	0x1451c6b	0x17875c0	This engraving appears on a wall 	lea    rax,[rip+0x33594e]        # 0x1417875c0
literal	image-paragraph	0x1451b10	0x145312c	0x1451c72	0x1787598	This engraving appears on a floor 	lea    rdx,[rip+0x33591f]        # 0x141787598
direct-call	image-paragraph	0x1451b10	0x145312c	0x1451c84	0x6fa10		call   0x14006fa10
direct-call	image-paragraph	0x1451b10	0x145312c	0x1451c9c	0x7db20		call   0x14007db20
literal	image-paragraph	0x1451b10	0x145312c	0x1451cb6	0x15ecf9c	in 	lea    rdx,[rip+0x19b2df]        # 0x1415ecf9c
direct-call	image-paragraph	0x1451b10	0x145312c	0x1451cbd	0x6fa10		call   0x14006fa10
literal	image-paragraph	0x1451b10	0x145312c	0x1451cd4	0x16df920	[LPAGE:SITE:	lea    rdx,[rip+0x28dc45]        # 0x1416df920
direct-call	image-paragraph	0x1451b10	0x145312c	0x1451cde	0x6fa10		call   0x14006fa10
direct-call	image-paragraph	0x1451b10	0x145312c	0x1451cec	0x52c130		call   0x14052c130
literal	image-paragraph	0x1451b10	0x145312c	0x1451cf7	0x15fd690	]	lea    rdx,[rip+0x1ab992]        # 0x1415fd690
direct-call	image-paragraph	0x1451b10	0x145312c	0x1451d01	0x6fa10		call   0x14006fa10
direct-call	image-paragraph	0x1451b10	0x145312c	0x1451d28	0xa94030		call   0x140a94030
direct-call	image-paragraph	0x1451b10	0x145312c	0x1451d42	0x6fa10		call   0x14006fa10
literal	image-paragraph	0x1451b10	0x145312c	0x1451d52	0x15fda88	[/LPAGE]	lea    rdx,[rip+0x1abd2f]        # 0x1415fda88
direct-call	image-paragraph	0x1451b10	0x145312c	0x1451d5c	0x6fa10		call   0x14006fa10
direct-call	image-paragraph	0x1451b10	0x145312c	0x1451d66	0x6f850		call   0x14006f850
literal	image-paragraph	0x1451b10	0x145312c	0x1451d76	0x1787628	 somewhere	lea    rdx,[rip+0x3358ab]        # 0x141787628
direct-call	image-paragraph	0x1451b10	0x145312c	0x1451d7d	0x6fa10		call   0x14006fa10
literal	image-paragraph	0x1451b10	0x145312c	0x1451dc3	0x17873d0	This artwork appears 	lea    rdx,[rip+0x335606]        # 0x1417873d0
direct-call	image-paragraph	0x1451b10	0x145312c	0x1451dcd	0x6fa10		call   0x14006fa10
literal	image-paragraph	0x1451b10	0x145312c	0x1451de9	0x1787600	on the back of 	lea    rdx,[rip+0x335810]        # 0x141787600
literal	image-paragraph	0x1451b10	0x145312c	0x1451df8	0x17875e8	on the front of 	lea    rdx,[rip+0x3357e9]        # 0x1417875e8
direct-call	image-paragraph	0x1451b10	0x145312c	0x1451e02	0x6fa10		call   0x14006fa10
direct-call	image-paragraph	0x1451b10	0x145312c	0x1451e15	0x5be970		call   0x1405be970
direct-call	image-paragraph	0x1451b10	0x145312c	0x1451e6e	0xa82c10		call   0x140a82c10
literal	image-paragraph	0x1451b10	0x145312c	0x1451e85	0x16af42c	.[B]	lea    rdx,[rip+0x25d5a0]        # 0x1416af42c
direct-call	image-paragraph	0x1451b10	0x145312c	0x1451e8c	0x6fa10		call   0x14006fa10
literal	image-paragraph	0x1451b10	0x145312c	0x1451ea1	0x15fd968	.  	lea    rdx,[rip+0x1abac0]        # 0x1415fd968
direct-call	image-paragraph	0x1451b10	0x145312c	0x1451ea8	0x6fa10		call   0x14006fa10
literal	image-paragraph	0x1451b10	0x145312c	0x1451ed0	0x1787400	This artwork appears on a 	lea    rax,[rip+0x335529]        # 0x141787400
literal	image-paragraph	0x1451b10	0x145312c	0x1451ed7	0x17873e8	This work of art is a 	lea    rdx,[rip+0x33550a]        # 0x1417873e8
direct-call	image-paragraph	0x1451b10	0x145312c	0x1451ee5	0x6fa10		call   0x14006fa10
direct-call	image-paragraph	0x1451b10	0x145312c	0x1451f35	0xa82c10		call   0x140a82c10
direct-call	image-paragraph	0x1451b10	0x145312c	0x1451f4d	0x7db20		call   0x14007db20
literal	image-paragraph	0x1451b10	0x145312c	0x1451f64	0x17873b8	 and was crafted in 	lea    rdx,[rip+0x33544d]        # 0x1417873b8
direct-call	image-paragraph	0x1451b10	0x145312c	0x1451f6e	0x6fa10		call   0x14006fa10
literal	image-paragraph	0x1451b10	0x145312c	0x1451f85	0x16df920	[LPAGE:SITE:	lea    rdx,[rip+0x28d994]        # 0x1416df920
direct-call	image-paragraph	0x1451b10	0x145312c	0x1451f8f	0x6fa10		call   0x14006fa10
direct-call	image-paragraph	0x1451b10	0x145312c	0x1451f9d	0x52c130		call   0x14052c130
literal	image-paragraph	0x1451b10	0x145312c	0x1451fa8	0x15fd690	]	lea    rdx,[rip+0x1ab6e1]        # 0x1415fd690
direct-call	image-paragraph	0x1451b10	0x145312c	0x1451fb2	0x6fa10		call   0x14006fa10
direct-call	image-paragraph	0x1451b10	0x145312c	0x1451fd9	0xa94030		call   0x140a94030
direct-call	image-paragraph	0x1451b10	0x145312c	0x1451ff3	0x6fa10		call   0x14006fa10
literal	image-paragraph	0x1451b10	0x145312c	0x1452003	0x15fda88	[/LPAGE]	lea    rdx,[rip+0x1aba7e]        # 0x1415fda88
direct-call	image-paragraph	0x1451b10	0x145312c	0x145200d	0x6fa10		call   0x14006fa10
indirect-call	image-paragraph	0x1451b10	0x145312c	0x1452045	-		call   QWORD PTR [rip+0x193add]        # 0x1415e5b28
direct-call	image-paragraph	0x1451b10	0x145312c	0x145204c	0x1539680		call   0x141539680
literal	image-paragraph	0x1451b10	0x145312c	0x1452063	0x16af42c	.[B]	lea    rdx,[rip+0x25d3c2]        # 0x1416af42c
literal	image-paragraph	0x1451b10	0x145312c	0x145206c	0x15fd968	.  	lea    rax,[rip+0x1ab8f5]        # 0x1415fd968
direct-call	image-paragraph	0x1451b10	0x145312c	0x145207a	0x6fa10		call   0x14006fa10
literal	image-paragraph	0x1451b10	0x145312c	0x145208e	0x1787360	This artwork appears on 	lea    rdx,[rip+0x3352cb]        # 0x141787360
direct-call	image-paragraph	0x1451b10	0x145312c	0x1452098	0x6fa10		call   0x14006fa10
direct-call	image-paragraph	0x1451b10	0x145312c	0x14520ac	0x727e0		call   0x1400727e0
indirect-call	image-paragraph	0x1451b10	0x145312c	0x14520d7	-		call   QWORD PTR [rdx]
indirect-call	image-paragraph	0x1451b10	0x145312c	0x14520ee	-		call   QWORD PTR [rax+0xe0]
indirect-call	image-paragraph	0x1451b10	0x145312c	0x1452102	-		call   QWORD PTR [rax]
literal	image-paragraph	0x1451b10	0x145312c	0x145210a	0x15fdaa8	[LPAGE:ARTIFACT:	lea    rdx,[rip+0x1ab997]        # 0x1415fdaa8
literal	image-paragraph	0x1451b10	0x145312c	0x1452119	0x16df718	[LPAGE:BOOK:	lea    rdx,[rip+0x28d5f8]        # 0x1416df718
direct-call	image-paragraph	0x1451b10	0x145312c	0x1452129	0x6fa10		call   0x14006fa10
direct-call	image-paragraph	0x1451b10	0x145312c	0x1452133	0x52c130		call   0x14052c130
literal	image-paragraph	0x1451b10	0x145312c	0x145213e	0x15fd690	]	lea    rdx,[rip+0x1ab54b]        # 0x1415fd690
direct-call	image-paragraph	0x1451b10	0x145312c	0x1452148	0x6fa10		call   0x14006fa10
direct-call	image-paragraph	0x1451b10	0x145312c	0x1452170	0xa94030		call   0x140a94030
direct-call	image-paragraph	0x1451b10	0x145312c	0x145218a	0x6fa10		call   0x14006fa10
literal	image-paragraph	0x1451b10	0x145312c	0x145219a	0x15fda88	[/LPAGE]	lea    rdx,[rip+0x1ab8e7]        # 0x1415fda88
direct-call	image-paragraph	0x1451b10	0x145312c	0x14521a4	0x6fa10		call   0x14006fa10
indirect-call	image-paragraph	0x1451b10	0x145312c	0x14521dc	-		call   QWORD PTR [rip+0x193946]        # 0x1415e5b28
direct-call	image-paragraph	0x1451b10	0x145312c	0x14521e3	0x1539680		call   0x141539680
literal	image-paragraph	0x1451b10	0x145312c	0x14521f0	0x16df700	an unknown artifact	lea    rdx,[rip+0x28d509]        # 0x1416df700
direct-call	image-paragraph	0x1451b10	0x145312c	0x14521fa	0x6fa10		call   0x14006fa10
literal	image-paragraph	0x1451b10	0x145312c	0x1452211	0x16af42c	.[B]	lea    rdx,[rip+0x25d214]        # 0x1416af42c
direct-call	image-paragraph	0x1451b10	0x145312c	0x1452218	0x6fa10		call   0x14006fa10
literal	image-paragraph	0x1451b10	0x145312c	0x1452225	0x15fd968	.  	lea    rdx,[rip+0x1ab73c]        # 0x1415fd968
direct-call	image-paragraph	0x1451b10	0x145312c	0x145222c	0x6fa10		call   0x14006fa10
literal	image-paragraph	0x1451b10	0x145312c	0x145223c	0x1787610	It is a	lea    rdx,[rip+0x3353cd]        # 0x141787610
direct-call	image-paragraph	0x1451b10	0x145312c	0x1452246	0x6fa10		call   0x14006fa10
literal	image-paragraph	0x1451b10	0x145312c	0x145227e	0x178756c	It 	lea    rdx,[rip+0x3352e7]        # 0x14178756c
literal	image-paragraph	0x1451b10	0x145312c	0x1452290	0x1787530	Engraved 	lea    rdx,[rip+0x335299]        # 0x141787530
direct-call	image-paragraph	0x1451b10	0x145312c	0x1452297	0x6fa10		call   0x14006fa10
indirect-call	image-paragraph	0x1451b10	0x145312c	0x14522ab	-		call   QWORD PTR [rax+0x10]
literal	image-paragraph	0x1451b10	0x145312c	0x14522ca	0x1787578	on the floor 	lea    rdx,[rip+0x3352a7]        # 0x141787578
literal	image-paragraph	0x1451b10	0x145312c	0x14522d9	0x1787588	on the wall 	lea    rdx,[rip+0x3352a8]        # 0x141787588
literal	image-paragraph	0x1451b10	0x145312c	0x14522e8	0x1787518	On the coin's back 	lea    rdx,[rip+0x335229]        # 0x141787518
literal	image-paragraph	0x1451b10	0x145312c	0x14522f7	0x1787550	On the front of the coin 	lea    rdx,[rip+0x335252]        # 0x141787550
literal	image-paragraph	0x1451b10	0x145312c	0x1452306	0x1787540	On the item 	lea    rdx,[rip+0x335233]        # 0x141787540
literal	image-paragraph	0x1451b10	0x145312c	0x1452315	0x1787618	The item 	lea    rdx,[rip+0x3352fc]        # 0x141787618
direct-call	image-paragraph	0x1451b10	0x145312c	0x145231f	0x6fa10		call   0x14006fa10
literal	image-paragraph	0x1451b10	0x145312c	0x145232a	0x1787570	is a	lea    rdx,[rip+0x33523f]        # 0x141787570
direct-call	image-paragraph	0x1451b10	0x145312c	0x1452334	0x6fa10		call   0x14006fa10
indirect-call	image-paragraph	0x1451b10	0x145312c	0x1452354	-		call   QWORD PTR [rax+0x10]
literal	image-paragraph	0x1451b10	0x145312c	0x1452386	0x16ee218	 masterful	lea    rdx,[rip+0x29be8b]        # 0x1416ee218
literal	image-paragraph	0x1451b10	0x145312c	0x145238f	0x166d7f0	n exceptional	lea    rdx,[rip+0x21b45a]        # 0x14166d7f0
literal	image-paragraph	0x1451b10	0x145312c	0x145239e	0x166d7e0	 superior	lea    rdx,[rip+0x21b43b]        # 0x14166d7e0
literal	image-paragraph	0x1451b10	0x145312c	0x14523ad	0x1787728	 fine	lea    rdx,[rip+0x335374]        # 0x141787728
literal	image-paragraph	0x1451b10	0x145312c	0x14523b6	0x166d800	 well-crafted	lea    rdx,[rip+0x21b443]        # 0x14166d800
direct-call	image-paragraph	0x1451b10	0x145312c	0x14523c6	0x6fa10		call   0x14006fa10
direct-call	image-paragraph	0x1451b10	0x145312c	0x1452410	0x72570		call   0x140072570
direct-call	image-paragraph	0x1451b10	0x145312c	0x145241d	0xc3a4f0		call   0x140c3a4f0
direct-call	image-paragraph	0x1451b10	0x145312c	0x1452442	0xa94030		call   0x140a94030
literal	image-paragraph	0x1451b10	0x145312c	0x1452458	0x15e873c	 	lea    rdx,[rip+0x1962dd]        # 0x1415e873c
direct-call	image-paragraph	0x1451b10	0x145312c	0x1452462	0x6fa10		call   0x14006fa10
literal	image-paragraph	0x1451b10	0x145312c	0x1452479	0x15fdb08	[LPAGE:HF:	lea    rdx,[rip+0x1ab688]        # 0x1415fdb08
direct-call	image-paragraph	0x1451b10	0x145312c	0x1452483	0x6fa10		call   0x14006fa10
direct-call	image-paragraph	0x1451b10	0x145312c	0x1452492	0x52c130		call   0x14052c130
literal	image-paragraph	0x1451b10	0x145312c	0x145249d	0x15fd690	]	lea    rdx,[rip+0x1ab1ec]        # 0x1415fd690
direct-call	image-paragraph	0x1451b10	0x145312c	0x14524a7	0x6fa10		call   0x14006fa10
direct-call	image-paragraph	0x1451b10	0x145312c	0x14524c1	0x6fa10		call   0x14006fa10
literal	image-paragraph	0x1451b10	0x145312c	0x14524d1	0x15fda88	[/LPAGE]	lea    rdx,[rip+0x1ab5b0]        # 0x1415fda88
direct-call	image-paragraph	0x1451b10	0x145312c	0x14524db	0x6fa10		call   0x14006fa10
direct-call	image-paragraph	0x1451b10	0x145312c	0x14524ed	0x6f850		call   0x14006f850
literal	image-paragraph	0x1451b10	0x145312c	0x1452501	0x1787730	 rendition of 	lea    rdx,[rip+0x335228]        # 0x141787730
direct-call	image-paragraph	0x1451b10	0x145312c	0x145250b	0x6fa10		call   0x14006fa10
literal	image-paragraph	0x1451b10	0x145312c	0x1452533	0x1787700	[LPAGE:ART_IMAGE:	lea    rdx,[rip+0x3351c6]        # 0x141787700
direct-call	image-paragraph	0x1451b10	0x145312c	0x145253d	0x6fa10		call   0x14006fa10
direct-call	image-paragraph	0x1451b10	0x145312c	0x145254c	0x52c130		call   0x14052c130
literal	image-paragraph	0x1451b10	0x145312c	0x1452557	0x1618434	:	lea    rdx,[rip+0x1c5ed6]        # 0x141618434
direct-call	image-paragraph	0x1451b10	0x145312c	0x1452561	0x6fa10		call   0x14006fa10
direct-call	image-paragraph	0x1451b10	0x145312c	0x1452571	0x52c130		call   0x14052c130
literal	image-paragraph	0x1451b10	0x145312c	0x145257c	0x15fd690	]	lea    rdx,[rip+0x1ab10d]        # 0x1415fd690
direct-call	image-paragraph	0x1451b10	0x145312c	0x1452586	0x6fa10		call   0x14006fa10
direct-call	image-paragraph	0x1451b10	0x145312c	0x14525b0	0xa946e0		call   0x140a946e0
direct-call	image-paragraph	0x1451b10	0x145312c	0x14525ca	0x6fa10		call   0x14006fa10
literal	image-paragraph	0x1451b10	0x145312c	0x14525e4	0x15fda88	[/LPAGE]	lea    rdx,[rip+0x1ab49d]        # 0x1415fda88
direct-call	image-paragraph	0x1451b10	0x145312c	0x14525ee	0x6fa10		call   0x14006fa10
literal	image-paragraph	0x1451b10	0x145312c	0x14525f9	0x15e90d8	, 	lea    rdx,[rip+0x196ad8]        # 0x1415e90d8
direct-call	image-paragraph	0x1451b10	0x145312c	0x1452603	0x6fa10		call   0x14006fa10
direct-call	image-paragraph	0x1451b10	0x145312c	0x145260d	0x6f850		call   0x14006f850
literal	image-paragraph	0x1451b10	0x145312c	0x1452618	0x1602db4	a	lea    rdx,[rip+0x1b0795]        # 0x141602db4
direct-call	image-paragraph	0x1451b10	0x145312c	0x1452622	0x6fa10		call   0x14006fa10
literal	image-paragraph	0x1451b10	0x145312c	0x1452655	0x1787760	 masterfully designed	lea    rdx,[rip+0x335104]        # 0x141787760
literal	image-paragraph	0x1451b10	0x145312c	0x1452667	0x1787740	n exceptionally designed	lea    rdx,[rip+0x3350d2]        # 0x141787740
literal	image-paragraph	0x1451b10	0x145312c	0x1452673	0x1787790	 superiorly designed	lea    rdx,[rip+0x335116]        # 0x141787790
literal	image-paragraph	0x1451b10	0x145312c	0x1452685	0x1787778	 finely-designed	lea    rdx,[rip+0x3350ec]        # 0x141787778
literal	image-paragraph	0x1451b10	0x145312c	0x1452697	0x1787718	 well-designed	lea    rdx,[rip+0x33507a]        # 0x141787718
literal	image-paragraph	0x1451b10	0x145312c	0x14526af	0x1649304	n	lea    rdx,[rip+0x1f6c4e]        # 0x141649304
direct-call	image-paragraph	0x1451b10	0x145312c	0x14526b9	0x6fa10		call   0x14006fa10
literal	image-paragraph	0x1451b10	0x145312c	0x14526c4	0x1705468	 image	lea    rdx,[rip+0x2b2d9d]        # 0x141705468
direct-call	image-paragraph	0x1451b10	0x145312c	0x14526ce	0x6fa10		call   0x14006fa10
literal	image-paragraph	0x1451b10	0x145312c	0x14526f5	0x15eb518	 of 	lea    rdx,[rip+0x198e1c]        # 0x1415eb518
direct-call	image-paragraph	0x1451b10	0x145312c	0x14526ff	0x6fa10		call   0x14006fa10
indirect-call	image-paragraph	0x1451b10	0x145312c	0x145274a	-		call   QWORD PTR [rax+0x38]
direct-call	image-paragraph	0x1451b10	0x145312c	0x145276e	0x6fa10		call   0x14006fa10
literal	image-paragraph	0x1451b10	0x145312c	0x145278b	0x15e90d8	, 	lea    rdx,[rip+0x196946]        # 0x1415e90d8
literal	image-paragraph	0x1451b10	0x145312c	0x145279c	0x15e9110	 and 	lea    rdx,[rip+0x19696d]        # 0x1415e9110
direct-call	image-paragraph	0x1451b10	0x145312c	0x14527a6	0x6fa10		call   0x14006fa10
literal	image-paragraph	0x1451b10	0x145312c	0x14527e8	0x15ecfb4	 in 	lea    rdx,[rip+0x19a7c5]        # 0x1415ecfb4
direct-call	image-paragraph	0x1451b10	0x145312c	0x14527f2	0x6fa10		call   0x14006fa10
direct-call	image-paragraph	0x1451b10	0x145312c	0x145281e	0x14d1920		call   0x1414d1920
direct-call	image-paragraph	0x1451b10	0x145312c	0x1452844	0x6fa10		call   0x14006fa10
direct-call	image-paragraph	0x1451b10	0x145312c	0x1452891	0x72570		call   0x140072570
direct-call	image-paragraph	0x1451b10	0x145312c	0x145289e	0xc3a4f0		call   0x140c3a4f0
direct-call	image-paragraph	0x1451b10	0x145312c	0x14528c3	0xa94030		call   0x140a94030
literal	image-paragraph	0x1451b10	0x145312c	0x14528d9	0x15eda08	 by 	lea    rdx,[rip+0x19b128]        # 0x1415eda08
direct-call	image-paragraph	0x1451b10	0x145312c	0x14528e3	0x6fa10		call   0x14006fa10
literal	image-paragraph	0x1451b10	0x145312c	0x14528f3	0x15fdb08	[LPAGE:HF:	lea    rdx,[rip+0x1ab20e]        # 0x1415fdb08
direct-call	image-paragraph	0x1451b10	0x145312c	0x14528fd	0x6fa10		call   0x14006fa10
direct-call	image-paragraph	0x1451b10	0x145312c	0x145290b	0x52c130		call   0x14052c130
literal	image-paragraph	0x1451b10	0x145312c	0x1452916	0x15fd690	]	lea    rdx,[rip+0x1aad73]        # 0x1415fd690
direct-call	image-paragraph	0x1451b10	0x145312c	0x1452920	0x6fa10		call   0x14006fa10
direct-call	image-paragraph	0x1451b10	0x145312c	0x145293a	0x6fa10		call   0x14006fa10
literal	image-paragraph	0x1451b10	0x145312c	0x145294a	0x15fda88	[/LPAGE]	lea    rdx,[rip+0x1ab137]        # 0x1415fda88
direct-call	image-paragraph	0x1451b10	0x145312c	0x1452954	0x6fa10		call   0x14006fa10
direct-call	image-paragraph	0x1451b10	0x145312c	0x145295e	0x6f850		call   0x14006f850
literal	image-paragraph	0x1451b10	0x145312c	0x1452969	0x15fd968	.  	lea    rdx,[rip+0x1aaff8]        # 0x1415fd968
direct-call	image-paragraph	0x1451b10	0x145312c	0x1452973	0x6fa10		call   0x14006fa10
indirect-call	image-paragraph	0x1451b10	0x145312c	0x14529da	-		call   QWORD PTR [rax+0x28]
direct-call	image-paragraph	0x1451b10	0x145312c	0x14529fe	0x6fa10		call   0x14006fa10
direct-call	image-paragraph	0x1451b10	0x145312c	0x1452a42	0x7da30		call   0x14007da30
literal	image-paragraph	0x1451b10	0x145312c	0x1452a73	0x1787678	The artwork relates to 	lea    rdx,[rip+0x334bfe]        # 0x141787678
direct-call	image-paragraph	0x1451b10	0x145312c	0x1452a7d	0x6fa10		call   0x14006fa10
direct-call	image-paragraph	0x1451b10	0x145312c	0x1452a86	0x72080		call   0x140072080
indirect-call	image-paragraph	0x1451b10	0x145312c	0x1452aaa	-		call   QWORD PTR [rax+0xd8]
direct-call	image-paragraph	0x1451b10	0x145312c	0x1452ac5	0x6fa10		call   0x14006fa10
direct-call	image-paragraph	0x1451b10	0x145312c	0x1452b10	0xbabe0		call   0x1400babe0
literal	image-paragraph	0x1451b10	0x145312c	0x1452b34	0x1787690	 during 	lea    rdx,[rip+0x334b55]        # 0x141787690
direct-call	image-paragraph	0x1451b10	0x145312c	0x1452b3e	0x6fa10		call   0x14006fa10
indirect-call	image-paragraph	0x1451b10	0x145312c	0x1452b4d	-		call   QWORD PTR [rax+0x30]
direct-call	image-paragraph	0x1451b10	0x145312c	0x1452b65	0x6fa10		call   0x14006fa10
literal	image-paragraph	0x1451b10	0x145312c	0x1452b78	0x15fd968	.  	lea    r15,[rip+0x1aade9]        # 0x1415fd968
direct-call	image-paragraph	0x1451b10	0x145312c	0x1452b85	0x6fa10		call   0x14006fa10
direct-call	image-paragraph	0x1451b10	0x145312c	0x1452b8f	0x6f850		call   0x14006f850
literal	image-paragraph	0x1451b10	0x145312c	0x1452b9e	0x15fd968	.  	lea    r15,[rip+0x1aadc3]        # 0x1415fd968
direct-call	image-paragraph	0x1451b10	0x145312c	0x1452be9	0xba0a0		call   0x1400ba0a0
literal	image-paragraph	0x1451b10	0x145312c	0x1452c24	0x1787650	The image 	lea    rdx,[rip+0x334a25]        # 0x141787650
direct-call	image-paragraph	0x1451b10	0x145312c	0x1452c2e	0x6fa10		call   0x14006fa10
literal	image-paragraph	0x1451b10	0x145312c	0x1452c51	0x17876e0	was commissioned by	lea    rdx,[rip+0x334a88]        # 0x1417876e0
literal	image-paragraph	0x1451b10	0x145312c	0x1452c60	0x1787660	is the symbol of	lea    rdx,[rip+0x3349f9]        # 0x141787660
direct-call	image-paragraph	0x1451b10	0x145312c	0x1452c6a	0x6fa10		call   0x14006fa10
literal	image-paragraph	0x1451b10	0x145312c	0x1452c75	0x15e873c	 	lea    rdx,[rip+0x195ac0]        # 0x1415e873c
direct-call	image-paragraph	0x1451b10	0x145312c	0x1452c7f	0x6fa10		call   0x14006fa10
literal	image-paragraph	0x1451b10	0x145312c	0x1452c8f	0x165e438	[LPAGE:ENT:	lea    rdx,[rip+0x20b7a2]        # 0x14165e438
direct-call	image-paragraph	0x1451b10	0x145312c	0x1452c99	0x6fa10		call   0x14006fa10
direct-call	image-paragraph	0x1451b10	0x145312c	0x1452ca4	0x52c130		call   0x14052c130
literal	image-paragraph	0x1451b10	0x145312c	0x1452caf	0x15fd690	]	lea    rdx,[rip+0x1aa9da]        # 0x1415fd690
direct-call	image-paragraph	0x1451b10	0x145312c	0x1452cb9	0x6fa10		call   0x14006fa10
direct-call	image-paragraph	0x1451b10	0x145312c	0x1452cf3	0xa946e0		call   0x140a946e0
direct-call	image-paragraph	0x1451b10	0x145312c	0x1452d0d	0x6fa10		call   0x14006fa10
literal	image-paragraph	0x1451b10	0x145312c	0x1452d1d	0x15fda88	[/LPAGE]	lea    rdx,[rip+0x1aad64]        # 0x1415fda88
direct-call	image-paragraph	0x1451b10	0x145312c	0x1452d27	0x6fa10		call   0x14006fa10
literal	image-paragraph	0x1451b10	0x145312c	0x1452d32	0x15e90d8	, 	lea    rdx,[rip+0x19639f]        # 0x1415e90d8
direct-call	image-paragraph	0x1451b10	0x145312c	0x1452d3c	0x6fa10		call   0x14006fa10
indirect-call	image-paragraph	0x1451b10	0x145312c	0x1452d74	-		call   QWORD PTR [rip+0x192dae]        # 0x1415e5b28
direct-call	image-paragraph	0x1451b10	0x145312c	0x1452d7b	0x1539680		call   0x141539680
literal	image-paragraph	0x1451b10	0x145312c	0x1452d86	0x15ed620	a 	lea    rdx,[rip+0x19a893]        # 0x1415ed620
direct-call	image-paragraph	0x1451b10	0x145312c	0x1452d90	0x6fa10		call   0x14006fa10
literal	image-paragraph	0x1451b10	0x145312c	0x1452db2	0x1615620	outcast 	lea    rdx,[rip+0x1c2867]        # 0x141615620
literal	image-paragraph	0x1451b10	0x145312c	0x1452dc1	0x1615600	nomadic 	lea    rdx,[rip+0x1c2838]        # 0x141615600
literal	image-paragraph	0x1451b10	0x145312c	0x1452dd0	0x16157b0	migrating 	lea    rdx,[rip+0x1c29d9]        # 0x1416157b0
literal	image-paragraph	0x1451b10	0x145312c	0x1452ddf	0x16155f4	local 	lea    rdx,[rip+0x1c280e]        # 0x1416155f4
direct-call	image-paragraph	0x1451b10	0x145312c	0x1452de9	0x6fa10		call   0x14006fa10
direct-call	image-paragraph	0x1451b10	0x145312c	0x1452e69	0x6f8d0		call   0x14006f8d0
direct-call	image-paragraph	0x1451b10	0x145312c	0x1452e8f	0x6fa10		call   0x14006fa10
literal	image-paragraph	0x1451b10	0x145312c	0x1452e9a	0x15e873c	 	lea    rdx,[rip+0x19589b]        # 0x1415e873c
direct-call	image-paragraph	0x1451b10	0x145312c	0x1452ea4	0x6fa10		call   0x14006fa10
literal	image-paragraph	0x1451b10	0x145312c	0x1452ed2	0x1615610	civilization	lea    rdx,[rip+0x1c2737]        # 0x141615610
literal	image-paragraph	0x1451b10	0x145312c	0x1452ee4	0x1615630	merchant company	lea    rdx,[rip+0x1c2745]        # 0x141615630
direct-call	image-paragraph	0x1451b10	0x145312c	0x1452f8b	0x132cc10		call   0x14132cc10
direct-call	image-paragraph	0x1451b10	0x145312c	0x1452fa5	0x6fa10		call   0x14006fa10
direct-call	image-paragraph	0x1451b10	0x145312c	0x1452fb2	0x6f850		call   0x14006f850
indirect-call	image-paragraph	0x1451b10	0x145312c	0x1452fea	-		call   QWORD PTR [rip+0x192b38]        # 0x1415e5b28
direct-call	image-paragraph	0x1451b10	0x145312c	0x1452ff1	0x1539680		call   0x141539680
literal	image-paragraph	0x1451b10	0x145312c	0x1452ffe	0x160028c	craft	lea    rdx,[rip+0x1ad287]        # 0x14160028c
direct-call	image-paragraph	0x1451b10	0x145312c	0x1453008	0x6fa10		call   0x14006fa10
literal	image-paragraph	0x1451b10	0x145312c	0x1453013	0x1600284	 guild	lea    rdx,[rip+0x1ad26a]        # 0x141600284
direct-call	image-paragraph	0x1451b10	0x145312c	0x145301d	0x6fa10		call   0x14006fa10
literal	image-paragraph	0x1451b10	0x145312c	0x145302a	0x1615660	performance troupe	lea    rdx,[rip+0x1c262f]        # 0x141615660
literal	image-paragraph	0x1451b10	0x145312c	0x1453039	0x1615650	government	lea    rdx,[rip+0x1c2610]        # 0x141615650
literal	image-paragraph	0x1451b10	0x145312c	0x1453048	0x1615684	vessel	lea    rdx,[rip+0x1c2635]        # 0x141615684
literal	image-paragraph	0x1451b10	0x145312c	0x1453057	0x1615678	religion	lea    rdx,[rip+0x1c261a]        # 0x141615678
literal	image-paragraph	0x1451b10	0x145312c	0x1453066	0x16156a0	military organization	lea    rdx,[rip+0x1c2633]        # 0x1416156a0
literal	image-paragraph	0x1451b10	0x145312c	0x145306f	0x1615644	group	lea    rdx,[rip+0x1c25ce]        # 0x141615644
direct-call	image-paragraph	0x1451b10	0x145312c	0x145307f	0x6fa10		call   0x14006fa10
literal	image-paragraph	0x1451b10	0x145312c	0x145309b	0x15fda88	[/LPAGE]	lea    rdx,[rip+0x1aa9e6]        # 0x1415fda88
direct-call	image-paragraph	0x1451b10	0x145312c	0x14530a5	0x6fa10		call   0x14006fa10
direct-call	image-paragraph	0x1451b10	0x145312c	0x14530b6	0x6fa10		call   0x14006fa10
direct-call	image-paragraph	0x1451b10	0x145312c	0x14530c3	0x6f850		call   0x14006f850
direct-call	image-paragraph	0x1451b10	0x145312c	0x14530d0	0x6f850		call   0x14006f850
direct-call	image-paragraph	0x1451b10	0x145312c	0x14530df	0x1539660		call   0x141539660
formatter	statue-figurine-title	0xca0b40	0xca0bc2	-	-		
direct-call	statue-figurine-title	0xca0b40	0xca0bc2	0xca0b50	0xca5bb0		call   0x140ca5bb0
direct-call	statue-figurine-title	0xca0b40	0xca0bc2	0xca0b61	0xcc84d0		call   0x140cc84d0
direct-call	statue-figurine-title	0xca0b40	0xca0bc2	0xca0b6f	0xcc83e0		call   0x140cc83e0
literal	statue-figurine-title	0xca0b40	0xca0bc2	0xca0b8b	0x15eb518	 of 	lea    rdx,[rip+0x94a986]        # 0x1415eb518
direct-call	statue-figurine-title	0xca0b40	0xca0bc2	0xca0b95	0x6fa10		call   0x14006fa10
direct-call	statue-figurine-title	0xca0b40	0xca0bc2	0xca0bb2	0x6fa10		call   0x14006fa10
formatter	base-item-title	0xca5bb0	0xca5d62	-	-		
indirect-call	base-item-title	0xca5bb0	0xca5d62	0xca5be3	-		call   QWORD PTR [rax+0x10]
indirect-call	base-item-title	0xca5bb0	0xca5d62	0xca5bf7	-		call   QWORD PTR [rax+0x40]
indirect-call	base-item-title	0xca5bb0	0xca5d62	0xca5c13	-		call   QWORD PTR [rax+0x590]
indirect-call	base-item-title	0xca5bb0	0xca5d62	0xca5c31	-		call   QWORD PTR [rdx+0x18]
indirect-call	base-item-title	0xca5bb0	0xca5d62	0xca5c3d	-		call   QWORD PTR [rdx+0x10]
indirect-call	base-item-title	0xca5bb0	0xca5d62	0xca5c4a	-		call   QWORD PTR [rdx+0x8]
indirect-call	base-item-title	0xca5bb0	0xca5d62	0xca5c57	-		call   QWORD PTR [rdx]
indirect-call	base-item-title	0xca5bb0	0xca5d62	0xca5c6b	-		call   rdx
indirect-call	base-item-title	0xca5bb0	0xca5d62	0xca5c8b	-		call   QWORD PTR [rax+0x18]
indirect-call	base-item-title	0xca5bb0	0xca5d62	0xca5c97	-		call   QWORD PTR [rax+0x10]
indirect-call	base-item-title	0xca5bb0	0xca5d62	0xca5ca4	-		call   QWORD PTR [rax+0x8]
indirect-call	base-item-title	0xca5bb0	0xca5d62	0xca5cb1	-		call   QWORD PTR [rax]
indirect-call	base-item-title	0xca5bb0	0xca5d62	0xca5cbb	-		call   QWORD PTR [rax+0x478]
indirect-call	base-item-title	0xca5bb0	0xca5d62	0xca5cca	-		call   QWORD PTR [rdx+0x18]
indirect-call	base-item-title	0xca5bb0	0xca5d62	0xca5cd6	-		call   QWORD PTR [rdx+0x10]
indirect-call	base-item-title	0xca5bb0	0xca5d62	0xca5ce3	-		call   QWORD PTR [rdx+0x8]
indirect-call	base-item-title	0xca5bb0	0xca5d62	0xca5cf0	-		call   QWORD PTR [rdx]
direct-call	base-item-title	0xca5bb0	0xca5d62	0xca5d45	0xa82c10		call   0x140a82c10
formatter	item-description-shared-superset	0xc75000	0xc796aa	-	-		
literal	item-description-shared-superset	0xc75000	0xc796aa	0xc75053	0x1684e58	[P]	lea    rdx,[rip+0xa0fdfe]        # 0x141684e58
direct-call	item-description-shared-superset	0xc75000	0xc796aa	0xc7505d	0x6f560		call   0x14006f560
indirect-call	item-description-shared-superset	0xc75000	0xc796aa	0xc7506c	-		call   QWORD PTR [rax]
indirect-call	item-description-shared-superset	0xc75000	0xc796aa	0xc75080	-		call   QWORD PTR [rax+0x18]
direct-call	item-description-shared-superset	0xc75000	0xc796aa	0xc75092	0x14d880		call   0x14014d880
indirect-call	item-description-shared-superset	0xc75000	0xc796aa	0xc750ad	-		call   QWORD PTR [rax]
indirect-call	item-description-shared-superset	0xc75000	0xc796aa	0xc750d0	-		call   QWORD PTR [rax]
indirect-call	item-description-shared-superset	0xc75000	0xc796aa	0xc750df	-		call   QWORD PTR [rax]
indirect-call	item-description-shared-superset	0xc75000	0xc796aa	0xc750ee	-		call   QWORD PTR [rax]
indirect-call	item-description-shared-superset	0xc75000	0xc796aa	0xc750fd	-		call   QWORD PTR [rax]
indirect-call	item-description-shared-superset	0xc75000	0xc796aa	0xc7510c	-		call   QWORD PTR [rax]
indirect-call	item-description-shared-superset	0xc75000	0xc796aa	0xc7511b	-		call   QWORD PTR [rax]
indirect-call	item-description-shared-superset	0xc75000	0xc796aa	0xc7512a	-		call   QWORD PTR [rax]
indirect-call	item-description-shared-superset	0xc75000	0xc796aa	0xc75139	-		call   QWORD PTR [rax]
indirect-call	item-description-shared-superset	0xc75000	0xc796aa	0xc75148	-		call   QWORD PTR [rax]
indirect-call	item-description-shared-superset	0xc75000	0xc796aa	0xc7515c	-		call   QWORD PTR [rax]
indirect-call	item-description-shared-superset	0xc75000	0xc796aa	0xc7516b	-		call   QWORD PTR [rax+0x18]
indirect-call	item-description-shared-superset	0xc75000	0xc796aa	0xc75177	-		call   QWORD PTR [rdx+0x10]
direct-call	item-description-shared-superset	0xc75000	0xc796aa	0xc7518d	0x145bee0		call   0x14145bee0
indirect-call	item-description-shared-superset	0xc75000	0xc796aa	0xc751a8	-		call   QWORD PTR [rax+0x18]
indirect-call	item-description-shared-superset	0xc75000	0xc796aa	0xc751b4	-		call   QWORD PTR [rdx+0x10]
direct-call	item-description-shared-superset	0xc75000	0xc796aa	0xc751ca	0x145bee0		call   0x14145bee0
indirect-call	item-description-shared-superset	0xc75000	0xc796aa	0xc751e6	-		call   QWORD PTR [rax]
indirect-call	item-description-shared-superset	0xc75000	0xc796aa	0xc751f5	-		call   QWORD PTR [rax]
indirect-call	item-description-shared-superset	0xc75000	0xc796aa	0xc75204	-		call   QWORD PTR [rax]
indirect-call	item-description-shared-superset	0xc75000	0xc796aa	0xc75213	-		call   QWORD PTR [rax]
indirect-call	item-description-shared-superset	0xc75000	0xc796aa	0xc75222	-		call   QWORD PTR [rax]
indirect-call	item-description-shared-superset	0xc75000	0xc796aa	0xc75231	-		call   QWORD PTR [rax]
indirect-call	item-description-shared-superset	0xc75000	0xc796aa	0xc75242	-		call   QWORD PTR [rax]
indirect-call	item-description-shared-superset	0xc75000	0xc796aa	0xc75253	-		call   QWORD PTR [rax+0x10]
indirect-call	item-description-shared-superset	0xc75000	0xc796aa	0xc75262	-		call   QWORD PTR [rax+0x18]
indirect-call	item-description-shared-superset	0xc75000	0xc796aa	0xc75279	-		call   QWORD PTR [rax]
indirect-call	item-description-shared-superset	0xc75000	0xc796aa	0xc75289	-		call   QWORD PTR [rax+0x10]
indirect-call	item-description-shared-superset	0xc75000	0xc796aa	0xc7529b	-		call   QWORD PTR [rax+0x6c0]
indirect-call	item-description-shared-superset	0xc75000	0xc796aa	0xc752c0	-		call   QWORD PTR [rax]
indirect-call	item-description-shared-superset	0xc75000	0xc796aa	0xc752cf	-		call   QWORD PTR [rax+0x18]
indirect-call	item-description-shared-superset	0xc75000	0xc796aa	0xc752df	-		call   QWORD PTR [rax+0x478]
literal	item-description-shared-superset	0xc75000	0xc796aa	0xc752f6	0x16ee300	This is	lea    rax,[rip+0xa79003]        # 0x1416ee300
literal	item-description-shared-superset	0xc75000	0xc796aa	0xc752fd	0x16ee308	These are	lea    rdx,[rip+0xa79004]        # 0x1416ee308
direct-call	item-description-shared-superset	0xc75000	0xc796aa	0xc7530b	0x6f560		call   0x14006f560
literal	item-description-shared-superset	0xc75000	0xc796aa	0xc75318	0x16492ac	 a	lea    rdx,[rip+0x9d3f8d]        # 0x1416492ac
direct-call	item-description-shared-superset	0xc75000	0xc796aa	0xc75322	0x6f560		call   0x14006f560
indirect-call	item-description-shared-superset	0xc75000	0xc796aa	0xc7532e	-		call   QWORD PTR [rax+0x508]
literal	item-description-shared-superset	0xc75000	0xc796aa	0xc7534d	0x1649304	n	lea    rdx,[rip+0x9d3fb0]        # 0x141649304
literal	item-description-shared-superset	0xc75000	0xc796aa	0xc75359	0x16ee2e8	This is a stack of	lea    rdx,[rip+0xa78f88]        # 0x1416ee2e8
direct-call	item-description-shared-superset	0xc75000	0xc796aa	0xc75360	0x6f560		call   0x14006f560
indirect-call	item-description-shared-superset	0xc75000	0xc796aa	0xc7536c	-		call   QWORD PTR [rax+0x478]
literal	item-description-shared-superset	0xc75000	0xc796aa	0xc75377	0x15e873c	 	lea    rdx,[rip+0x9733be]        # 0x1415e873c
direct-call	item-description-shared-superset	0xc75000	0xc796aa	0xc75381	0x6f560		call   0x14006f560
indirect-call	item-description-shared-superset	0xc75000	0xc796aa	0xc7538d	-		call   QWORD PTR [rax+0x478]
direct-call	item-description-shared-superset	0xc75000	0xc796aa	0xc75398	0x52c130		call   0x14052c130
indirect-call	item-description-shared-superset	0xc75000	0xc796aa	0xc753a6	-		call   QWORD PTR [rax+0x478]
literal	item-description-shared-superset	0xc75000	0xc796aa	0xc753b1	0x16157c0	These are 	lea    rdx,[rip+0x9a0408]        # 0x1416157c0
direct-call	item-description-shared-superset	0xc75000	0xc796aa	0xc753bb	0x6f560		call   0x14006f560
indirect-call	item-description-shared-superset	0xc75000	0xc796aa	0xc753c7	-		call   QWORD PTR [rax+0x478]
direct-call	item-description-shared-superset	0xc75000	0xc796aa	0xc753d2	0x52c130		call   0x14052c130
literal	item-description-shared-superset	0xc75000	0xc796aa	0xc753d7	0x16ee2d8	 bundles of	lea    rdx,[rip+0xa78efa]        # 0x1416ee2d8
literal	item-description-shared-superset	0xc75000	0xc796aa	0xc753e0	0x16ee2c0	This is a bundle of	lea    rdx,[rip+0xa78ed9]        # 0x1416ee2c0
direct-call	item-description-shared-superset	0xc75000	0xc796aa	0xc753ea	0x6f560		call   0x14006f560
direct-call	item-description-shared-superset	0xc75000	0xc796aa	0xc753f3	0x6f690		call   0x14006f690
direct-call	item-description-shared-superset	0xc75000	0xc796aa	0xc7540b	0xc65450		call   0x140c65450
indirect-call	item-description-shared-superset	0xc75000	0xc796aa	0xc75426	-		call   QWORD PTR [rax]
indirect-call	item-description-shared-superset	0xc75000	0xc796aa	0xc7543c	-		call   rdx
literal	item-description-shared-superset	0xc75000	0xc796aa	0xc7545a	0x16ee250	 masterfully prepared	lea    rdx,[rip+0xa78def]        # 0x1416ee250
literal	item-description-shared-superset	0xc75000	0xc796aa	0xc75463	0x16ee268	 exceptional prepared	lea    rdx,[rip+0xa78dfe]        # 0x1416ee268
literal	item-description-shared-superset	0xc75000	0xc796aa	0xc7546c	0x16ee280	 superiorly prepared	lea    rdx,[rip+0xa78e0d]        # 0x1416ee280
literal	item-description-shared-superset	0xc75000	0xc796aa	0xc75475	0x16ee298	 finely-prepared	lea    rdx,[rip+0xa78e1c]        # 0x1416ee298
literal	item-description-shared-superset	0xc75000	0xc796aa	0xc7547e	0x16ee2b0	 well-prepared	lea    rdx,[rip+0xa78e2b]        # 0x1416ee2b0
indirect-call	item-description-shared-superset	0xc75000	0xc796aa	0xc75487	-		call   rdx
literal	item-description-shared-superset	0xc75000	0xc796aa	0xc754a5	0x16ee218	 masterful	lea    rdx,[rip+0xa78d6c]        # 0x1416ee218
literal	item-description-shared-superset	0xc75000	0xc796aa	0xc754ae	0x16ee228	 exceptional	lea    rdx,[rip+0xa78d73]        # 0x1416ee228
literal	item-description-shared-superset	0xc75000	0xc796aa	0xc754b7	0x16ee238	 superior quality	lea    rdx,[rip+0xa78d7a]        # 0x1416ee238
literal	item-description-shared-superset	0xc75000	0xc796aa	0xc754c0	0x166d810	 finely-crafted	lea    rdx,[rip+0x9f8349]        # 0x14166d810
literal	item-description-shared-superset	0xc75000	0xc796aa	0xc754c9	0x166d800	 well-crafted	lea    rdx,[rip+0x9f8330]        # 0x14166d800
direct-call	item-description-shared-superset	0xc75000	0xc796aa	0xc754d3	0x6f560		call   0x14006f560
literal	item-description-shared-superset	0xc75000	0xc796aa	0xc754d8	0x15e873c	 	lea    rdx,[rip+0x97325d]        # 0x1415e873c
direct-call	item-description-shared-superset	0xc75000	0xc796aa	0xc754e2	0x6f560		call   0x14006f560
direct-call	item-description-shared-superset	0xc75000	0xc796aa	0xc754ee	0xb9d10		call   0x1400b9d10
indirect-call	item-description-shared-superset	0xc75000	0xc796aa	0xc75509	-		call   QWORD PTR [rax+0x508]
indirect-call	item-description-shared-superset	0xc75000	0xc796aa	0xc75520	-		call   QWORD PTR [rax+0x1e8]
direct-call	item-description-shared-superset	0xc75000	0xc796aa	0xc7552f	0x67dc0		call   0x140067dc0
literal	item-description-shared-superset	0xc75000	0xc796aa	0xc75543	0x16d8e28	 created by 	lea    rdx,[rip+0xa638de]        # 0x1416d8e28
direct-call	item-description-shared-superset	0xc75000	0xc796aa	0xc7554a	0x6f560		call   0x14006f560
literal	item-description-shared-superset	0xc75000	0xc796aa	0xc7555e	0x15fdb08	[LPAGE:HF:	lea    rdx,[rip+0x9885a3]        # 0x1415fdb08
direct-call	item-description-shared-superset	0xc75000	0xc796aa	0xc75568	0x6f560		call   0x14006f560
direct-call	item-description-shared-superset	0xc75000	0xc796aa	0xc75576	0x52c130		call   0x14052c130
literal	item-description-shared-superset	0xc75000	0xc796aa	0xc7557b	0x15fd690	]	lea    rdx,[rip+0x98810e]        # 0x1415fd690
direct-call	item-description-shared-superset	0xc75000	0xc796aa	0xc75585	0x6f560		call   0x14006f560
direct-call	item-description-shared-superset	0xc75000	0xc796aa	0xc7558d	0xc0f660		call   0x140c0f660
direct-call	item-description-shared-superset	0xc75000	0xc796aa	0xc755a4	0xa94030		call   0x140a94030
direct-call	item-description-shared-superset	0xc75000	0xc796aa	0xc755b0	0xb9d10		call   0x1400b9d10
literal	item-description-shared-superset	0xc75000	0xc796aa	0xc755b9	0x15fda88	[/LPAGE]	lea    rdx,[rip+0x9884c8]        # 0x1415fda88
direct-call	item-description-shared-superset	0xc75000	0xc796aa	0xc755c3	0x6f560		call   0x14006f560
literal	item-description-shared-superset	0xc75000	0xc796aa	0xc755cd	0x15fd968	.  	lea    rdx,[rip+0x988394]        # 0x1415fd968
direct-call	item-description-shared-superset	0xc75000	0xc796aa	0xc755d7	0x6f560		call   0x14006f560
literal	item-description-shared-superset	0xc75000	0xc796aa	0xc755f0	0x16ee1ec	All 	lea    rdx,[rip+0xa78bf5]        # 0x1416ee1ec
direct-call	item-description-shared-superset	0xc75000	0xc796aa	0xc755fa	0x6f560		call   0x14006f560
direct-call	item-description-shared-superset	0xc75000	0xc796aa	0xc75603	0x6f690		call   0x14006f690
indirect-call	item-description-shared-superset	0xc75000	0xc796aa	0xc75610	-		call   QWORD PTR [rax+0x590]
direct-call	item-description-shared-superset	0xc75000	0xc796aa	0xc75624	0x1bb2e0		call   0x1401bb2e0
indirect-call	item-description-shared-superset	0xc75000	0xc796aa	0xc75634	-		call   QWORD PTR [rax+0x590]
direct-call	item-description-shared-superset	0xc75000	0xc796aa	0xc75657	0x1bb330		call   0x1401bb330
literal	item-description-shared-superset	0xc75000	0xc796aa	0xc7565e	0x16ee1f8	 created by an unknown artisan	lea    rdx,[rip+0xa78b93]        # 0x1416ee1f8
direct-call	item-description-shared-superset	0xc75000	0xc796aa	0xc75665	0x6f560		call   0x14006f560
literal	item-description-shared-superset	0xc75000	0xc796aa	0xc75676	0x162a8a8	craftsman	lea    rdx,[rip+0x9b522b]        # 0x14162a8a8
direct-call	item-description-shared-superset	0xc75000	0xc796aa	0xc75681	0x6f580		call   0x14006f580
direct-call	item-description-shared-superset	0xc75000	0xc796aa	0xc7568d	0xb9d10		call   0x1400b9d10
literal	item-description-shared-superset	0xc75000	0xc796aa	0xc75692	0x16ee1c8	ship is of the highest quality.  	lea    rdx,[rip+0xa78b2f]        # 0x1416ee1c8
direct-call	item-description-shared-superset	0xc75000	0xc796aa	0xc7569c	0x6f560		call   0x14006f560
direct-call	item-description-shared-superset	0xc75000	0xc796aa	0xc756a6	0x67e30		call   0x140067e30
indirect-call	item-description-shared-superset	0xc75000	0xc796aa	0xc756b2	-		call   QWORD PTR [rax]
indirect-call	item-description-shared-superset	0xc75000	0xc796aa	0xc756d7	-		call   QWORD PTR [rax+0x590]
direct-call	item-description-shared-superset	0xc75000	0xc796aa	0xc756e8	0xaccd40		call   0x140accd40
literal	item-description-shared-superset	0xc75000	0xc796aa	0xc756f9	0x16ee1b0	It is sized for 	lea    rdx,[rip+0xa78ab0]        # 0x1416ee1b0
direct-call	item-description-shared-superset	0xc75000	0xc796aa	0xc75703	0x6f560		call   0x14006f560
direct-call	item-description-shared-superset	0xc75000	0xc796aa	0xc7570c	0x6f690		call   0x14006f690
direct-call	item-description-shared-superset	0xc75000	0xc796aa	0xc7571f	0xaa3bd0		call   0x140aa3bd0
direct-call	item-description-shared-superset	0xc75000	0xc796aa	0xc7572b	0xb9d10		call   0x1400b9d10
literal	item-description-shared-superset	0xc75000	0xc796aa	0xc75730	0x15fd968	.  	lea    rdx,[rip+0x988231]        # 0x1415fd968
direct-call	item-description-shared-superset	0xc75000	0xc796aa	0xc7573a	0x6f560		call   0x14006f560
direct-call	item-description-shared-superset	0xc75000	0xc796aa	0xc75744	0x67e30		call   0x140067e30
indirect-call	item-description-shared-superset	0xc75000	0xc796aa	0xc75758	-		call   QWORD PTR [rax+0x230]
direct-call	item-description-shared-superset	0xc75000	0xc796aa	0xc7577b	0xcc84d0		call   0x140cc84d0
direct-call	item-description-shared-superset	0xc75000	0xc796aa	0xc7578b	0xcc83e0		call   0x140cc83e0
direct-call	item-description-shared-superset	0xc75000	0xc796aa	0xc757b1	0x1453230		call   0x141453230
direct-call	item-description-shared-superset	0xc75000	0xc796aa	0xc757c6	0x6f690		call   0x14006f690
direct-call	item-description-shared-superset	0xc75000	0xc796aa	0xc75809	0x1451b10		call   0x141451b10
direct-call	item-description-shared-superset	0xc75000	0xc796aa	0xc75812	0x6f330		call   0x14006f330
literal	item-description-shared-superset	0xc75000	0xc796aa	0xc75822	0x163fca4	[R]	lea    rdx,[rip+0x9ca47b]        # 0x14163fca4
direct-call	item-description-shared-superset	0xc75000	0xc796aa	0xc7582c	0x6f560		call   0x14006f560
direct-call	item-description-shared-superset	0xc75000	0xc796aa	0xc75838	0xb9d10		call   0x1400b9d10
literal	item-description-shared-superset	0xc75000	0xc796aa	0xc7583d	0x163fca4	[R]	lea    rdx,[rip+0x9ca460]        # 0x14163fca4
direct-call	item-description-shared-superset	0xc75000	0xc796aa	0xc75847	0x6f560		call   0x14006f560
direct-call	item-description-shared-superset	0xc75000	0xc796aa	0xc75855	0xb9d10		call   0x1400b9d10
direct-call	item-description-shared-superset	0xc75000	0xc796aa	0xc7585f	0x67e30		call   0x140067e30
indirect-call	item-description-shared-superset	0xc75000	0xc796aa	0xc7586b	-		call   QWORD PTR [rax]
literal	item-description-shared-superset	0xc75000	0xc796aa	0xc75879	0x16ee198	The ingredients are 	lea    rdx,[rip+0xa78918]        # 0x1416ee198
direct-call	item-description-shared-superset	0xc75000	0xc796aa	0xc75883	0x6f560		call   0x14006f560
direct-call	item-description-shared-superset	0xc75000	0xc796aa	0xc75893	0x6ee50		call   0x14006ee50
literal	item-description-shared-superset	0xc75000	0xc796aa	0xc758a5	0x16ee150	minced 	lea    rbx,[rip+0xa788a4]        # 0x1416ee150
direct-call	item-description-shared-superset	0xc75000	0xc796aa	0xc758b9	0x6f220		call   0x14006f220
literal	item-description-shared-superset	0xc75000	0xc796aa	0xc758de	0x16ee158	masterfully 	lea    rdx,[rip+0xa78873]        # 0x1416ee158
literal	item-description-shared-superset	0xc75000	0xc796aa	0xc758e7	0x16ee168	exceptionally 	lea    rdx,[rip+0xa7887a]        # 0x1416ee168
literal	item-description-shared-superset	0xc75000	0xc796aa	0xc758f0	0x16ee178	superiorly 	lea    rdx,[rip+0xa78881]        # 0x1416ee178
literal	item-description-shared-superset	0xc75000	0xc796aa	0xc758f9	0x16ee188	finely 	lea    rdx,[rip+0xa78888]        # 0x1416ee188
literal	item-description-shared-superset	0xc75000	0xc796aa	0xc75902	0x16ee190	well-	lea    rdx,[rip+0xa78887]        # 0x1416ee190
direct-call	item-description-shared-superset	0xc75000	0xc796aa	0xc7590c	0x6f560		call   0x14006f560
direct-call	item-description-shared-superset	0xc75000	0xc796aa	0xc75917	0x6f220		call   0x14006f220
literal	item-description-shared-superset	0xc75000	0xc796aa	0xc7591f	0x16ee148	cooked 	lea    rdx,[rip+0xa78822]        # 0x1416ee148
direct-call	item-description-shared-superset	0xc75000	0xc796aa	0xc75931	0x6f560		call   0x14006f560
direct-call	item-description-shared-superset	0xc75000	0xc796aa	0xc7593c	0x6f220		call   0x14006f220
direct-call	item-description-shared-superset	0xc75000	0xc796aa	0xc7594e	0x6f220		call   0x14006f220
direct-call	item-description-shared-superset	0xc75000	0xc796aa	0xc75960	0x6f220		call   0x14006f220
direct-call	item-description-shared-superset	0xc75000	0xc796aa	0xc75972	0x6f220		call   0x14006f220
direct-call	item-description-shared-superset	0xc75000	0xc796aa	0xc759c3	0xa82c10		call   0x140a82c10
direct-call	item-description-shared-superset	0xc75000	0xc796aa	0xc759cf	0xb9d10		call   0x1400b9d10
literal	item-description-shared-superset	0xc75000	0xc796aa	0xc759da	0x15e90d8	, 	lea    rdx,[rip+0x9736f7]        # 0x1415e90d8
literal	item-description-shared-superset	0xc75000	0xc796aa	0xc759e9	0x15e9110	 and 	lea    rdx,[rip+0x973720]        # 0x1415e9110
direct-call	item-description-shared-superset	0xc75000	0xc796aa	0xc759f3	0x6f560		call   0x14006f560
literal	item-description-shared-superset	0xc75000	0xc796aa	0xc75a00	0x15fd968	.  	lea    rdx,[rip+0x987f61]        # 0x1415fd968
direct-call	item-description-shared-superset	0xc75000	0xc796aa	0xc75a0a	0x6f560		call   0x14006f560
literal	item-description-shared-superset	0xc75000	0xc796aa	0xc75a13	0x16ee150	minced 	lea    rbx,[rip+0xa78736]        # 0x1416ee150
indirect-call	item-description-shared-superset	0xc75000	0xc796aa	0xc75a33	-		call   QWORD PTR [rax]
indirect-call	item-description-shared-superset	0xc75000	0xc796aa	0xc75a77	-		call   QWORD PTR [rax+0x28]
direct-call	item-description-shared-superset	0xc75000	0xc796aa	0xc75a8d	0x6f220		call   0x14006f220
direct-call	item-description-shared-superset	0xc75000	0xc796aa	0xc75a99	0x6f370		call   0x14006f370
literal	item-description-shared-superset	0xc75000	0xc796aa	0xc75ab8	0x163fca4	[R]	lea    rdx,[rip+0x9ca1e5]        # 0x14163fca4
direct-call	item-description-shared-superset	0xc75000	0xc796aa	0xc75abf	0x6f560		call   0x14006f560
literal	item-description-shared-superset	0xc75000	0xc796aa	0xc75ac4	0x15e9730	The pages are blank.	lea    rdx,[rip+0x973c65]        # 0x1415e9730
indirect-call	item-description-shared-superset	0xc75000	0xc796aa	0xc75ad7	-		call   QWORD PTR [rax+0x5a8]
direct-call	item-description-shared-superset	0xc75000	0xc796aa	0xc75b2d	0x6ee50		call   0x14006ee50
direct-call	item-description-shared-superset	0xc75000	0xc796aa	0xc75b56	0x6f220		call   0x14006f220
indirect-call	item-description-shared-superset	0xc75000	0xc796aa	0xc75b61	-		call   QWORD PTR [rax+0x28]
direct-call	item-description-shared-superset	0xc75000	0xc796aa	0xc75b73	0x6f220		call   0x14006f220
direct-call	item-description-shared-superset	0xc75000	0xc796aa	0xc75baa	0x145bee0		call   0x14145bee0
direct-call	item-description-shared-superset	0xc75000	0xc796aa	0xc75bd3	0x145bee0		call   0x14145bee0
direct-call	item-description-shared-superset	0xc75000	0xc796aa	0xc75bf1	0x145bee0		call   0x14145bee0
direct-call	item-description-shared-superset	0xc75000	0xc796aa	0xc75c0e	0x6f220		call   0x14006f220
indirect-call	item-description-shared-superset	0xc75000	0xc796aa	0xc75c19	-		call   QWORD PTR [rax+0x28]
direct-call	item-description-shared-superset	0xc75000	0xc796aa	0xc75c3f	0x6ee50		call   0x14006ee50
literal	item-description-shared-superset	0xc75000	0xc796aa	0xc75cf4	0x16ee140	It is 	lea    rdx,[rip+0xa78445]        # 0x1416ee140
direct-call	item-description-shared-superset	0xc75000	0xc796aa	0xc75cfe	0x6f560		call   0x14006f560
literal	item-description-shared-superset	0xc75000	0xc796aa	0xc75d1f	0x16ee100	glazed with	lea    rdx,[rip+0xa783da]        # 0x1416ee100
literal	item-description-shared-superset	0xc75000	0xc796aa	0xc75d28	0x16ee110	decorated with	lea    rdx,[rip+0xa783e1]        # 0x1416ee110
literal	item-description-shared-superset	0xc75000	0xc796aa	0xc75d31	0x16ee120	studded with	lea    rdx,[rip+0xa783e8]        # 0x1416ee120
literal	item-description-shared-superset	0xc75000	0xc796aa	0xc75d3a	0x16ee130	encrusted with	lea    rdx,[rip+0xa783ef]        # 0x1416ee130
direct-call	item-description-shared-superset	0xc75000	0xc796aa	0xc75d44	0x6f560		call   0x14006f560
literal	item-description-shared-superset	0xc75000	0xc796aa	0xc75d49	0x15e873c	 	lea    rdx,[rip+0x9729ec]        # 0x1415e873c
direct-call	item-description-shared-superset	0xc75000	0xc796aa	0xc75d53	0x6f560		call   0x14006f560
direct-call	item-description-shared-superset	0xc75000	0xc796aa	0xc75d5f	0x6ee50		call   0x14006ee50
direct-call	item-description-shared-superset	0xc75000	0xc796aa	0xc75d76	0x6f220		call   0x14006f220
indirect-call	item-description-shared-superset	0xc75000	0xc796aa	0xc75d81	-		call   QWORD PTR [rax+0x28]
direct-call	item-description-shared-superset	0xc75000	0xc796aa	0xc75d93	0x6f220		call   0x14006f220
direct-call	item-description-shared-superset	0xc75000	0xc796aa	0xc75dbb	0x6f220		call   0x14006f220
direct-call	item-description-shared-superset	0xc75000	0xc796aa	0xc75dd4	0x6f220		call   0x14006f220
direct-call	item-description-shared-superset	0xc75000	0xc796aa	0xc75de5	0x6f220		call   0x14006f220
direct-call	item-description-shared-superset	0xc75000	0xc796aa	0xc75e01	0x145bee0		call   0x14145bee0
direct-call	item-description-shared-superset	0xc75000	0xc796aa	0xc75e14	0x6f220		call   0x14006f220
direct-call	item-description-shared-superset	0xc75000	0xc796aa	0xc75e25	0x6f220		call   0x14006f220
direct-call	item-description-shared-superset	0xc75000	0xc796aa	0xc75e41	0x145bee0		call   0x14145bee0
direct-call	item-description-shared-superset	0xc75000	0xc796aa	0xc75e50	0x6f220		call   0x14006f220
direct-call	item-description-shared-superset	0xc75000	0xc796aa	0xc75e61	0x6f220		call   0x14006f220
direct-call	item-description-shared-superset	0xc75000	0xc796aa	0xc75e7d	0x145bee0		call   0x14145bee0
direct-call	item-description-shared-superset	0xc75000	0xc796aa	0xc75e95	0x6f220		call   0x14006f220
direct-call	item-description-shared-superset	0xc75000	0xc796aa	0xc75eae	0x6f220		call   0x14006f220
direct-call	item-description-shared-superset	0xc75000	0xc796aa	0xc75ebf	0x6f220		call   0x14006f220
direct-call	item-description-shared-superset	0xc75000	0xc796aa	0xc75edb	0x145bee0		call   0x14145bee0
direct-call	item-description-shared-superset	0xc75000	0xc796aa	0xc75eee	0x6f220		call   0x14006f220
direct-call	item-description-shared-superset	0xc75000	0xc796aa	0xc75eff	0x6f220		call   0x14006f220
direct-call	item-description-shared-superset	0xc75000	0xc796aa	0xc75f1b	0x145bee0		call   0x14145bee0
direct-call	item-description-shared-superset	0xc75000	0xc796aa	0xc75f2a	0x6f220		call   0x14006f220
direct-call	item-description-shared-superset	0xc75000	0xc796aa	0xc75f3b	0x6f220		call   0x14006f220
direct-call	item-description-shared-superset	0xc75000	0xc796aa	0xc75f57	0x145bee0		call   0x14145bee0
direct-call	item-description-shared-superset	0xc75000	0xc796aa	0xc75f6c	0x6f220		call   0x14006f220
direct-call	item-description-shared-superset	0xc75000	0xc796aa	0xc75f81	0x6f220		call   0x14006f220
direct-call	item-description-shared-superset	0xc75000	0xc796aa	0xc75f92	0x6f220		call   0x14006f220
direct-call	item-description-shared-superset	0xc75000	0xc796aa	0xc75fae	0x145bee0		call   0x14145bee0
direct-call	item-description-shared-superset	0xc75000	0xc796aa	0xc75fc3	0x6f220		call   0x14006f220
direct-call	item-description-shared-superset	0xc75000	0xc796aa	0xc75ff5	0x6f220		call   0x14006f220
literal	item-description-shared-superset	0xc75000	0xc796aa	0xc76020	0x16ee090	masterfully prepared 	lea    rdx,[rip+0xa78069]        # 0x1416ee090
literal	item-description-shared-superset	0xc75000	0xc796aa	0xc76029	0x16ee0a8	exceptionally prepared 	lea    rdx,[rip+0xa78078]        # 0x1416ee0a8
literal	item-description-shared-superset	0xc75000	0xc796aa	0xc76032	0x16ee0c0	superior quality 	lea    rdx,[rip+0xa78087]        # 0x1416ee0c0
literal	item-description-shared-superset	0xc75000	0xc796aa	0xc7603b	0x16ee0d8	finely-prepared 	lea    rdx,[rip+0xa78096]        # 0x1416ee0d8
literal	item-description-shared-superset	0xc75000	0xc796aa	0xc76044	0x16ee0f0	well-prepared 	lea    rdx,[rip+0xa780a5]        # 0x1416ee0f0
literal	item-description-shared-superset	0xc75000	0xc796aa	0xc76066	0x16ee040	masterfully worked 	lea    rdx,[rip+0xa77fd3]        # 0x1416ee040
literal	item-description-shared-superset	0xc75000	0xc796aa	0xc7606f	0x16ee058	exceptionally worked 	lea    rdx,[rip+0xa77fe2]        # 0x1416ee058
literal	item-description-shared-superset	0xc75000	0xc796aa	0xc76078	0x16ee070	finely-crafted 	lea    rdx,[rip+0xa77ff1]        # 0x1416ee070
literal	item-description-shared-superset	0xc75000	0xc796aa	0xc76081	0x16ee080	well-crafted 	lea    rdx,[rip+0xa77ff8]        # 0x1416ee080
direct-call	item-description-shared-superset	0xc75000	0xc796aa	0xc7608b	0x6f560		call   0x14006f560
direct-call	item-description-shared-superset	0xc75000	0xc796aa	0xc76094	0x6f690		call   0x14006f690
direct-call	item-description-shared-superset	0xc75000	0xc796aa	0xc760aa	0x6f220		call   0x14006f220
direct-call	item-description-shared-superset	0xc75000	0xc796aa	0xc760bb	0x6f220		call   0x14006f220
direct-call	item-description-shared-superset	0xc75000	0xc796aa	0xc760e9	0x14e1ec0		call   0x1414e1ec0
direct-call	item-description-shared-superset	0xc75000	0xc796aa	0xc760fd	0x6f220		call   0x14006f220
direct-call	item-description-shared-superset	0xc75000	0xc796aa	0xc7610e	0x6f220		call   0x14006f220
direct-call	item-description-shared-superset	0xc75000	0xc796aa	0xc7613c	0x14d1920		call   0x1414d1920
direct-call	item-description-shared-superset	0xc75000	0xc796aa	0xc76148	0xb9d10		call   0x1400b9d10
direct-call	item-description-shared-superset	0xc75000	0xc796aa	0xc76162	0x6f220		call   0x14006f220
direct-call	item-description-shared-superset	0xc75000	0xc796aa	0xc7617b	0x6f220		call   0x14006f220
direct-call	item-description-shared-superset	0xc75000	0xc796aa	0xc7618d	0x67dc0		call   0x140067dc0
literal	item-description-shared-superset	0xc75000	0xc796aa	0xc761a1	0x15eda08	 by 	lea    rdx,[rip+0x977860]        # 0x1415eda08
direct-call	item-description-shared-superset	0xc75000	0xc796aa	0xc761a8	0x6f560		call   0x14006f560
literal	item-description-shared-superset	0xc75000	0xc796aa	0xc761b8	0x15fdb08	[LPAGE:HF:	lea    rdx,[rip+0x987949]        # 0x1415fdb08
direct-call	item-description-shared-superset	0xc75000	0xc796aa	0xc761c2	0x6f560		call   0x14006f560
direct-call	item-description-shared-superset	0xc75000	0xc796aa	0xc761d0	0x52c130		call   0x14052c130
literal	item-description-shared-superset	0xc75000	0xc796aa	0xc761d5	0x15fd690	]	lea    rdx,[rip+0x9874b4]        # 0x1415fd690
direct-call	item-description-shared-superset	0xc75000	0xc796aa	0xc761df	0x6f560		call   0x14006f560
direct-call	item-description-shared-superset	0xc75000	0xc796aa	0xc761e7	0xc0f660		call   0x140c0f660
direct-call	item-description-shared-superset	0xc75000	0xc796aa	0xc761fe	0xa94030		call   0x140a94030
direct-call	item-description-shared-superset	0xc75000	0xc796aa	0xc7620a	0xb9d10		call   0x1400b9d10
literal	item-description-shared-superset	0xc75000	0xc796aa	0xc76213	0x15fda88	[/LPAGE]	lea    rdx,[rip+0x98786e]        # 0x1415fda88
literal	item-description-shared-superset	0xc75000	0xc796aa	0xc7621f	0x16ee028	 by an unknown artist	lea    rdx,[rip+0xa77e02]        # 0x1416ee028
direct-call	item-description-shared-superset	0xc75000	0xc796aa	0xc76226	0x6f560		call   0x14006f560
literal	item-description-shared-superset	0xc75000	0xc796aa	0xc76243	0x15e90d8	, 	lea    rdx,[rip+0x972e8e]        # 0x1415e90d8
literal	item-description-shared-superset	0xc75000	0xc796aa	0xc76251	0x15e9110	 and 	lea    rdx,[rip+0x972eb8]        # 0x1415e9110
direct-call	item-description-shared-superset	0xc75000	0xc796aa	0xc7625b	0x6f560		call   0x14006f560
direct-call	item-description-shared-superset	0xc75000	0xc796aa	0xc76265	0x67e30		call   0x140067e30
direct-call	item-description-shared-superset	0xc75000	0xc796aa	0xc7627d	0x6ee50		call   0x14006ee50
literal	item-description-shared-superset	0xc75000	0xc796aa	0xc7629c	0x15e90d8	, 	lea    rdx,[rip+0x972e35]        # 0x1415e90d8
literal	item-description-shared-superset	0xc75000	0xc796aa	0xc762a7	0x15e9110	 and 	lea    rdx,[rip+0x972e62]        # 0x1415e9110
literal	item-description-shared-superset	0xc75000	0xc796aa	0xc762b0	0x15fd968	.  	lea    rdx,[rip+0x9876b1]        # 0x1415fd968
direct-call	item-description-shared-superset	0xc75000	0xc796aa	0xc762ba	0x6f560		call   0x14006f560
literal	item-description-shared-superset	0xc75000	0xc796aa	0xc762ef	0x16ee140	It is 	lea    rdx,[rip+0xa77e4a]        # 0x1416ee140
direct-call	item-description-shared-superset	0xc75000	0xc796aa	0xc762f9	0x6f560		call   0x14006f560
literal	item-description-shared-superset	0xc75000	0xc796aa	0xc762fe	0x16ee008	encircled with bands of 	lea    rdx,[rip+0xa77d03]        # 0x1416ee008
direct-call	item-description-shared-superset	0xc75000	0xc796aa	0xc76308	0x6f560		call   0x14006f560
direct-call	item-description-shared-superset	0xc75000	0xc796aa	0xc7631f	0x6ee50		call   0x14006ee50
direct-call	item-description-shared-superset	0xc75000	0xc796aa	0xc76337	0x6f220		call   0x14006f220
indirect-call	item-description-shared-superset	0xc75000	0xc796aa	0xc76342	-		call   QWORD PTR [rax+0x28]
direct-call	item-description-shared-superset	0xc75000	0xc796aa	0xc76354	0x6f220		call   0x14006f220
direct-call	item-description-shared-superset	0xc75000	0xc796aa	0xc7636b	0x6f220		call   0x14006f220
literal	item-description-shared-superset	0xc75000	0xc796aa	0xc76390	0x16ee040	masterfully worked 	lea    rdx,[rip+0xa77ca9]        # 0x1416ee040
literal	item-description-shared-superset	0xc75000	0xc796aa	0xc76399	0x16ee058	exceptionally worked 	lea    rdx,[rip+0xa77cb8]        # 0x1416ee058
literal	item-description-shared-superset	0xc75000	0xc796aa	0xc763a2	0x16ee0c0	superior quality 	lea    rdx,[rip+0xa77d17]        # 0x1416ee0c0
literal	item-description-shared-superset	0xc75000	0xc796aa	0xc763ab	0x16ee070	finely-crafted 	lea    rdx,[rip+0xa77cbe]        # 0x1416ee070
literal	item-description-shared-superset	0xc75000	0xc796aa	0xc763b4	0x16ee080	well-crafted 	lea    rdx,[rip+0xa77cc5]        # 0x1416ee080
direct-call	item-description-shared-superset	0xc75000	0xc796aa	0xc763be	0x6f560		call   0x14006f560
direct-call	item-description-shared-superset	0xc75000	0xc796aa	0xc763c7	0x6f690		call   0x14006f690
direct-call	item-description-shared-superset	0xc75000	0xc796aa	0xc763dd	0x6f220		call   0x14006f220
direct-call	item-description-shared-superset	0xc75000	0xc796aa	0xc763ee	0x6f220		call   0x14006f220
direct-call	item-description-shared-superset	0xc75000	0xc796aa	0xc7641c	0x14e1ec0		call   0x1414e1ec0
direct-call	item-description-shared-superset	0xc75000	0xc796aa	0xc7642b	0x6f220		call   0x14006f220
direct-call	item-description-shared-superset	0xc75000	0xc796aa	0xc7643c	0x6f220		call   0x14006f220
direct-call	item-description-shared-superset	0xc75000	0xc796aa	0xc76466	0x14d1920		call   0x1414d1920
direct-call	item-description-shared-superset	0xc75000	0xc796aa	0xc76472	0xb9d10		call   0x1400b9d10
direct-call	item-description-shared-superset	0xc75000	0xc796aa	0xc7648f	0x6f220		call   0x14006f220
direct-call	item-description-shared-superset	0xc75000	0xc796aa	0xc764a8	0x6f220		call   0x14006f220
direct-call	item-description-shared-superset	0xc75000	0xc796aa	0xc764ba	0x67dc0		call   0x140067dc0
literal	item-description-shared-superset	0xc75000	0xc796aa	0xc764cb	0x15eda08	 by 	lea    rdx,[rip+0x977536]        # 0x1415eda08
direct-call	item-description-shared-superset	0xc75000	0xc796aa	0xc764d5	0x6f560		call   0x14006f560
literal	item-description-shared-superset	0xc75000	0xc796aa	0xc764e5	0x15fdb08	[LPAGE:HF:	lea    rdx,[rip+0x98761c]        # 0x1415fdb08
direct-call	item-description-shared-superset	0xc75000	0xc796aa	0xc764ef	0x6f560		call   0x14006f560
direct-call	item-description-shared-superset	0xc75000	0xc796aa	0xc764fd	0x52c130		call   0x14052c130
literal	item-description-shared-superset	0xc75000	0xc796aa	0xc76502	0x15fd690	]	lea    rdx,[rip+0x987187]        # 0x1415fd690
direct-call	item-description-shared-superset	0xc75000	0xc796aa	0xc7650c	0x6f560		call   0x14006f560
direct-call	item-description-shared-superset	0xc75000	0xc796aa	0xc76514	0xc0f660		call   0x140c0f660
direct-call	item-description-shared-superset	0xc75000	0xc796aa	0xc7652b	0xa94030		call   0x140a94030
direct-call	item-description-shared-superset	0xc75000	0xc796aa	0xc76537	0xb9d10		call   0x1400b9d10
literal	item-description-shared-superset	0xc75000	0xc796aa	0xc76540	0x15fda88	[/LPAGE]	lea    rdx,[rip+0x987541]        # 0x1415fda88
direct-call	item-description-shared-superset	0xc75000	0xc796aa	0xc7654a	0x6f560		call   0x14006f560
literal	item-description-shared-superset	0xc75000	0xc796aa	0xc7655f	0x15e90d8	, 	lea    rdx,[rip+0x972b72]        # 0x1415e90d8
literal	item-description-shared-superset	0xc75000	0xc796aa	0xc7656e	0x15e9110	 and 	lea    rdx,[rip+0x972b9b]        # 0x1415e9110
direct-call	item-description-shared-superset	0xc75000	0xc796aa	0xc76578	0x6f560		call   0x14006f560
direct-call	item-description-shared-superset	0xc75000	0xc796aa	0xc76582	0x67e30		call   0x140067e30
direct-call	item-description-shared-superset	0xc75000	0xc796aa	0xc76590	0x6ee50		call   0x14006ee50
literal	item-description-shared-superset	0xc75000	0xc796aa	0xc765a8	0x15e90d8	, 	lea    rdx,[rip+0x972b29]        # 0x1415e90d8
literal	item-description-shared-superset	0xc75000	0xc796aa	0xc765b3	0x15e9110	 and 	lea    rdx,[rip+0x972b56]        # 0x1415e9110
literal	item-description-shared-superset	0xc75000	0xc796aa	0xc765bc	0x15fd968	.  	lea    rdx,[rip+0x9873a5]        # 0x1415fd968
direct-call	item-description-shared-superset	0xc75000	0xc796aa	0xc765c6	0x6f560		call   0x14006f560
direct-call	item-description-shared-superset	0xc75000	0xc796aa	0xc765f2	0x6ee50		call   0x14006ee50
direct-call	item-description-shared-superset	0xc75000	0xc796aa	0xc76609	0x6f220		call   0x14006f220
indirect-call	item-description-shared-superset	0xc75000	0xc796aa	0xc76614	-		call   QWORD PTR [rax+0x28]
direct-call	item-description-shared-superset	0xc75000	0xc796aa	0xc76624	0x6f690		call   0x14006f690
direct-call	item-description-shared-superset	0xc75000	0xc796aa	0xc76630	0x6f220		call   0x14006f220
direct-call	item-description-shared-superset	0xc75000	0xc796aa	0xc76642	0x6f220		call   0x14006f220
direct-call	item-description-shared-superset	0xc75000	0xc796aa	0xc76654	0x6f220		call   0x14006f220
direct-call	item-description-shared-superset	0xc75000	0xc796aa	0xc76674	0x6f220		call   0x14006f220
direct-call	item-description-shared-superset	0xc75000	0xc796aa	0xc766a9	0xcacd70		call   0x140cacd70
direct-call	item-description-shared-superset	0xc75000	0xc796aa	0xc766b5	0xb9d10		call   0x1400b9d10
direct-call	item-description-shared-superset	0xc75000	0xc796aa	0xc766bf	0x67e30		call   0x140067e30
direct-call	item-description-shared-superset	0xc75000	0xc796aa	0xc766d6	0x6ee50		call   0x14006ee50
direct-call	item-description-shared-superset	0xc75000	0xc796aa	0xc76707	0x6ee50		call   0x14006ee50
direct-call	item-description-shared-superset	0xc75000	0xc796aa	0xc76726	0x6f220		call   0x14006f220
indirect-call	item-description-shared-superset	0xc75000	0xc796aa	0xc76731	-		call   QWORD PTR [rax+0x28]
direct-call	item-description-shared-superset	0xc75000	0xc796aa	0xc7673f	0x6f220		call   0x14006f220
direct-call	item-description-shared-superset	0xc75000	0xc796aa	0xc7674b	0x6f690		call   0x14006f690
direct-call	item-description-shared-superset	0xc75000	0xc796aa	0xc76782	0xcad270		call   0x140cad270
direct-call	item-description-shared-superset	0xc75000	0xc796aa	0xc7678e	0xb9d10		call   0x1400b9d10
direct-call	item-description-shared-superset	0xc75000	0xc796aa	0xc767ad	0x67e30		call   0x140067e30
direct-call	item-description-shared-superset	0xc75000	0xc796aa	0xc767bb	0x6ee50		call   0x14006ee50
direct-call	item-description-shared-superset	0xc75000	0xc796aa	0xc767e9	0x6ee50		call   0x14006ee50
direct-call	item-description-shared-superset	0xc75000	0xc796aa	0xc76807	0x6f220		call   0x14006f220
indirect-call	item-description-shared-superset	0xc75000	0xc796aa	0xc76812	-		call   QWORD PTR [rax+0x28]
direct-call	item-description-shared-superset	0xc75000	0xc796aa	0xc76820	0x6f220		call   0x14006f220
direct-call	item-description-shared-superset	0xc75000	0xc796aa	0xc7682c	0x6f690		call   0x14006f690
direct-call	item-description-shared-superset	0xc75000	0xc796aa	0xc76863	0xcadcb0		call   0x140cadcb0
direct-call	item-description-shared-superset	0xc75000	0xc796aa	0xc7686f	0xb9d10		call   0x1400b9d10
direct-call	item-description-shared-superset	0xc75000	0xc796aa	0xc7688c	0x67e30		call   0x140067e30
direct-call	item-description-shared-superset	0xc75000	0xc796aa	0xc7689a	0x6ee50		call   0x14006ee50
direct-call	item-description-shared-superset	0xc75000	0xc796aa	0xc768ca	0x6ee50		call   0x14006ee50
direct-call	item-description-shared-superset	0xc75000	0xc796aa	0xc768e6	0x6f220		call   0x14006f220
indirect-call	item-description-shared-superset	0xc75000	0xc796aa	0xc768f1	-		call   QWORD PTR [rax+0x28]
literal	item-description-shared-superset	0xc75000	0xc796aa	0xc768fd	0x15ed9bc	The 	lea    rdx,[rip+0x9770b8]        # 0x1415ed9bc
direct-call	item-description-shared-superset	0xc75000	0xc796aa	0xc76907	0x6f560		call   0x14006f560
indirect-call	item-description-shared-superset	0xc75000	0xc796aa	0xc76913	-		call   QWORD PTR [rax]
direct-call	item-description-shared-superset	0xc75000	0xc796aa	0xc7692c	0x6f220		call   0x14006f220
direct-call	item-description-shared-superset	0xc75000	0xc796aa	0xc7693f	0x6f240		call   0x14006f240
direct-call	item-description-shared-superset	0xc75000	0xc796aa	0xc7694f	0x6f230		call   0x14006f230
direct-call	item-description-shared-superset	0xc75000	0xc796aa	0xc76961	0x6ee20		call   0x14006ee20
direct-call	item-description-shared-superset	0xc75000	0xc796aa	0xc7696b	0x657b0		call   0x1400657b0
direct-call	item-description-shared-superset	0xc75000	0xc796aa	0xc76984	0x6ee10		call   0x14006ee10
direct-call	item-description-shared-superset	0xc75000	0xc796aa	0xc76990	0x6fe40		call   0x14006fe40
direct-call	item-description-shared-superset	0xc75000	0xc796aa	0xc7699d	0x6ee10		call   0x14006ee10
direct-call	item-description-shared-superset	0xc75000	0xc796aa	0xc769ac	0xb9d10		call   0x1400b9d10
direct-call	item-description-shared-superset	0xc75000	0xc796aa	0xc769b5	0x6ee10		call   0x14006ee10
literal	item-description-shared-superset	0xc75000	0xc796aa	0xc769c7	0x16edff8	 are made from 	lea    rdx,[rip+0xa7762a]        # 0x1416edff8
literal	item-description-shared-superset	0xc75000	0xc796aa	0xc769d0	0x16edfe8	 is made from 	lea    rdx,[rip+0xa77611]        # 0x1416edfe8
direct-call	item-description-shared-superset	0xc75000	0xc796aa	0xc769d7	0x6f560		call   0x14006f560
direct-call	item-description-shared-superset	0xc75000	0xc796aa	0xc769e0	0x6ee00		call   0x14006ee00
direct-call	item-description-shared-superset	0xc75000	0xc796aa	0xc769f2	0x6ee20		call   0x14006ee20
direct-call	item-description-shared-superset	0xc75000	0xc796aa	0xc769fc	0x657b0		call   0x1400657b0
direct-call	item-description-shared-superset	0xc75000	0xc796aa	0xc76a11	0x6f220		call   0x14006f220
literal	item-description-shared-superset	0xc75000	0xc796aa	0xc76a36	0x16ee040	masterfully worked 	lea    rdx,[rip+0xa77603]        # 0x1416ee040
literal	item-description-shared-superset	0xc75000	0xc796aa	0xc76a3f	0x16ee058	exceptionally worked 	lea    rdx,[rip+0xa77612]        # 0x1416ee058
literal	item-description-shared-superset	0xc75000	0xc796aa	0xc76a48	0x16ee0c0	superior quality 	lea    rdx,[rip+0xa77671]        # 0x1416ee0c0
literal	item-description-shared-superset	0xc75000	0xc796aa	0xc76a51	0x16ee070	finely-crafted 	lea    rdx,[rip+0xa77618]        # 0x1416ee070
literal	item-description-shared-superset	0xc75000	0xc796aa	0xc76a5a	0x16ee080	well-crafted 	lea    rdx,[rip+0xa7761f]        # 0x1416ee080
direct-call	item-description-shared-superset	0xc75000	0xc796aa	0xc76a64	0x6f560		call   0x14006f560
direct-call	item-description-shared-superset	0xc75000	0xc796aa	0xc76a6f	0x6f220		call   0x14006f220
direct-call	item-description-shared-superset	0xc75000	0xc796aa	0xc76a80	0x6f220		call   0x14006f220
direct-call	item-description-shared-superset	0xc75000	0xc796aa	0xc76aa9	0x14d1920		call   0x1414d1920
direct-call	item-description-shared-superset	0xc75000	0xc796aa	0xc76ab5	0xb9d10		call   0x1400b9d10
direct-call	item-description-shared-superset	0xc75000	0xc796aa	0xc76ace	0x6f220		call   0x14006f220
direct-call	item-description-shared-superset	0xc75000	0xc796aa	0xc76ae7	0x6f220		call   0x14006f220
direct-call	item-description-shared-superset	0xc75000	0xc796aa	0xc76af9	0x67dc0		call   0x140067dc0
literal	item-description-shared-superset	0xc75000	0xc796aa	0xc76b0a	0x15eda08	 by 	lea    rdx,[rip+0x976ef7]        # 0x1415eda08
direct-call	item-description-shared-superset	0xc75000	0xc796aa	0xc76b14	0x6f560		call   0x14006f560
literal	item-description-shared-superset	0xc75000	0xc796aa	0xc76b24	0x15fdb08	[LPAGE:HF:	lea    rdx,[rip+0x986fdd]        # 0x1415fdb08
direct-call	item-description-shared-superset	0xc75000	0xc796aa	0xc76b2e	0x6f560		call   0x14006f560
direct-call	item-description-shared-superset	0xc75000	0xc796aa	0xc76b3c	0x52c130		call   0x14052c130
literal	item-description-shared-superset	0xc75000	0xc796aa	0xc76b41	0x15fd690	]	lea    rdx,[rip+0x986b48]        # 0x1415fd690
direct-call	item-description-shared-superset	0xc75000	0xc796aa	0xc76b4b	0x6f560		call   0x14006f560
direct-call	item-description-shared-superset	0xc75000	0xc796aa	0xc76b53	0xc0f660		call   0x140c0f660
direct-call	item-description-shared-superset	0xc75000	0xc796aa	0xc76b6a	0xa94030		call   0x140a94030
direct-call	item-description-shared-superset	0xc75000	0xc796aa	0xc76b76	0xb9d10		call   0x1400b9d10
literal	item-description-shared-superset	0xc75000	0xc796aa	0xc76b7f	0x15fda88	[/LPAGE]	lea    rdx,[rip+0x986f02]        # 0x1415fda88
direct-call	item-description-shared-superset	0xc75000	0xc796aa	0xc76b89	0x6f560		call   0x14006f560
literal	item-description-shared-superset	0xc75000	0xc796aa	0xc76b90	0x15fd968	.  	lea    rdx,[rip+0x986dd1]        # 0x1415fd968
direct-call	item-description-shared-superset	0xc75000	0xc796aa	0xc76b9a	0x6f560		call   0x14006f560
direct-call	item-description-shared-superset	0xc75000	0xc796aa	0xc76ba8	0x6ee50		call   0x14006ee50
direct-call	item-description-shared-superset	0xc75000	0xc796aa	0xc76bd4	0x6ee50		call   0x14006ee50
direct-call	item-description-shared-superset	0xc75000	0xc796aa	0xc76beb	0x6f220		call   0x14006f220
indirect-call	item-description-shared-superset	0xc75000	0xc796aa	0xc76bf6	-		call   QWORD PTR [rax+0x28]
direct-call	item-description-shared-superset	0xc75000	0xc796aa	0xc76c08	0x6f220		call   0x14006f220
literal	item-description-shared-superset	0xc75000	0xc796aa	0xc76c26	0x16edf88	The chain is 	lea    rdx,[rip+0xa7735b]        # 0x1416edf88
literal	item-description-shared-superset	0xc75000	0xc796aa	0xc76c2f	0x16edf98	The rope is 	lea    rdx,[rip+0xa77362]        # 0x1416edf98
literal	item-description-shared-superset	0xc75000	0xc796aa	0xc76c38	0x16edfa8	The rollers are made from 	lea    rdx,[rip+0xa77369]        # 0x1416edfa8
literal	item-description-shared-superset	0xc75000	0xc796aa	0xc76c41	0x16edfc8	The handle is made from 	lea    rdx,[rip+0xa77380]        # 0x1416edfc8
direct-call	item-description-shared-superset	0xc75000	0xc796aa	0xc76c4b	0x6f560		call   0x14006f560
direct-call	item-description-shared-superset	0xc75000	0xc796aa	0xc76c60	0x6f220		call   0x14006f220
literal	item-description-shared-superset	0xc75000	0xc796aa	0xc76c85	0x16ee040	masterfully worked 	lea    rdx,[rip+0xa773b4]        # 0x1416ee040
literal	item-description-shared-superset	0xc75000	0xc796aa	0xc76c8e	0x16ee058	exceptionally worked 	lea    rdx,[rip+0xa773c3]        # 0x1416ee058
literal	item-description-shared-superset	0xc75000	0xc796aa	0xc76c97	0x16ee0c0	superior quality 	lea    rdx,[rip+0xa77422]        # 0x1416ee0c0
literal	item-description-shared-superset	0xc75000	0xc796aa	0xc76ca0	0x16ee070	finely-crafted 	lea    rdx,[rip+0xa773c9]        # 0x1416ee070
literal	item-description-shared-superset	0xc75000	0xc796aa	0xc76ca9	0x16ee080	well-crafted 	lea    rdx,[rip+0xa773d0]        # 0x1416ee080
direct-call	item-description-shared-superset	0xc75000	0xc796aa	0xc76cb3	0x6f560		call   0x14006f560
direct-call	item-description-shared-superset	0xc75000	0xc796aa	0xc76cbe	0x6f220		call   0x14006f220
direct-call	item-description-shared-superset	0xc75000	0xc796aa	0xc76ccf	0x6f220		call   0x14006f220
direct-call	item-description-shared-superset	0xc75000	0xc796aa	0xc76cfa	0x14d1920		call   0x1414d1920
direct-call	item-description-shared-superset	0xc75000	0xc796aa	0xc76d06	0xb9d10		call   0x1400b9d10
direct-call	item-description-shared-superset	0xc75000	0xc796aa	0xc76d1f	0x6f220		call   0x14006f220
direct-call	item-description-shared-superset	0xc75000	0xc796aa	0xc76d38	0x6f220		call   0x14006f220
direct-call	item-description-shared-superset	0xc75000	0xc796aa	0xc76d4a	0x67dc0		call   0x140067dc0
literal	item-description-shared-superset	0xc75000	0xc796aa	0xc76d5b	0x15eda08	 by 	lea    rdx,[rip+0x976ca6]        # 0x1415eda08
direct-call	item-description-shared-superset	0xc75000	0xc796aa	0xc76d65	0x6f560		call   0x14006f560
literal	item-description-shared-superset	0xc75000	0xc796aa	0xc76d75	0x15fdb08	[LPAGE:HF:	lea    rdx,[rip+0x986d8c]        # 0x1415fdb08
direct-call	item-description-shared-superset	0xc75000	0xc796aa	0xc76d7f	0x6f560		call   0x14006f560
direct-call	item-description-shared-superset	0xc75000	0xc796aa	0xc76d8d	0x52c130		call   0x14052c130
literal	item-description-shared-superset	0xc75000	0xc796aa	0xc76d92	0x15fd690	]	lea    rdx,[rip+0x9868f7]        # 0x1415fd690
direct-call	item-description-shared-superset	0xc75000	0xc796aa	0xc76d9c	0x6f560		call   0x14006f560
direct-call	item-description-shared-superset	0xc75000	0xc796aa	0xc76da4	0xc0f660		call   0x140c0f660
direct-call	item-description-shared-superset	0xc75000	0xc796aa	0xc76dbb	0xa94030		call   0x140a94030
direct-call	item-description-shared-superset	0xc75000	0xc796aa	0xc76dc7	0xb9d10		call   0x1400b9d10
literal	item-description-shared-superset	0xc75000	0xc796aa	0xc76dd0	0x15fda88	[/LPAGE]	lea    rdx,[rip+0x986cb1]        # 0x1415fda88
direct-call	item-description-shared-superset	0xc75000	0xc796aa	0xc76dda	0x6f560		call   0x14006f560
literal	item-description-shared-superset	0xc75000	0xc796aa	0xc76ddf	0x15fd968	.  	lea    rdx,[rip+0x986b82]        # 0x1415fd968
direct-call	item-description-shared-superset	0xc75000	0xc796aa	0xc76de9	0x6f560		call   0x14006f560
direct-call	item-description-shared-superset	0xc75000	0xc796aa	0xc76df7	0x6ee50		call   0x14006ee50
literal	item-description-shared-superset	0xc75000	0xc796aa	0xc76e50	0x16ee850	This object 	lea    rdx,[rip+0xa779f9]        # 0x1416ee850
direct-call	item-description-shared-superset	0xc75000	0xc796aa	0xc76e5a	0x6f560		call   0x14006f560
literal	item-description-shared-superset	0xc75000	0xc796aa	0xc76e65	0x16ee828	is adorned with hanging rings of 	lea    rdx,[rip+0xa779bc]        # 0x1416ee828
direct-call	item-description-shared-superset	0xc75000	0xc796aa	0xc76e6f	0x6f560		call   0x14006f560
direct-call	item-description-shared-superset	0xc75000	0xc796aa	0xc76e88	0x6ee50		call   0x14006ee50
direct-call	item-description-shared-superset	0xc75000	0xc796aa	0xc76ea6	0x6f220		call   0x14006f220
indirect-call	item-description-shared-superset	0xc75000	0xc796aa	0xc76eb1	-		call   QWORD PTR [rax+0x28]
direct-call	item-description-shared-superset	0xc75000	0xc796aa	0xc76ecd	0x6f220		call   0x14006f220
literal	item-description-shared-superset	0xc75000	0xc796aa	0xc76ef2	0x16ee040	masterfully worked 	lea    rdx,[rip+0xa77147]        # 0x1416ee040
literal	item-description-shared-superset	0xc75000	0xc796aa	0xc76efb	0x16ee058	exceptionally worked 	lea    rdx,[rip+0xa77156]        # 0x1416ee058
literal	item-description-shared-superset	0xc75000	0xc796aa	0xc76f04	0x16ee0c0	superior quality 	lea    rdx,[rip+0xa771b5]        # 0x1416ee0c0
literal	item-description-shared-superset	0xc75000	0xc796aa	0xc76f0d	0x16ee070	finely-crafted 	lea    rdx,[rip+0xa7715c]        # 0x1416ee070
literal	item-description-shared-superset	0xc75000	0xc796aa	0xc76f16	0x16ee080	well-crafted 	lea    rdx,[rip+0xa77163]        # 0x1416ee080
direct-call	item-description-shared-superset	0xc75000	0xc796aa	0xc76f20	0x6f560		call   0x14006f560
direct-call	item-description-shared-superset	0xc75000	0xc796aa	0xc76f2b	0x6f220		call   0x14006f220
direct-call	item-description-shared-superset	0xc75000	0xc796aa	0xc76f3c	0x6f220		call   0x14006f220
direct-call	item-description-shared-superset	0xc75000	0xc796aa	0xc76f66	0x14d1920		call   0x1414d1920
direct-call	item-description-shared-superset	0xc75000	0xc796aa	0xc76f72	0xb9d10		call   0x1400b9d10
direct-call	item-description-shared-superset	0xc75000	0xc796aa	0xc76f8b	0x6f220		call   0x14006f220
direct-call	item-description-shared-superset	0xc75000	0xc796aa	0xc76fa4	0x6f220		call   0x14006f220
direct-call	item-description-shared-superset	0xc75000	0xc796aa	0xc76fb6	0x67dc0		call   0x140067dc0
literal	item-description-shared-superset	0xc75000	0xc796aa	0xc76fc7	0x15eda08	 by 	lea    rdx,[rip+0x976a3a]        # 0x1415eda08
direct-call	item-description-shared-superset	0xc75000	0xc796aa	0xc76fd1	0x6f560		call   0x14006f560
literal	item-description-shared-superset	0xc75000	0xc796aa	0xc76fe1	0x15fdb08	[LPAGE:HF:	lea    rdx,[rip+0x986b20]        # 0x1415fdb08
direct-call	item-description-shared-superset	0xc75000	0xc796aa	0xc76feb	0x6f560		call   0x14006f560
direct-call	item-description-shared-superset	0xc75000	0xc796aa	0xc76ff9	0x52c130		call   0x14052c130
literal	item-description-shared-superset	0xc75000	0xc796aa	0xc76ffe	0x15fd690	]	lea    rdx,[rip+0x98668b]        # 0x1415fd690
direct-call	item-description-shared-superset	0xc75000	0xc796aa	0xc77008	0x6f560		call   0x14006f560
direct-call	item-description-shared-superset	0xc75000	0xc796aa	0xc77010	0xc0f660		call   0x140c0f660
direct-call	item-description-shared-superset	0xc75000	0xc796aa	0xc77027	0xa94030		call   0x140a94030
direct-call	item-description-shared-superset	0xc75000	0xc796aa	0xc77033	0xb9d10		call   0x1400b9d10
literal	item-description-shared-superset	0xc75000	0xc796aa	0xc7703c	0x15fda88	[/LPAGE]	lea    rdx,[rip+0x986a45]        # 0x1415fda88
direct-call	item-description-shared-superset	0xc75000	0xc796aa	0xc77046	0x6f560		call   0x14006f560
literal	item-description-shared-superset	0xc75000	0xc796aa	0xc77056	0x15e90d8	, 	lea    rdx,[rip+0x97207b]        # 0x1415e90d8
literal	item-description-shared-superset	0xc75000	0xc796aa	0xc77065	0x15e9110	 and 	lea    rdx,[rip+0x9720a4]        # 0x1415e9110
direct-call	item-description-shared-superset	0xc75000	0xc796aa	0xc7706f	0x6f560		call   0x14006f560
direct-call	item-description-shared-superset	0xc75000	0xc796aa	0xc7707d	0x6ee50		call   0x14006ee50
literal	item-description-shared-superset	0xc75000	0xc796aa	0xc770a9	0x15e90d8	, 	lea    rdx,[rip+0x972028]        # 0x1415e90d8
literal	item-description-shared-superset	0xc75000	0xc796aa	0xc770b5	0x15e9110	 and 	lea    rdx,[rip+0x972054]        # 0x1415e9110
literal	item-description-shared-superset	0xc75000	0xc796aa	0xc770be	0x15fd968	.  	lea    rdx,[rip+0x9868a3]        # 0x1415fd968
direct-call	item-description-shared-superset	0xc75000	0xc796aa	0xc770c8	0x6f560		call   0x14006f560
literal	item-description-shared-superset	0xc75000	0xc796aa	0xc770db	0x16ee850	This object 	lea    rdx,[rip+0xa7776e]        # 0x1416ee850
direct-call	item-description-shared-superset	0xc75000	0xc796aa	0xc770e5	0x6f560		call   0x14006f560
literal	item-description-shared-superset	0xc75000	0xc796aa	0xc770ea	0x16ee810	menaces with spikes of 	lea    rdx,[rip+0xa7771f]        # 0x1416ee810
direct-call	item-description-shared-superset	0xc75000	0xc796aa	0xc770f4	0x6f560		call   0x14006f560
direct-call	item-description-shared-superset	0xc75000	0xc796aa	0xc7710d	0x6ee50		call   0x14006ee50
direct-call	item-description-shared-superset	0xc75000	0xc796aa	0xc77128	0x6f220		call   0x14006f220
indirect-call	item-description-shared-superset	0xc75000	0xc796aa	0xc77133	-		call   QWORD PTR [rax+0x28]
direct-call	item-description-shared-superset	0xc75000	0xc796aa	0xc7714e	0x6f220		call   0x14006f220
literal	item-description-shared-superset	0xc75000	0xc796aa	0xc77173	0x16ee040	masterfully worked 	lea    rdx,[rip+0xa76ec6]        # 0x1416ee040
literal	item-description-shared-superset	0xc75000	0xc796aa	0xc7717c	0x16ee058	exceptionally worked 	lea    rdx,[rip+0xa76ed5]        # 0x1416ee058
literal	item-description-shared-superset	0xc75000	0xc796aa	0xc77185	0x16ee0c0	superior quality 	lea    rdx,[rip+0xa76f34]        # 0x1416ee0c0
literal	item-description-shared-superset	0xc75000	0xc796aa	0xc7718e	0x16ee070	finely-crafted 	lea    rdx,[rip+0xa76edb]        # 0x1416ee070
literal	item-description-shared-superset	0xc75000	0xc796aa	0xc77197	0x16ee080	well-crafted 	lea    rdx,[rip+0xa76ee2]        # 0x1416ee080
direct-call	item-description-shared-superset	0xc75000	0xc796aa	0xc771a1	0x6f560		call   0x14006f560
direct-call	item-description-shared-superset	0xc75000	0xc796aa	0xc771ac	0x6f220		call   0x14006f220
direct-call	item-description-shared-superset	0xc75000	0xc796aa	0xc771bd	0x6f220		call   0x14006f220
direct-call	item-description-shared-superset	0xc75000	0xc796aa	0xc771e7	0x14d1920		call   0x1414d1920
direct-call	item-description-shared-superset	0xc75000	0xc796aa	0xc771f3	0xb9d10		call   0x1400b9d10
direct-call	item-description-shared-superset	0xc75000	0xc796aa	0xc77210	0x6f220		call   0x14006f220
direct-call	item-description-shared-superset	0xc75000	0xc796aa	0xc77229	0x6f220		call   0x14006f220
direct-call	item-description-shared-superset	0xc75000	0xc796aa	0xc7723b	0x67dc0		call   0x140067dc0
literal	item-description-shared-superset	0xc75000	0xc796aa	0xc7724c	0x15eda08	 by 	lea    rdx,[rip+0x9767b5]        # 0x1415eda08
direct-call	item-description-shared-superset	0xc75000	0xc796aa	0xc77256	0x6f560		call   0x14006f560
literal	item-description-shared-superset	0xc75000	0xc796aa	0xc77263	0x15fdb08	[LPAGE:HF:	lea    rdx,[rip+0x98689e]        # 0x1415fdb08
direct-call	item-description-shared-superset	0xc75000	0xc796aa	0xc7726d	0x6f560		call   0x14006f560
direct-call	item-description-shared-superset	0xc75000	0xc796aa	0xc7727b	0x52c130		call   0x14052c130
literal	item-description-shared-superset	0xc75000	0xc796aa	0xc77280	0x15fd690	]	lea    rdx,[rip+0x986409]        # 0x1415fd690
direct-call	item-description-shared-superset	0xc75000	0xc796aa	0xc7728a	0x6f560		call   0x14006f560
direct-call	item-description-shared-superset	0xc75000	0xc796aa	0xc77292	0xc0f660		call   0x140c0f660
direct-call	item-description-shared-superset	0xc75000	0xc796aa	0xc772a9	0xa94030		call   0x140a94030
direct-call	item-description-shared-superset	0xc75000	0xc796aa	0xc772b5	0xb9d10		call   0x1400b9d10
literal	item-description-shared-superset	0xc75000	0xc796aa	0xc772be	0x15fda88	[/LPAGE]	lea    rdx,[rip+0x9867c3]        # 0x1415fda88
direct-call	item-description-shared-superset	0xc75000	0xc796aa	0xc772c8	0x6f560		call   0x14006f560
literal	item-description-shared-superset	0xc75000	0xc796aa	0xc772dd	0x15e90d8	, 	lea    rdx,[rip+0x971df4]        # 0x1415e90d8
literal	item-description-shared-superset	0xc75000	0xc796aa	0xc772ec	0x15e9110	 and 	lea    rdx,[rip+0x971e1d]        # 0x1415e9110
direct-call	item-description-shared-superset	0xc75000	0xc796aa	0xc772f6	0x6f560		call   0x14006f560
direct-call	item-description-shared-superset	0xc75000	0xc796aa	0xc77304	0x6ee50		call   0x14006ee50
literal	item-description-shared-superset	0xc75000	0xc796aa	0xc7731f	0x15e90d8	, 	lea    rdx,[rip+0x971db2]        # 0x1415e90d8
literal	item-description-shared-superset	0xc75000	0xc796aa	0xc7732b	0x15e9110	 and 	lea    rdx,[rip+0x971dde]        # 0x1415e9110
literal	item-description-shared-superset	0xc75000	0xc796aa	0xc77334	0x15fd968	.  	lea    rdx,[rip+0x98662d]        # 0x1415fd968
direct-call	item-description-shared-superset	0xc75000	0xc796aa	0xc7733e	0x6f560		call   0x14006f560
direct-call	item-description-shared-superset	0xc75000	0xc796aa	0xc77362	0x6ee50		call   0x14006ee50
direct-call	item-description-shared-superset	0xc75000	0xc796aa	0xc77376	0x6f220		call   0x14006f220
indirect-call	item-description-shared-superset	0xc75000	0xc796aa	0xc77381	-		call   QWORD PTR [rax+0x28]
direct-call	item-description-shared-superset	0xc75000	0xc796aa	0xc77392	0x6f220		call   0x14006f220
indirect-call	item-description-shared-superset	0xc75000	0xc796aa	0xc773a0	-		call   QWORD PTR [rax]
direct-call	item-description-shared-superset	0xc75000	0xc796aa	0xc773c3	0x71f90		call   0x140071f90
direct-call	item-description-shared-superset	0xc75000	0xc796aa	0xc773d6	0xb957b0		call   0x140b957b0
direct-call	item-description-shared-superset	0xc75000	0xc796aa	0xc773df	0x6f690		call   0x14006f690
direct-call	item-description-shared-superset	0xc75000	0xc796aa	0xc77443	0x1451b10		call   0x141451b10
literal	item-description-shared-superset	0xc75000	0xc796aa	0xc77455	0x16ee7f8	It is made from 	lea    rdx,[rip+0xa7739c]        # 0x1416ee7f8
direct-call	item-description-shared-superset	0xc75000	0xc796aa	0xc77460	0x6f560		call   0x14006f560
direct-call	item-description-shared-superset	0xc75000	0xc796aa	0xc7746b	0x6f220		call   0x14006f220
direct-call	item-description-shared-superset	0xc75000	0xc796aa	0xc7747c	0x6f220		call   0x14006f220
direct-call	item-description-shared-superset	0xc75000	0xc796aa	0xc774a6	0x14d1920		call   0x1414d1920
direct-call	item-description-shared-superset	0xc75000	0xc796aa	0xc774b3	0xb9d10		call   0x1400b9d10
literal	item-description-shared-superset	0xc75000	0xc796aa	0xc774b8	0x15fd968	.  	lea    rdx,[rip+0x9864a9]        # 0x1415fd968
direct-call	item-description-shared-superset	0xc75000	0xc796aa	0xc774c3	0x6f560		call   0x14006f560
direct-call	item-description-shared-superset	0xc75000	0xc796aa	0xc774cc	0x6f330		call   0x14006f330
literal	item-description-shared-superset	0xc75000	0xc796aa	0xc774dc	0x163fca4	[R]	lea    rdx,[rip+0x9c87c1]        # 0x14163fca4
direct-call	item-description-shared-superset	0xc75000	0xc796aa	0xc774e6	0x6f560		call   0x14006f560
direct-call	item-description-shared-superset	0xc75000	0xc796aa	0xc774f2	0xb9d10		call   0x1400b9d10
literal	item-description-shared-superset	0xc75000	0xc796aa	0xc774f7	0x163fca4	[R]	lea    rdx,[rip+0x9c87a6]        # 0x14163fca4
direct-call	item-description-shared-superset	0xc75000	0xc796aa	0xc77501	0x6f560		call   0x14006f560
direct-call	item-description-shared-superset	0xc75000	0xc796aa	0xc7750f	0xb9d10		call   0x1400b9d10
direct-call	item-description-shared-superset	0xc75000	0xc796aa	0xc77519	0x67e30		call   0x140067e30
direct-call	item-description-shared-superset	0xc75000	0xc796aa	0xc77527	0x6ee50		call   0x14006ee50
direct-call	item-description-shared-superset	0xc75000	0xc796aa	0xc77550	0x6ee50		call   0x14006ee50
direct-call	item-description-shared-superset	0xc75000	0xc796aa	0xc7757b	0x6f220		call   0x14006f220
indirect-call	item-description-shared-superset	0xc75000	0xc796aa	0xc77586	-		call   QWORD PTR [rax+0x28]
direct-call	item-description-shared-superset	0xc75000	0xc796aa	0xc7759d	0x6f220		call   0x14006f220
indirect-call	item-description-shared-superset	0xc75000	0xc796aa	0xc775ab	-		call   QWORD PTR [rax]
direct-call	item-description-shared-superset	0xc75000	0xc796aa	0xc775ce	0x71f90		call   0x140071f90
direct-call	item-description-shared-superset	0xc75000	0xc796aa	0xc775e1	0xb957b0		call   0x140b957b0
direct-call	item-description-shared-superset	0xc75000	0xc796aa	0xc775ea	0x6f690		call   0x14006f690
direct-call	item-description-shared-superset	0xc75000	0xc796aa	0xc77650	0x1451b10		call   0x141451b10
direct-call	item-description-shared-superset	0xc75000	0xc796aa	0xc77660	0x6f220		call   0x14006f220
direct-call	item-description-shared-superset	0xc75000	0xc796aa	0xc7767d	0x145bee0		call   0x14145bee0
direct-call	item-description-shared-superset	0xc75000	0xc796aa	0xc7769f	0x145bee0		call   0x14145bee0
direct-call	item-description-shared-superset	0xc75000	0xc796aa	0xc776c1	0x145bee0		call   0x14145bee0
literal	item-description-shared-superset	0xc75000	0xc796aa	0xc776d7	0x16ee7f8	It is made from 	lea    rdx,[rip+0xa7711a]        # 0x1416ee7f8
direct-call	item-description-shared-superset	0xc75000	0xc796aa	0xc776e2	0x6f560		call   0x14006f560
direct-call	item-description-shared-superset	0xc75000	0xc796aa	0xc7770b	0x14d1920		call   0x1414d1920
direct-call	item-description-shared-superset	0xc75000	0xc796aa	0xc77718	0xb9d10		call   0x1400b9d10
literal	item-description-shared-superset	0xc75000	0xc796aa	0xc7771d	0x15fd968	.  	lea    rdx,[rip+0x986244]        # 0x1415fd968
direct-call	item-description-shared-superset	0xc75000	0xc796aa	0xc77728	0x6f560		call   0x14006f560
direct-call	item-description-shared-superset	0xc75000	0xc796aa	0xc77736	0x6f690		call   0x14006f690
direct-call	item-description-shared-superset	0xc75000	0xc796aa	0xc77778	0xcacd70		call   0x140cacd70
direct-call	item-description-shared-superset	0xc75000	0xc796aa	0xc77785	0xb9d10		call   0x1400b9d10
direct-call	item-description-shared-superset	0xc75000	0xc796aa	0xc77795	0x6f690		call   0x14006f690
direct-call	item-description-shared-superset	0xc75000	0xc796aa	0xc777cc	0xcad270		call   0x140cad270
direct-call	item-description-shared-superset	0xc75000	0xc796aa	0xc777d9	0xb9d10		call   0x1400b9d10
direct-call	item-description-shared-superset	0xc75000	0xc796aa	0xc777e3	0x67e30		call   0x140067e30
direct-call	item-description-shared-superset	0xc75000	0xc796aa	0xc777ed	0x67e30		call   0x140067e30
direct-call	item-description-shared-superset	0xc75000	0xc796aa	0xc777f8	0x6f330		call   0x14006f330
literal	item-description-shared-superset	0xc75000	0xc796aa	0xc7780a	0x163fca4	[R]	lea    rdx,[rip+0x9c8493]        # 0x14163fca4
direct-call	item-description-shared-superset	0xc75000	0xc796aa	0xc77814	0x6f560		call   0x14006f560
direct-call	item-description-shared-superset	0xc75000	0xc796aa	0xc77820	0xb9d10		call   0x1400b9d10
literal	item-description-shared-superset	0xc75000	0xc796aa	0xc77825	0x163fca4	[R]	lea    rdx,[rip+0x9c8478]        # 0x14163fca4
direct-call	item-description-shared-superset	0xc75000	0xc796aa	0xc7782f	0x6f560		call   0x14006f560
direct-call	item-description-shared-superset	0xc75000	0xc796aa	0xc7783d	0xb9d10		call   0x1400b9d10
direct-call	item-description-shared-superset	0xc75000	0xc796aa	0xc77847	0x67e30		call   0x140067e30
direct-call	item-description-shared-superset	0xc75000	0xc796aa	0xc7785e	0x6ee50		call   0x14006ee50
direct-call	item-description-shared-superset	0xc75000	0xc796aa	0xc7788f	0x6ee50		call   0x14006ee50
direct-call	item-description-shared-superset	0xc75000	0xc796aa	0xc778a7	0x6f220		call   0x14006f220
indirect-call	item-description-shared-superset	0xc75000	0xc796aa	0xc778b2	-		call   QWORD PTR [rax+0x28]
direct-call	item-description-shared-superset	0xc75000	0xc796aa	0xc778c4	0x6f220		call   0x14006f220
direct-call	item-description-shared-superset	0xc75000	0xc796aa	0xc778d6	0x72570		call   0x140072570
direct-call	item-description-shared-superset	0xc75000	0xc796aa	0xc778ff	0x6f240		call   0x14006f240
direct-call	item-description-shared-superset	0xc75000	0xc796aa	0xc7790c	0x6f230		call   0x14006f230
direct-call	item-description-shared-superset	0xc75000	0xc796aa	0xc7791e	0x6ee20		call   0x14006ee20
direct-call	item-description-shared-superset	0xc75000	0xc796aa	0xc77928	0x657b0		call   0x1400657b0
direct-call	item-description-shared-superset	0xc75000	0xc796aa	0xc77941	0x6ee10		call   0x14006ee10
direct-call	item-description-shared-superset	0xc75000	0xc796aa	0xc77953	0x6ee10		call   0x14006ee10
direct-call	item-description-shared-superset	0xc75000	0xc796aa	0xc77969	0x6ee10		call   0x14006ee10
direct-call	item-description-shared-superset	0xc75000	0xc796aa	0xc7797b	0x6ee10		call   0x14006ee10
direct-call	item-description-shared-superset	0xc75000	0xc796aa	0xc7798b	0x6ee10		call   0x14006ee10
direct-call	item-description-shared-superset	0xc75000	0xc796aa	0xc779aa	0x6ee00		call   0x14006ee00
direct-call	item-description-shared-superset	0xc75000	0xc796aa	0xc779bc	0x6ee20		call   0x14006ee20
direct-call	item-description-shared-superset	0xc75000	0xc796aa	0xc779c6	0x657b0		call   0x1400657b0
direct-call	item-description-shared-superset	0xc75000	0xc796aa	0xc77a06	0xba1a0		call   0x1400ba1a0
direct-call	item-description-shared-superset	0xc75000	0xc796aa	0xc77a1c	0x6f690		call   0x14006f690
direct-call	item-description-shared-superset	0xc75000	0xc796aa	0xc77a26	0x6ee50		call   0x14006ee50
direct-call	item-description-shared-superset	0xc75000	0xc796aa	0xc77a32	0x52e360		call   0x14052e360
direct-call	item-description-shared-superset	0xc75000	0xc796aa	0xc77a3b	0x6f690		call   0x14006f690
literal	item-description-shared-superset	0xc75000	0xc796aa	0xc77a48	0x16ee7d8	On the faces of the object are 	lea    rdx,[rip+0xa76d89]        # 0x1416ee7d8
direct-call	item-description-shared-superset	0xc75000	0xc796aa	0xc77a53	0x6f560		call   0x14006f560
literal	item-description-shared-superset	0xc75000	0xc796aa	0xc77a96	0x16ee758	numbers	lea    rdx,[rip+0xa76cbb]        # 0x1416ee758
direct-call	item-description-shared-superset	0xc75000	0xc796aa	0xc77aa1	0x6f560		call   0x14006f560
literal	item-description-shared-superset	0xc75000	0xc796aa	0xc77ab9	0x16ee760	, ranging from 	lea    rdx,[rip+0xa76ca0]        # 0x1416ee760
direct-call	item-description-shared-superset	0xc75000	0xc796aa	0xc77ac4	0x6f560		call   0x14006f560
direct-call	item-description-shared-superset	0xc75000	0xc796aa	0xc77acd	0x6f690		call   0x14006f690
direct-call	item-description-shared-superset	0xc75000	0xc796aa	0xc77ada	0x52e360		call   0x14052e360
direct-call	item-description-shared-superset	0xc75000	0xc796aa	0xc77ae7	0xb9d10		call   0x1400b9d10
literal	item-description-shared-superset	0xc75000	0xc796aa	0xc77aec	0x15ed5b4	 to 	lea    rdx,[rip+0x975ac1]        # 0x1415ed5b4
direct-call	item-description-shared-superset	0xc75000	0xc796aa	0xc77af7	0x6f560		call   0x14006f560
direct-call	item-description-shared-superset	0xc75000	0xc796aa	0xc77b00	0x6f690		call   0x14006f690
direct-call	item-description-shared-superset	0xc75000	0xc796aa	0xc77b0d	0x52e360		call   0x14052e360
direct-call	item-description-shared-superset	0xc75000	0xc796aa	0xc77b1a	0xb9d10		call   0x1400b9d10
direct-call	item-description-shared-superset	0xc75000	0xc796aa	0xc77b24	0x67e30		call   0x140067e30
direct-call	item-description-shared-superset	0xc75000	0xc796aa	0xc77b2e	0x67e30		call   0x140067e30
literal	item-description-shared-superset	0xc75000	0xc796aa	0xc77b38	0x16ee770	dots	lea    rdx,[rip+0xa76c31]        # 0x1416ee770
direct-call	item-description-shared-superset	0xc75000	0xc796aa	0xc77b43	0x6f560		call   0x14006f560
literal	item-description-shared-superset	0xc75000	0xc796aa	0xc77b5b	0x16ee760	, ranging from 	lea    rdx,[rip+0xa76bfe]        # 0x1416ee760
direct-call	item-description-shared-superset	0xc75000	0xc796aa	0xc77b66	0x6f560		call   0x14006f560
direct-call	item-description-shared-superset	0xc75000	0xc796aa	0xc77b6f	0x6f690		call   0x14006f690
direct-call	item-description-shared-superset	0xc75000	0xc796aa	0xc77b7c	0x52e360		call   0x14052e360
direct-call	item-description-shared-superset	0xc75000	0xc796aa	0xc77b89	0xb9d10		call   0x1400b9d10
literal	item-description-shared-superset	0xc75000	0xc796aa	0xc77b8e	0x15ed5b4	 to 	lea    rdx,[rip+0x975a1f]        # 0x1415ed5b4
direct-call	item-description-shared-superset	0xc75000	0xc796aa	0xc77b99	0x6f560		call   0x14006f560
direct-call	item-description-shared-superset	0xc75000	0xc796aa	0xc77ba2	0x6f690		call   0x14006f690
direct-call	item-description-shared-superset	0xc75000	0xc796aa	0xc77baf	0x52e360		call   0x14052e360
direct-call	item-description-shared-superset	0xc75000	0xc796aa	0xc77bbc	0xb9d10		call   0x1400b9d10
direct-call	item-description-shared-superset	0xc75000	0xc796aa	0xc77bc6	0x67e30		call   0x140067e30
direct-call	item-description-shared-superset	0xc75000	0xc796aa	0xc77bd0	0x67e30		call   0x140067e30
literal	item-description-shared-superset	0xc75000	0xc796aa	0xc77bda	0x16ee7c8	a series of 	lea    rdx,[rip+0xa76be7]        # 0x1416ee7c8
direct-call	item-description-shared-superset	0xc75000	0xc796aa	0xc77be5	0x6f560		call   0x14006f560
direct-call	item-description-shared-superset	0xc75000	0xc796aa	0xc77bf2	0xb9d10		call   0x1400b9d10
literal	item-description-shared-superset	0xc75000	0xc796aa	0xc77bf7	0x16ee778	 symbols	lea    rdx,[rip+0xa76b7a]        # 0x1416ee778
literal	item-description-shared-superset	0xc75000	0xc796aa	0xc77c03	0x16ee7c8	a series of 	lea    rdx,[rip+0xa76bbe]        # 0x1416ee7c8
direct-call	item-description-shared-superset	0xc75000	0xc796aa	0xc77c0e	0x6f560		call   0x14006f560
direct-call	item-description-shared-superset	0xc75000	0xc796aa	0xc77c1b	0xb9d10		call   0x1400b9d10
literal	item-description-shared-superset	0xc75000	0xc796aa	0xc77c20	0x16ee7a0	 words	lea    rdx,[rip+0xa76b79]        # 0x1416ee7a0
direct-call	item-description-shared-superset	0xc75000	0xc796aa	0xc77c2b	0x6f560		call   0x14006f560
literal	item-description-shared-superset	0xc75000	0xc796aa	0xc77c34	0x16ee788	 which you cannot read	lea    rdx,[rip+0xa76b4d]        # 0x1416ee788
literal	item-description-shared-superset	0xc75000	0xc796aa	0xc77c3d	0x16ee7c8	a series of 	lea    rdx,[rip+0xa76b84]        # 0x1416ee7c8
direct-call	item-description-shared-superset	0xc75000	0xc796aa	0xc77c48	0x6f560		call   0x14006f560
direct-call	item-description-shared-superset	0xc75000	0xc796aa	0xc77c55	0xb9d10		call   0x1400b9d10
literal	item-description-shared-superset	0xc75000	0xc796aa	0xc77c5a	0x16ee7a8	 images	lea    rdx,[rip+0xa76b47]        # 0x1416ee7a8
literal	item-description-shared-superset	0xc75000	0xc796aa	0xc77c63	0x16ee7c8	a series of 	lea    rdx,[rip+0xa76b5e]        # 0x1416ee7c8
direct-call	item-description-shared-superset	0xc75000	0xc796aa	0xc77c6e	0x6f560		call   0x14006f560
direct-call	item-description-shared-superset	0xc75000	0xc796aa	0xc77c7b	0xb9d10		call   0x1400b9d10
literal	item-description-shared-superset	0xc75000	0xc796aa	0xc77c80	0x16ee7b0	 images and symbols	lea    rdx,[rip+0xa76b29]        # 0x1416ee7b0
direct-call	item-description-shared-superset	0xc75000	0xc796aa	0xc77c8b	0x6f560		call   0x14006f560
literal	item-description-shared-superset	0xc75000	0xc796aa	0xc77c90	0x15e85b4	.	lea    rdx,[rip+0x97091d]        # 0x1415e85b4
direct-call	item-description-shared-superset	0xc75000	0xc796aa	0xc77c9b	0x6f560		call   0x14006f560
direct-call	item-description-shared-superset	0xc75000	0xc796aa	0xc77ca7	0xb9d10		call   0x1400b9d10
indirect-call	item-description-shared-superset	0xc75000	0xc796aa	0xc77ccb	-		call   QWORD PTR [rax+0x750]
direct-call	item-description-shared-superset	0xc75000	0xc796aa	0xc77ce0	0x6ee50		call   0x14006ee50
literal	item-description-shared-superset	0xc75000	0xc796aa	0xc77cf1	0x15fcfe8	  	lea    rdx,[rip+0x9852f0]        # 0x1415fcfe8
direct-call	item-description-shared-superset	0xc75000	0xc796aa	0xc77cfb	0x6f560		call   0x14006f560
literal	item-description-shared-superset	0xc75000	0xc796aa	0xc77d00	0x16ee740	The upward face is 	lea    rdx,[rip+0xa76a39]        # 0x1416ee740
direct-call	item-description-shared-superset	0xc75000	0xc796aa	0xc77d0a	0x6f560		call   0x14006f560
direct-call	item-description-shared-superset	0xc75000	0xc796aa	0xc77d13	0x6f690		call   0x14006f690
direct-call	item-description-shared-superset	0xc75000	0xc796aa	0xc77d20	0x6f220		call   0x14006f220
direct-call	item-description-shared-superset	0xc75000	0xc796aa	0xc77d2c	0x85da20		call   0x14085da20
direct-call	item-description-shared-superset	0xc75000	0xc796aa	0xc77d38	0xb9d10		call   0x1400b9d10
literal	item-description-shared-superset	0xc75000	0xc796aa	0xc77d3d	0x15e85b4	.	lea    rdx,[rip+0x970870]        # 0x1415e85b4
direct-call	item-description-shared-superset	0xc75000	0xc796aa	0xc77d47	0x6f560		call   0x14006f560
direct-call	item-description-shared-superset	0xc75000	0xc796aa	0xc77d51	0x67e30		call   0x140067e30
direct-call	item-description-shared-superset	0xc75000	0xc796aa	0xc77d5b	0x67e30		call   0x140067e30
direct-call	item-description-shared-superset	0xc75000	0xc796aa	0xc77d65	0x67e30		call   0x140067e30
direct-call	item-description-shared-superset	0xc75000	0xc796aa	0xc77d7f	0x6ee50		call   0x14006ee50
direct-call	item-description-shared-superset	0xc75000	0xc796aa	0xc77daa	0x6ee50		call   0x14006ee50
direct-call	item-description-shared-superset	0xc75000	0xc796aa	0xc77dc6	0x6f220		call   0x14006f220
indirect-call	item-description-shared-superset	0xc75000	0xc796aa	0xc77dd1	-		call   QWORD PTR [rax+0x28]
direct-call	item-description-shared-superset	0xc75000	0xc796aa	0xc77de3	0x6f220		call   0x14006f220
direct-call	item-description-shared-superset	0xc75000	0xc796aa	0xc77def	0x6f370		call   0x14006f370
direct-call	item-description-shared-superset	0xc75000	0xc796aa	0xc77e36	0xba1a0		call   0x1400ba1a0
direct-call	item-description-shared-superset	0xc75000	0xc796aa	0xc77e63	0x13b3090		call   0x1413b3090
direct-call	item-description-shared-superset	0xc75000	0xc796aa	0xc77e88	0x6f360		call   0x14006f360
direct-call	item-description-shared-superset	0xc75000	0xc796aa	0xc77e93	0xb9f70		call   0x1400b9f70
literal	item-description-shared-superset	0xc75000	0xc796aa	0xc77eab	0x163fca4	[R]	lea    rdx,[rip+0x9c7df2]        # 0x14163fca4
direct-call	item-description-shared-superset	0xc75000	0xc796aa	0xc77eb2	0x6f560		call   0x14006f560
direct-call	item-description-shared-superset	0xc75000	0xc796aa	0xc77ec0	0xcc6a10		call   0x140cc6a10
literal	item-description-shared-superset	0xc75000	0xc796aa	0xc77ec5	0x163fca4	[R]	lea    rdx,[rip+0x9c7dd8]        # 0x14163fca4
literal	item-description-shared-superset	0xc75000	0xc796aa	0xc77edb	0x163fca4	[R]	lea    rdx,[rip+0x9c7dc2]        # 0x14163fca4
direct-call	item-description-shared-superset	0xc75000	0xc796aa	0xc77ee2	0x6f560		call   0x14006f560
literal	item-description-shared-superset	0xc75000	0xc796aa	0xc77ee7	0x16ee708	There is writing on this item which you have not read.	lea    rdx,[rip+0xa7681a]        # 0x1416ee708
direct-call	item-description-shared-superset	0xc75000	0xc796aa	0xc77ef1	0x6f560		call   0x14006f560
literal	item-description-shared-superset	0xc75000	0xc796aa	0xc77ef6	0x163fca4	[R]	lea    rdx,[rip+0x9c7da7]        # 0x14163fca4
literal	item-description-shared-superset	0xc75000	0xc796aa	0xc77f02	0x15fcfe8	  	lea    rdx,[rip+0x9850df]        # 0x1415fcfe8
direct-call	item-description-shared-superset	0xc75000	0xc796aa	0xc77f09	0x6f560		call   0x14006f560
literal	item-description-shared-superset	0xc75000	0xc796aa	0xc77f0e	0x16ee708	There is writing on this item which you have not read.	lea    rdx,[rip+0xa767f3]        # 0x1416ee708
direct-call	item-description-shared-superset	0xc75000	0xc796aa	0xc77f18	0x6f560		call   0x14006f560
literal	item-description-shared-superset	0xc75000	0xc796aa	0xc77f29	0x163fca4	[R]	lea    rdx,[rip+0x9c7d74]        # 0x14163fca4
direct-call	item-description-shared-superset	0xc75000	0xc796aa	0xc77f30	0x6f560		call   0x14006f560
literal	item-description-shared-superset	0xc75000	0xc796aa	0xc77f35	0x16ee6d0	There is writing on this item, but you cannot read.	lea    rdx,[rip+0xa76794]        # 0x1416ee6d0
direct-call	item-description-shared-superset	0xc75000	0xc796aa	0xc77f3f	0x6f560		call   0x14006f560
literal	item-description-shared-superset	0xc75000	0xc796aa	0xc77f44	0x163fca4	[R]	lea    rdx,[rip+0x9c7d59]        # 0x14163fca4
literal	item-description-shared-superset	0xc75000	0xc796aa	0xc77f4d	0x15fcfe8	  	lea    rdx,[rip+0x985094]        # 0x1415fcfe8
direct-call	item-description-shared-superset	0xc75000	0xc796aa	0xc77f54	0x6f560		call   0x14006f560
literal	item-description-shared-superset	0xc75000	0xc796aa	0xc77f59	0x16ee6d0	There is writing on this item, but you cannot read.	lea    rdx,[rip+0xa76770]        # 0x1416ee6d0
direct-call	item-description-shared-superset	0xc75000	0xc796aa	0xc77f63	0x6f560		call   0x14006f560
literal	item-description-shared-superset	0xc75000	0xc796aa	0xc77f6a	0x15fcfe8	  	lea    rdx,[rip+0x985077]        # 0x1415fcfe8
direct-call	item-description-shared-superset	0xc75000	0xc796aa	0xc77f71	0x6f560		call   0x14006f560
direct-call	item-description-shared-superset	0xc75000	0xc796aa	0xc77f7f	0xcc6a10		call   0x140cc6a10
literal	item-description-shared-superset	0xc75000	0xc796aa	0xc77f84	0x15fcfe8	  	lea    rdx,[rip+0x98505d]        # 0x1415fcfe8
direct-call	item-description-shared-superset	0xc75000	0xc796aa	0xc77f8e	0x6f560		call   0x14006f560
direct-call	item-description-shared-superset	0xc75000	0xc796aa	0xc77f9c	0x6ee50		call   0x14006ee50
indirect-call	item-description-shared-superset	0xc75000	0xc796aa	0xc77fb8	-		call   QWORD PTR [rax]
indirect-call	item-description-shared-superset	0xc75000	0xc796aa	0xc77fd5	-		call   QWORD PTR [rax+0x6b0]
direct-call	item-description-shared-superset	0xc75000	0xc796aa	0xc77fed	0x6ee50		call   0x14006ee50
literal	item-description-shared-superset	0xc75000	0xc796aa	0xc77ffa	0x16ee6b8	The material is 	lea    rdx,[rip+0xa766b7]        # 0x1416ee6b8
direct-call	item-description-shared-superset	0xc75000	0xc796aa	0xc78004	0x6f560		call   0x14006f560
direct-call	item-description-shared-superset	0xc75000	0xc796aa	0xc78013	0x6f220		call   0x14006f220
direct-call	item-description-shared-superset	0xc75000	0xc796aa	0xc78022	0xb9d10		call   0x1400b9d10
literal	item-description-shared-superset	0xc75000	0xc796aa	0xc78027	0x15e85b4	.	lea    rdx,[rip+0x970586]        # 0x1415e85b4
direct-call	item-description-shared-superset	0xc75000	0xc796aa	0xc78031	0x6f560		call   0x14006f560
literal	item-description-shared-superset	0xc75000	0xc796aa	0xc78043	0x163fca4	[R]	lea    rdx,[rip+0x9c7c5a]        # 0x14163fca4
direct-call	item-description-shared-superset	0xc75000	0xc796aa	0xc7804a	0x6f560		call   0x14006f560
literal	item-description-shared-superset	0xc75000	0xc796aa	0xc78054	0x15fcfe8	  	lea    rdx,[rip+0x984f8d]        # 0x1415fcfe8
direct-call	item-description-shared-superset	0xc75000	0xc796aa	0xc7805b	0x6f560		call   0x14006f560
literal	item-description-shared-superset	0xc75000	0xc796aa	0xc7806f	0x15fcfe8	  	lea    rdx,[rip+0x984f72]        # 0x1415fcfe8
direct-call	item-description-shared-superset	0xc75000	0xc796aa	0xc78076	0x6f560		call   0x14006f560
literal	item-description-shared-superset	0xc75000	0xc796aa	0xc7807b	0x15e9730	The pages are blank.	lea    rdx,[rip+0x9716ae]        # 0x1415e9730
direct-call	item-description-shared-superset	0xc75000	0xc796aa	0xc78085	0x6f560		call   0x14006f560
literal	item-description-shared-superset	0xc75000	0xc796aa	0xc7808a	0x15fcfe8	  	lea    rdx,[rip+0x984f57]        # 0x1415fcfe8
direct-call	item-description-shared-superset	0xc75000	0xc796aa	0xc78094	0x6f560		call   0x14006f560
direct-call	item-description-shared-superset	0xc75000	0xc796aa	0xc780d7	0xba1a0		call   0x1400ba1a0
direct-call	item-description-shared-superset	0xc75000	0xc796aa	0xc78104	0x13b3090		call   0x1413b3090
direct-call	item-description-shared-superset	0xc75000	0xc796aa	0xc78129	0x6f360		call   0x14006f360
direct-call	item-description-shared-superset	0xc75000	0xc796aa	0xc78134	0xb9f70		call   0x1400b9f70
literal	item-description-shared-superset	0xc75000	0xc796aa	0xc7814c	0x163fca4	[R]	lea    rdx,[rip+0x9c7b51]        # 0x14163fca4
direct-call	item-description-shared-superset	0xc75000	0xc796aa	0xc78153	0x6f560		call   0x14006f560
direct-call	item-description-shared-superset	0xc75000	0xc796aa	0xc7816c	0xcc7020		call   0x140cc7020
literal	item-description-shared-superset	0xc75000	0xc796aa	0xc78171	0x163fca4	[R]	lea    rdx,[rip+0x9c7b2c]        # 0x14163fca4
literal	item-description-shared-superset	0xc75000	0xc796aa	0xc7818a	0x163fca4	[R]	lea    rdx,[rip+0x9c7b13]        # 0x14163fca4
direct-call	item-description-shared-superset	0xc75000	0xc796aa	0xc78191	0x6f560		call   0x14006f560
literal	item-description-shared-superset	0xc75000	0xc796aa	0xc78196	0x16ee698	You have not read this book.	lea    rdx,[rip+0xa764fb]        # 0x1416ee698
literal	item-description-shared-superset	0xc75000	0xc796aa	0xc7819f	0x15fcfe8	  	lea    rdx,[rip+0x984e42]        # 0x1415fcfe8
direct-call	item-description-shared-superset	0xc75000	0xc796aa	0xc781a6	0x6f560		call   0x14006f560
literal	item-description-shared-superset	0xc75000	0xc796aa	0xc781ab	0x16ee698	You have not read this book.	lea    rdx,[rip+0xa764e6]        # 0x1416ee698
literal	item-description-shared-superset	0xc75000	0xc796aa	0xc781c4	0x163fca4	[R]	lea    rdx,[rip+0x9c7ad9]        # 0x14163fca4
direct-call	item-description-shared-superset	0xc75000	0xc796aa	0xc781cb	0x6f560		call   0x14006f560
literal	item-description-shared-superset	0xc75000	0xc796aa	0xc781d0	0x16ee660	There is writing in the book, but you cannot read.	lea    rdx,[rip+0xa76489]        # 0x1416ee660
direct-call	item-description-shared-superset	0xc75000	0xc796aa	0xc781da	0x6f560		call   0x14006f560
literal	item-description-shared-superset	0xc75000	0xc796aa	0xc781df	0x163fca4	[R]	lea    rdx,[rip+0x9c7abe]        # 0x14163fca4
direct-call	item-description-shared-superset	0xc75000	0xc796aa	0xc781e9	0x6f560		call   0x14006f560
literal	item-description-shared-superset	0xc75000	0xc796aa	0xc781f0	0x15fcfe8	  	lea    rdx,[rip+0x984df1]        # 0x1415fcfe8
direct-call	item-description-shared-superset	0xc75000	0xc796aa	0xc781f7	0x6f560		call   0x14006f560
literal	item-description-shared-superset	0xc75000	0xc796aa	0xc781fc	0x16ee660	There is writing in the book, but you cannot read.	lea    rdx,[rip+0xa7645d]        # 0x1416ee660
literal	item-description-shared-superset	0xc75000	0xc796aa	0xc78208	0x15fcfe8	  	lea    rdx,[rip+0x984dd9]        # 0x1415fcfe8
direct-call	item-description-shared-superset	0xc75000	0xc796aa	0xc7820f	0x6f560		call   0x14006f560
direct-call	item-description-shared-superset	0xc75000	0xc796aa	0xc78228	0xcc7020		call   0x140cc7020
literal	item-description-shared-superset	0xc75000	0xc796aa	0xc7822d	0x15fcfe8	  	lea    rdx,[rip+0x984db4]        # 0x1415fcfe8
direct-call	item-description-shared-superset	0xc75000	0xc796aa	0xc78237	0x6f560		call   0x14006f560
indirect-call	item-description-shared-superset	0xc75000	0xc796aa	0xc78273	-		call   QWORD PTR [rax]
indirect-call	item-description-shared-superset	0xc75000	0xc796aa	0xc782ab	-		call   QWORD PTR [rax+0x6b0]
direct-call	item-description-shared-superset	0xc75000	0xc796aa	0xc782c3	0x6ee50		call   0x14006ee50
literal	item-description-shared-superset	0xc75000	0xc796aa	0xc782d0	0x16ee6b8	The material is 	lea    rdx,[rip+0xa763e1]        # 0x1416ee6b8
direct-call	item-description-shared-superset	0xc75000	0xc796aa	0xc782da	0x6f560		call   0x14006f560
direct-call	item-description-shared-superset	0xc75000	0xc796aa	0xc782e9	0x6f220		call   0x14006f220
direct-call	item-description-shared-superset	0xc75000	0xc796aa	0xc782f8	0xb9d10		call   0x1400b9d10
literal	item-description-shared-superset	0xc75000	0xc796aa	0xc782fd	0x15e85b4	.	lea    rdx,[rip+0x9702b0]        # 0x1415e85b4
direct-call	item-description-shared-superset	0xc75000	0xc796aa	0xc78307	0x6f560		call   0x14006f560
literal	item-description-shared-superset	0xc75000	0xc796aa	0xc78314	0x163fca4	[R]	lea    rdx,[rip+0x9c7989]        # 0x14163fca4
direct-call	item-description-shared-superset	0xc75000	0xc796aa	0xc7831b	0x6f560		call   0x14006f560
literal	item-description-shared-superset	0xc75000	0xc796aa	0xc78325	0x15fcfe8	  	lea    rdx,[rip+0x984cbc]        # 0x1415fcfe8
direct-call	item-description-shared-superset	0xc75000	0xc796aa	0xc7832c	0x6f560		call   0x14006f560
literal	item-description-shared-superset	0xc75000	0xc796aa	0xc78336	0x16ee650	The thread is 	lea    rdx,[rip+0xa76313]        # 0x1416ee650
direct-call	item-description-shared-superset	0xc75000	0xc796aa	0xc78340	0x6f560		call   0x14006f560
direct-call	item-description-shared-superset	0xc75000	0xc796aa	0xc7835d	0x145c2b0		call   0x14145c2b0
direct-call	item-description-shared-superset	0xc75000	0xc796aa	0xc78382	0x6f220		call   0x14006f220
direct-call	item-description-shared-superset	0xc75000	0xc796aa	0xc78391	0xb9d10		call   0x1400b9d10
literal	item-description-shared-superset	0xc75000	0xc796aa	0xc78398	0x16ee644	gray	lea    rdx,[rip+0xa762a5]        # 0x1416ee644
direct-call	item-description-shared-superset	0xc75000	0xc796aa	0xc783a2	0x6f560		call   0x14006f560
literal	item-description-shared-superset	0xc75000	0xc796aa	0xc783b3	0x15e90d8	, 	lea    rdx,[rip+0x970d1e]        # 0x1415e90d8
direct-call	item-description-shared-superset	0xc75000	0xc796aa	0xc783bd	0x6f560		call   0x14006f560
literal	item-description-shared-superset	0xc75000	0xc796aa	0xc783e4	0x16ee158	masterfully 	lea    rdx,[rip+0xa75d6d]        # 0x1416ee158
literal	item-description-shared-superset	0xc75000	0xc796aa	0xc783ed	0x16ee168	exceptionally 	lea    rdx,[rip+0xa75d74]        # 0x1416ee168
literal	item-description-shared-superset	0xc75000	0xc796aa	0xc783f6	0x16ee638	superbly 	lea    rdx,[rip+0xa7623b]        # 0x1416ee638
literal	item-description-shared-superset	0xc75000	0xc796aa	0xc783ff	0x16ee188	finely 	lea    rdx,[rip+0xa75d82]        # 0x1416ee188
literal	item-description-shared-superset	0xc75000	0xc796aa	0xc78408	0x16ee190	well-	lea    rdx,[rip+0xa75d81]        # 0x1416ee190
direct-call	item-description-shared-superset	0xc75000	0xc796aa	0xc78412	0x6f560		call   0x14006f560
literal	item-description-shared-superset	0xc75000	0xc796aa	0xc78417	0x16ee630	colored	lea    rdx,[rip+0xa76212]        # 0x1416ee630
direct-call	item-description-shared-superset	0xc75000	0xc796aa	0xc78421	0x6f560		call   0x14006f560
direct-call	item-description-shared-superset	0xc75000	0xc796aa	0xc7842e	0x6f370		call   0x14006f370
direct-call	item-description-shared-superset	0xc75000	0xc796aa	0xc78440	0x65b00		call   0x140065b00
direct-call	item-description-shared-superset	0xc75000	0xc796aa	0xc7844a	0x65b00		call   0x140065b00
direct-call	item-description-shared-superset	0xc75000	0xc796aa	0xc7845e	0x6f370		call   0x14006f370
direct-call	item-description-shared-superset	0xc75000	0xc796aa	0xc7848e	0x13c900		call   0x14013c900
literal	item-description-shared-superset	0xc75000	0xc796aa	0xc784a1	0x15ee5e0	 with 	lea    rdx,[rip+0x976138]        # 0x1415ee5e0
direct-call	item-description-shared-superset	0xc75000	0xc796aa	0xc784ab	0x6fa10		call   0x14006fa10
literal	item-description-shared-superset	0xc75000	0xc796aa	0xc784c8	0x16ee620	a mixture of 	lea    rdx,[rip+0xa76151]        # 0x1416ee620
direct-call	item-description-shared-superset	0xc75000	0xc796aa	0xc784d2	0x6f560		call   0x14006f560
direct-call	item-description-shared-superset	0xc75000	0xc796aa	0xc78509	0x68190		call   0x140068190
direct-call	item-description-shared-superset	0xc75000	0xc796aa	0xc78512	0x6fb80		call   0x14006fb80
direct-call	item-description-shared-superset	0xc75000	0xc796aa	0xc78548	0x14d1920		call   0x1414d1920
direct-call	item-description-shared-superset	0xc75000	0xc796aa	0xc78554	0xb9d10		call   0x1400b9d10
literal	item-description-shared-superset	0xc75000	0xc796aa	0xc7856a	0x15e90d8	, 	lea    rdx,[rip+0x970b67]        # 0x1415e90d8
direct-call	item-description-shared-superset	0xc75000	0xc796aa	0xc78574	0x6fa10		call   0x14006fa10
literal	item-description-shared-superset	0xc75000	0xc796aa	0xc7858e	0x15e873c	 	lea    rdx,[rip+0x9701a7]        # 0x1415e873c
direct-call	item-description-shared-superset	0xc75000	0xc796aa	0xc78598	0x6fa10		call   0x14006fa10
literal	item-description-shared-superset	0xc75000	0xc796aa	0xc785a3	0x16ee614	and 	lea    rdx,[rip+0xa7606a]        # 0x1416ee614
direct-call	item-description-shared-superset	0xc75000	0xc796aa	0xc785ad	0x6fa10		call   0x14006fa10
direct-call	item-description-shared-superset	0xc75000	0xc796aa	0xc785b7	0x6f850		call   0x14006f850
direct-call	item-description-shared-superset	0xc75000	0xc796aa	0xc785d4	0x6f750		call   0x14006f750
direct-call	item-description-shared-superset	0xc75000	0xc796aa	0xc785de	0x6f750		call   0x14006f750
literal	item-description-shared-superset	0xc75000	0xc796aa	0xc785f6	0x15ee5e0	 with 	lea    rdx,[rip+0x975fe3]        # 0x1415ee5e0
direct-call	item-description-shared-superset	0xc75000	0xc796aa	0xc78600	0x6f560		call   0x14006f560
direct-call	item-description-shared-superset	0xc75000	0xc796aa	0xc78632	0x14d1920		call   0x1414d1920
direct-call	item-description-shared-superset	0xc75000	0xc796aa	0xc7863e	0xb9d10		call   0x1400b9d10
direct-call	item-description-shared-superset	0xc75000	0xc796aa	0xc78662	0x67dc0		call   0x140067dc0
literal	item-description-shared-superset	0xc75000	0xc796aa	0xc78679	0x15eda08	 by 	lea    rdx,[rip+0x975388]        # 0x1415eda08
direct-call	item-description-shared-superset	0xc75000	0xc796aa	0xc78683	0x6fa10		call   0x14006fa10
literal	item-description-shared-superset	0xc75000	0xc796aa	0xc78699	0x15fdb08	[LPAGE:HF:	lea    rdx,[rip+0x985468]        # 0x1415fdb08
direct-call	item-description-shared-superset	0xc75000	0xc796aa	0xc786a3	0x6fa10		call   0x14006fa10
direct-call	item-description-shared-superset	0xc75000	0xc796aa	0xc786b2	0x6f690		call   0x14006f690
direct-call	item-description-shared-superset	0xc75000	0xc796aa	0xc786be	0x52c2b0		call   0x14052c2b0
direct-call	item-description-shared-superset	0xc75000	0xc796aa	0xc786ca	0xb9d10		call   0x1400b9d10
direct-call	item-description-shared-superset	0xc75000	0xc796aa	0xc786d4	0x6f850		call   0x14006f850
literal	item-description-shared-superset	0xc75000	0xc796aa	0xc786df	0x15fd690	]	lea    rdx,[rip+0x984faa]        # 0x1415fd690
direct-call	item-description-shared-superset	0xc75000	0xc796aa	0xc786e9	0x6fa10		call   0x14006fa10
direct-call	item-description-shared-superset	0xc75000	0xc796aa	0xc786f7	0xc0f630		call   0x140c0f630
direct-call	item-description-shared-superset	0xc75000	0xc796aa	0xc78704	0xc3a4f0		call   0x140c3a4f0
direct-call	item-description-shared-superset	0xc75000	0xc796aa	0xc78721	0xa94030		call   0x140a94030
direct-call	item-description-shared-superset	0xc75000	0xc796aa	0xc7872d	0xb9d10		call   0x1400b9d10
literal	item-description-shared-superset	0xc75000	0xc796aa	0xc7873d	0x15fda88	[/LPAGE]	lea    rdx,[rip+0x985344]        # 0x1415fda88
direct-call	item-description-shared-superset	0xc75000	0xc796aa	0xc78747	0x6fa10		call   0x14006fa10
literal	item-description-shared-superset	0xc75000	0xc796aa	0xc7874f	0x15fd968	.  	lea    rdx,[rip+0x985212]        # 0x1415fd968
direct-call	item-description-shared-superset	0xc75000	0xc796aa	0xc78759	0x6fa10		call   0x14006fa10
indirect-call	item-description-shared-superset	0xc75000	0xc796aa	0xc78765	-		call   QWORD PTR [rax]
indirect-call	item-description-shared-superset	0xc75000	0xc796aa	0xc78797	-		call   QWORD PTR [rax+0x6b0]
direct-call	item-description-shared-superset	0xc75000	0xc796aa	0xc787af	0x6ee50		call   0x14006ee50
literal	item-description-shared-superset	0xc75000	0xc796aa	0xc787bc	0x16ee6b8	The material is 	lea    rdx,[rip+0xa75ef5]        # 0x1416ee6b8
direct-call	item-description-shared-superset	0xc75000	0xc796aa	0xc787c6	0x6f560		call   0x14006f560
direct-call	item-description-shared-superset	0xc75000	0xc796aa	0xc787d5	0x6f220		call   0x14006f220
direct-call	item-description-shared-superset	0xc75000	0xc796aa	0xc787e4	0xb9d10		call   0x1400b9d10
literal	item-description-shared-superset	0xc75000	0xc796aa	0xc787e9	0x15e85b4	.	lea    rdx,[rip+0x96fdc4]        # 0x1415e85b4
direct-call	item-description-shared-superset	0xc75000	0xc796aa	0xc787f3	0x6f560		call   0x14006f560
literal	item-description-shared-superset	0xc75000	0xc796aa	0xc78802	0x163fca4	[R]	lea    rdx,[rip+0x9c749b]        # 0x14163fca4
direct-call	item-description-shared-superset	0xc75000	0xc796aa	0xc78809	0x6f560		call   0x14006f560
literal	item-description-shared-superset	0xc75000	0xc796aa	0xc78813	0x15fcfe8	  	lea    rdx,[rip+0x9847ce]        # 0x1415fcfe8
direct-call	item-description-shared-superset	0xc75000	0xc796aa	0xc7881a	0x6f560		call   0x14006f560
literal	item-description-shared-superset	0xc75000	0xc796aa	0xc7882a	0x16ee6b8	The material is 	lea    rdx,[rip+0xa75e87]        # 0x1416ee6b8
direct-call	item-description-shared-superset	0xc75000	0xc796aa	0xc78834	0x6fa10		call   0x14006fa10
direct-call	item-description-shared-superset	0xc75000	0xc796aa	0xc78851	0x145c2b0		call   0x14145c2b0
direct-call	item-description-shared-superset	0xc75000	0xc796aa	0xc78881	0xb9d10		call   0x1400b9d10
literal	item-description-shared-superset	0xc75000	0xc796aa	0xc7888e	0x16ee644	gray	lea    rdx,[rip+0xa75daf]        # 0x1416ee644
direct-call	item-description-shared-superset	0xc75000	0xc796aa	0xc78898	0x6fa10		call   0x14006fa10
literal	item-description-shared-superset	0xc75000	0xc796aa	0xc788b3	0x15e90d8	, 	lea    rdx,[rip+0x97081e]        # 0x1415e90d8
direct-call	item-description-shared-superset	0xc75000	0xc796aa	0xc788bd	0x6fa10		call   0x14006fa10
literal	item-description-shared-superset	0xc75000	0xc796aa	0xc788e4	0x16ee158	masterfully 	lea    rdx,[rip+0xa7586d]        # 0x1416ee158
literal	item-description-shared-superset	0xc75000	0xc796aa	0xc788ed	0x16ee168	exceptionally 	lea    rdx,[rip+0xa75874]        # 0x1416ee168
literal	item-description-shared-superset	0xc75000	0xc796aa	0xc788f6	0x16ee638	superbly 	lea    rdx,[rip+0xa75d3b]        # 0x1416ee638
literal	item-description-shared-superset	0xc75000	0xc796aa	0xc788ff	0x16ee188	finely 	lea    rdx,[rip+0xa75882]        # 0x1416ee188
literal	item-description-shared-superset	0xc75000	0xc796aa	0xc78908	0x16ee190	well-	lea    rdx,[rip+0xa75881]        # 0x1416ee190
direct-call	item-description-shared-superset	0xc75000	0xc796aa	0xc78912	0x6f560		call   0x14006f560
literal	item-description-shared-superset	0xc75000	0xc796aa	0xc7891d	0x16ee630	colored	lea    rdx,[rip+0xa75d0c]        # 0x1416ee630
direct-call	item-description-shared-superset	0xc75000	0xc796aa	0xc78927	0x6fa10		call   0x14006fa10
direct-call	item-description-shared-superset	0xc75000	0xc796aa	0xc7894d	0x65b00		call   0x140065b00
direct-call	item-description-shared-superset	0xc75000	0xc796aa	0xc78957	0x65b00		call   0x140065b00
direct-call	item-description-shared-superset	0xc75000	0xc796aa	0xc7899e	0x13c900		call   0x14013c900
literal	item-description-shared-superset	0xc75000	0xc796aa	0xc789b1	0x15ee5e0	 with 	lea    rdx,[rip+0x975c28]        # 0x1415ee5e0
direct-call	item-description-shared-superset	0xc75000	0xc796aa	0xc789bb	0x6fa10		call   0x14006fa10
literal	item-description-shared-superset	0xc75000	0xc796aa	0xc789de	0x16ee620	a mixture of 	lea    rdx,[rip+0xa75c3b]        # 0x1416ee620
direct-call	item-description-shared-superset	0xc75000	0xc796aa	0xc789e8	0x6fa10		call   0x14006fa10
direct-call	item-description-shared-superset	0xc75000	0xc796aa	0xc78a27	0x68190		call   0x140068190
direct-call	item-description-shared-superset	0xc75000	0xc796aa	0xc78a30	0x6fb80		call   0x14006fb80
direct-call	item-description-shared-superset	0xc75000	0xc796aa	0xc78a66	0x14d1920		call   0x1414d1920
direct-call	item-description-shared-superset	0xc75000	0xc796aa	0xc78a72	0xb9d10		call   0x1400b9d10
literal	item-description-shared-superset	0xc75000	0xc796aa	0xc78a88	0x15e90d8	, 	lea    rdx,[rip+0x970649]        # 0x1415e90d8
direct-call	item-description-shared-superset	0xc75000	0xc796aa	0xc78a92	0x6fa10		call   0x14006fa10
literal	item-description-shared-superset	0xc75000	0xc796aa	0xc78aac	0x15e873c	 	lea    rdx,[rip+0x96fc89]        # 0x1415e873c
direct-call	item-description-shared-superset	0xc75000	0xc796aa	0xc78ab6	0x6fa10		call   0x14006fa10
literal	item-description-shared-superset	0xc75000	0xc796aa	0xc78ac1	0x16ee614	and 	lea    rdx,[rip+0xa75b4c]        # 0x1416ee614
direct-call	item-description-shared-superset	0xc75000	0xc796aa	0xc78acb	0x6fa10		call   0x14006fa10
direct-call	item-description-shared-superset	0xc75000	0xc796aa	0xc78ad5	0x6f850		call   0x14006f850
direct-call	item-description-shared-superset	0xc75000	0xc796aa	0xc78af2	0x6f750		call   0x14006f750
direct-call	item-description-shared-superset	0xc75000	0xc796aa	0xc78afc	0x6f750		call   0x14006f750
literal	item-description-shared-superset	0xc75000	0xc796aa	0xc78b14	0x15ee5e0	 with 	lea    rdx,[rip+0x975ac5]        # 0x1415ee5e0
direct-call	item-description-shared-superset	0xc75000	0xc796aa	0xc78b1e	0x6f560		call   0x14006f560
direct-call	item-description-shared-superset	0xc75000	0xc796aa	0xc78b50	0x14d1920		call   0x1414d1920
direct-call	item-description-shared-superset	0xc75000	0xc796aa	0xc78b5c	0xb9d10		call   0x1400b9d10
direct-call	item-description-shared-superset	0xc75000	0xc796aa	0xc78b80	0x67dc0		call   0x140067dc0
literal	item-description-shared-superset	0xc75000	0xc796aa	0xc78b97	0x15eda08	 by 	lea    rdx,[rip+0x974e6a]        # 0x1415eda08
direct-call	item-description-shared-superset	0xc75000	0xc796aa	0xc78ba1	0x6fa10		call   0x14006fa10
literal	item-description-shared-superset	0xc75000	0xc796aa	0xc78bb7	0x15fdb08	[LPAGE:HF:	lea    rdx,[rip+0x984f4a]        # 0x1415fdb08
direct-call	item-description-shared-superset	0xc75000	0xc796aa	0xc78bc1	0x6fa10		call   0x14006fa10
direct-call	item-description-shared-superset	0xc75000	0xc796aa	0xc78bd0	0x6f690		call   0x14006f690
direct-call	item-description-shared-superset	0xc75000	0xc796aa	0xc78bdc	0x52c2b0		call   0x14052c2b0
direct-call	item-description-shared-superset	0xc75000	0xc796aa	0xc78be8	0xb9d10		call   0x1400b9d10
direct-call	item-description-shared-superset	0xc75000	0xc796aa	0xc78bf2	0x6f850		call   0x14006f850
literal	item-description-shared-superset	0xc75000	0xc796aa	0xc78bfd	0x15fd690	]	lea    rdx,[rip+0x984a8c]        # 0x1415fd690
direct-call	item-description-shared-superset	0xc75000	0xc796aa	0xc78c07	0x6fa10		call   0x14006fa10
direct-call	item-description-shared-superset	0xc75000	0xc796aa	0xc78c15	0xc0f630		call   0x140c0f630
direct-call	item-description-shared-superset	0xc75000	0xc796aa	0xc78c22	0xc3a4f0		call   0x140c3a4f0
direct-call	item-description-shared-superset	0xc75000	0xc796aa	0xc78c3f	0xa94030		call   0x140a94030
direct-call	item-description-shared-superset	0xc75000	0xc796aa	0xc78c4b	0xb9d10		call   0x1400b9d10
literal	item-description-shared-superset	0xc75000	0xc796aa	0xc78c5b	0x15fda88	[/LPAGE]	lea    rdx,[rip+0x984e26]        # 0x1415fda88
direct-call	item-description-shared-superset	0xc75000	0xc796aa	0xc78c65	0x6fa10		call   0x14006fa10
literal	item-description-shared-superset	0xc75000	0xc796aa	0xc78c6d	0x15fd968	.  	lea    rdx,[rip+0x984cf4]        # 0x1415fd968
direct-call	item-description-shared-superset	0xc75000	0xc796aa	0xc78c77	0x6fa10		call   0x14006fa10
indirect-call	item-description-shared-superset	0xc75000	0xc796aa	0xc78c83	-		call   QWORD PTR [rax]
direct-call	item-description-shared-superset	0xc75000	0xc796aa	0xc78ccf	0x68190		call   0x140068190
direct-call	item-description-shared-superset	0xc75000	0xc796aa	0xc78cd8	0x6fb80		call   0x14006fb80
direct-call	item-description-shared-superset	0xc75000	0xc796aa	0xc78cf2	0x5beeb0		call   0x1405beeb0
literal	item-description-shared-superset	0xc75000	0xc796aa	0xc78d08	0x163fca4	[R]	lea    rdx,[rip+0x9c6f95]        # 0x14163fca4
direct-call	item-description-shared-superset	0xc75000	0xc796aa	0xc78d0f	0x6fa10		call   0x14006fa10
direct-call	item-description-shared-superset	0xc75000	0xc796aa	0xc78d1b	0xb9d10		call   0x1400b9d10
literal	item-description-shared-superset	0xc75000	0xc796aa	0xc78d23	0x163fca4	[R]	lea    rdx,[rip+0x9c6f7a]        # 0x14163fca4
literal	item-description-shared-superset	0xc75000	0xc796aa	0xc78d32	0x15fcfe8	  	lea    rdx,[rip+0x9842af]        # 0x1415fcfe8
direct-call	item-description-shared-superset	0xc75000	0xc796aa	0xc78d39	0x6fa10		call   0x14006fa10
direct-call	item-description-shared-superset	0xc75000	0xc796aa	0xc78d45	0xb9d10		call   0x1400b9d10
literal	item-description-shared-superset	0xc75000	0xc796aa	0xc78d50	0x15fcfe8	  	lea    rdx,[rip+0x984291]        # 0x1415fcfe8
direct-call	item-description-shared-superset	0xc75000	0xc796aa	0xc78d5a	0x6fa10		call   0x14006fa10
direct-call	item-description-shared-superset	0xc75000	0xc796aa	0xc78d64	0x6f850		call   0x14006f850
indirect-call	item-description-shared-superset	0xc75000	0xc796aa	0xc78d78	-		call   QWORD PTR [rax]
indirect-call	item-description-shared-superset	0xc75000	0xc796aa	0xc78d8b	-		call   QWORD PTR [rax+0x40]
indirect-call	item-description-shared-superset	0xc75000	0xc796aa	0xc78d97	-		call   QWORD PTR [rdx+0x38]
direct-call	item-description-shared-superset	0xc75000	0xc796aa	0xc78da7	0x145c2b0		call   0x14145c2b0
literal	item-description-shared-superset	0xc75000	0xc796aa	0xc78dbc	0x16ee5f0	When used as a dye, it produces 	lea    rdx,[rip+0xa7582d]        # 0x1416ee5f0
direct-call	item-description-shared-superset	0xc75000	0xc796aa	0xc78dc6	0x6fa10		call   0x14006fa10
direct-call	item-description-shared-superset	0xc75000	0xc796aa	0xc78ddd	0xb9d10		call   0x1400b9d10
literal	item-description-shared-superset	0xc75000	0xc796aa	0xc78de8	0x15e85b4	.	lea    rdx,[rip+0x96f7c5]        # 0x1415e85b4
direct-call	item-description-shared-superset	0xc75000	0xc796aa	0xc78df2	0x6fa10		call   0x14006fa10
literal	item-description-shared-superset	0xc75000	0xc796aa	0xc78e02	0x163fca4	[R]	lea    rdx,[rip+0x9c6e9b]        # 0x14163fca4
literal	item-description-shared-superset	0xc75000	0xc796aa	0xc78e11	0x15fcfe8	  	lea    rdx,[rip+0x9841d0]        # 0x1415fcfe8
direct-call	item-description-shared-superset	0xc75000	0xc796aa	0xc78e18	0x6fa10		call   0x14006fa10
indirect-call	item-description-shared-superset	0xc75000	0xc796aa	0xc78e24	-		call   QWORD PTR [rax]
direct-call	item-description-shared-superset	0xc75000	0xc796aa	0xc78e6f	0xba1a0		call   0x1400ba1a0
literal	item-description-shared-superset	0xc75000	0xc796aa	0xc78e8e	0x163fca4	[R]	lea    rdx,[rip+0x9c6e0f]        # 0x14163fca4
direct-call	item-description-shared-superset	0xc75000	0xc796aa	0xc78e95	0x6fa10		call   0x14006fa10
literal	item-description-shared-superset	0xc75000	0xc796aa	0xc78ea0	0x16ee5a0	There is writing on the slab, but you cannot read.	lea    rdx,[rip+0xa756f9]        # 0x1416ee5a0
direct-call	item-description-shared-superset	0xc75000	0xc796aa	0xc78eaa	0x6fa10		call   0x14006fa10
literal	item-description-shared-superset	0xc75000	0xc796aa	0xc78eb2	0x163fca4	[R]	lea    rdx,[rip+0x9c6deb]        # 0x14163fca4
direct-call	item-description-shared-superset	0xc75000	0xc796aa	0xc78ebc	0x6fa10		call   0x14006fa10
literal	item-description-shared-superset	0xc75000	0xc796aa	0xc78ecc	0x15fcfe8	  	lea    rdx,[rip+0x984115]        # 0x1415fcfe8
direct-call	item-description-shared-superset	0xc75000	0xc796aa	0xc78ed3	0x6fa10		call   0x14006fa10
literal	item-description-shared-superset	0xc75000	0xc796aa	0xc78ede	0x16ee5a0	There is writing on the slab, but you cannot read.	lea    rdx,[rip+0xa756bb]        # 0x1416ee5a0
direct-call	item-description-shared-superset	0xc75000	0xc796aa	0xc78ee8	0x6fa10		call   0x14006fa10
literal	item-description-shared-superset	0xc75000	0xc796aa	0xc78ef3	0x15fcfe8	  	lea    rdx,[rip+0x9840ee]        # 0x1415fcfe8
direct-call	item-description-shared-superset	0xc75000	0xc796aa	0xc78efd	0x6fa10		call   0x14006fa10
literal	item-description-shared-superset	0xc75000	0xc796aa	0xc78f12	0x163fca4	[R]	lea    rdx,[rip+0x9c6d8b]        # 0x14163fca4
literal	item-description-shared-superset	0xc75000	0xc796aa	0xc78f21	0x15fcfe8	  	lea    rdx,[rip+0x9840c0]        # 0x1415fcfe8
direct-call	item-description-shared-superset	0xc75000	0xc796aa	0xc78f28	0x6fa10		call   0x14006fa10
literal	item-description-shared-superset	0xc75000	0xc796aa	0xc78f33	0x16ee5d8	The slab reads "	lea    rdx,[rip+0xa7569e]        # 0x1416ee5d8
direct-call	item-description-shared-superset	0xc75000	0xc796aa	0xc78f3d	0x6fa10		call   0x14006fa10
direct-call	item-description-shared-superset	0xc75000	0xc796aa	0xc78f4d	0xb9d10		call   0x1400b9d10
literal	item-description-shared-superset	0xc75000	0xc796aa	0xc78f58	0x16ee5d4	".	lea    rdx,[rip+0xa75675]        # 0x1416ee5d4
direct-call	item-description-shared-superset	0xc75000	0xc796aa	0xc78f62	0x6fa10		call   0x14006fa10
literal	item-description-shared-superset	0xc75000	0xc796aa	0xc78f72	0x163fca4	[R]	lea    rdx,[rip+0x9c6d2b]        # 0x14163fca4
literal	item-description-shared-superset	0xc75000	0xc796aa	0xc78f81	0x15fcfe8	  	lea    rdx,[rip+0x984060]        # 0x1415fcfe8
direct-call	item-description-shared-superset	0xc75000	0xc796aa	0xc78f88	0x6fa10		call   0x14006fa10
direct-call	item-description-shared-superset	0xc75000	0xc796aa	0xc78fc9	0x13b3090		call   0x1413b3090
direct-call	item-description-shared-superset	0xc75000	0xc796aa	0xc78fe0	0x67dc0		call   0x140067dc0
direct-call	item-description-shared-superset	0xc75000	0xc796aa	0xc79020	0x6f240		call   0x14006f240
direct-call	item-description-shared-superset	0xc75000	0xc796aa	0xc79038	0x6f230		call   0x14006f230
direct-call	item-description-shared-superset	0xc75000	0xc796aa	0xc7904b	0x6ee20		call   0x14006ee20
direct-call	item-description-shared-superset	0xc75000	0xc796aa	0xc79055	0x657b0		call   0x1400657b0
direct-call	item-description-shared-superset	0xc75000	0xc796aa	0xc79067	0x6ee10		call   0x14006ee10
direct-call	item-description-shared-superset	0xc75000	0xc796aa	0xc79075	0x72570		call   0x140072570
direct-call	item-description-shared-superset	0xc75000	0xc796aa	0xc790af	0x1539690		call   0x141539690
direct-call	item-description-shared-superset	0xc75000	0xc796aa	0xc790bb	0x75080		call   0x140075080
direct-call	item-description-shared-superset	0xc75000	0xc796aa	0xc790d4	0x1539690		call   0x141539690
direct-call	item-description-shared-superset	0xc75000	0xc796aa	0xc790e0	0x74e80		call   0x140074e80
direct-call	item-description-shared-superset	0xc75000	0xc796aa	0xc79102	0xb9e70		call   0x1400b9e70
direct-call	item-description-shared-superset	0xc75000	0xc796aa	0xc7910c	0x6f350		call   0x14006f350
direct-call	item-description-shared-superset	0xc75000	0xc796aa	0xc7911f	0x6ee20		call   0x14006ee20
direct-call	item-description-shared-superset	0xc75000	0xc796aa	0xc79129	0x657b0		call   0x1400657b0
indirect-call	item-description-shared-superset	0xc75000	0xc796aa	0xc7913d	-		call   QWORD PTR [rax+0x1d8]
indirect-call	item-description-shared-superset	0xc75000	0xc796aa	0xc79156	-		call   QWORD PTR [rdx]
indirect-call	item-description-shared-superset	0xc75000	0xc796aa	0xc79188	-		call   QWORD PTR [rax+0x18]
indirect-call	item-description-shared-superset	0xc75000	0xc796aa	0xc79194	-		call   QWORD PTR [r8+0x10]
direct-call	item-description-shared-superset	0xc75000	0xc796aa	0xc791a5	0x14add70		call   0x1414add70
direct-call	item-description-shared-superset	0xc75000	0xc796aa	0xc791bb	0x71f90		call   0x140071f90
indirect-call	item-description-shared-superset	0xc75000	0xc796aa	0xc791cf	-		call   QWORD PTR [rax+0x18]
indirect-call	item-description-shared-superset	0xc75000	0xc796aa	0xc791db	-		call   QWORD PTR [rdx+0x10]
direct-call	item-description-shared-superset	0xc75000	0xc796aa	0xc791eb	0x14add70		call   0x1414add70
direct-call	item-description-shared-superset	0xc75000	0xc796aa	0xc79201	0x71f90		call   0x140071f90
indirect-call	item-description-shared-superset	0xc75000	0xc796aa	0xc79211	-		call   QWORD PTR [rax+0x18]
indirect-call	item-description-shared-superset	0xc75000	0xc796aa	0xc7921d	-		call   QWORD PTR [r8+0x10]
direct-call	item-description-shared-superset	0xc75000	0xc796aa	0xc7922e	0x14add70		call   0x1414add70
direct-call	item-description-shared-superset	0xc75000	0xc796aa	0xc79244	0x71f90		call   0x140071f90
literal	item-description-shared-superset	0xc75000	0xc796aa	0xc79264	0x16ee538	This object is in tatters.  	lea    rdx,[rip+0xa752cd]        # 0x1416ee538
literal	item-description-shared-superset	0xc75000	0xc796aa	0xc79273	0x16ee558	This object is threadbare.  	lea    rdx,[rip+0xa752de]        # 0x1416ee558
literal	item-description-shared-superset	0xc75000	0xc796aa	0xc79293	0x16ee4f8	This object is mangled.  	lea    rdx,[rip+0xa7525e]        # 0x1416ee4f8
literal	item-description-shared-superset	0xc75000	0xc796aa	0xc792a2	0x16ee518	This object is heavily worn.  	lea    rdx,[rip+0xa7526f]        # 0x1416ee518
literal	item-description-shared-superset	0xc75000	0xc796aa	0xc792ab	0x16ee578	This object is showing some wear.  	lea    rdx,[rip+0xa752c6]        # 0x1416ee578
direct-call	item-description-shared-superset	0xc75000	0xc796aa	0xc792bb	0x6fa10		call   0x14006fa10
indirect-call	item-description-shared-superset	0xc75000	0xc796aa	0xc792c7	-		call   QWORD PTR [rax+0x448]
indirect-call	item-description-shared-superset	0xc75000	0xc796aa	0xc792dc	-		call   QWORD PTR [rax]
indirect-call	item-description-shared-superset	0xc75000	0xc796aa	0xc792ef	-		call   QWORD PTR [rax]
literal	item-description-shared-superset	0xc75000	0xc796aa	0xc79336	0x16ee140	It is 	lea    rdx,[rip+0xa74e03]        # 0x1416ee140
direct-call	item-description-shared-superset	0xc75000	0xc796aa	0xc79340	0x6fa10		call   0x14006fa10
literal	item-description-shared-superset	0xc75000	0xc796aa	0xc79363	0x16ee4ec	coated	lea    rdx,[rip+0xa75182]        # 0x1416ee4ec
literal	item-description-shared-superset	0xc75000	0xc796aa	0xc79372	0x16ee4e0	spattered	lea    rdx,[rip+0xa75167]        # 0x1416ee4e0
direct-call	item-description-shared-superset	0xc75000	0xc796aa	0xc79379	0x6fa10		call   0x14006fa10
literal	item-description-shared-superset	0xc75000	0xc796aa	0xc79384	0x15ee5e0	 with 	lea    rdx,[rip+0x975255]        # 0x1415ee5e0
direct-call	item-description-shared-superset	0xc75000	0xc796aa	0xc7938e	0x6fa10		call   0x14006fa10
direct-call	item-description-shared-superset	0xc75000	0xc796aa	0xc7939b	0x68190		call   0x140068190
direct-call	item-description-shared-superset	0xc75000	0xc796aa	0xc793a4	0x6fb80		call   0x14006fb80
direct-call	item-description-shared-superset	0xc75000	0xc796aa	0xc793e2	0x14d1920		call   0x1414d1920
direct-call	item-description-shared-superset	0xc75000	0xc796aa	0xc793ee	0xb9d10		call   0x1400b9d10
literal	item-description-shared-superset	0xc75000	0xc796aa	0xc793f6	0x15fd968	.  	lea    rdx,[rip+0x98456b]        # 0x1415fd968
direct-call	item-description-shared-superset	0xc75000	0xc796aa	0xc79400	0x6fa10		call   0x14006fa10
direct-call	item-description-shared-superset	0xc75000	0xc796aa	0xc7940a	0x6f850		call   0x14006f850
indirect-call	item-description-shared-superset	0xc75000	0xc796aa	0xc7943c	-		call   QWORD PTR [rax+0x5e0]
direct-call	item-description-shared-superset	0xc75000	0xc796aa	0xc79459	0x6f740		call   0x14006f740
direct-call	item-description-shared-superset	0xc75000	0xc796aa	0xc79469	0x6f740		call   0x14006f740
indirect-call	item-description-shared-superset	0xc75000	0xc796aa	0xc794b9	-		call   QWORD PTR [rax]
direct-call	item-description-shared-superset	0xc75000	0xc796aa	0xc794cb	0xb9d10		call   0x1400b9d10
literal	item-description-shared-superset	0xc75000	0xc796aa	0xc794d6	0x15fcfe8	  	lea    rdx,[rip+0x983b0b]        # 0x1415fcfe8
direct-call	item-description-shared-superset	0xc75000	0xc796aa	0xc794e0	0x6fa10		call   0x14006fa10
indirect-call	item-description-shared-superset	0xc75000	0xc796aa	0xc79500	-		call   QWORD PTR [rax]
literal	item-description-shared-superset	0xc75000	0xc796aa	0xc79529	0x15fd258	[B]	lea    rdx,[rip+0x983d28]        # 0x1415fd258
direct-call	item-description-shared-superset	0xc75000	0xc796aa	0xc79530	0x6fa10		call   0x14006fa10
direct-call	item-description-shared-superset	0xc75000	0xc796aa	0xc79547	0xb9d10		call   0x1400b9d10
literal	item-description-shared-superset	0xc75000	0xc796aa	0xc7954f	0x15fd258	[B]	lea    rdx,[rip+0x983d02]        # 0x1415fd258
literal	item-description-shared-superset	0xc75000	0xc796aa	0xc7955e	0x15fcfe8	  	lea    rdx,[rip+0x983a83]        # 0x1415fcfe8
direct-call	item-description-shared-superset	0xc75000	0xc796aa	0xc79565	0x6fa10		call   0x14006fa10
direct-call	item-description-shared-superset	0xc75000	0xc796aa	0xc7957c	0xb9d10		call   0x1400b9d10
literal	item-description-shared-superset	0xc75000	0xc796aa	0xc79587	0x15fcfe8	  	lea    rdx,[rip+0x983a5a]        # 0x1415fcfe8
direct-call	item-description-shared-superset	0xc75000	0xc796aa	0xc79591	0x6fa10		call   0x14006fa10
indirect-call	item-description-shared-superset	0xc75000	0xc796aa	0xc7959d	-		call   QWORD PTR [rax]
literal	item-description-shared-superset	0xc75000	0xc796aa	0xc795c6	0x15fd258	[B]	lea    rdx,[rip+0x983c8b]        # 0x1415fd258
direct-call	item-description-shared-superset	0xc75000	0xc796aa	0xc795cd	0x6fa10		call   0x14006fa10
direct-call	item-description-shared-superset	0xc75000	0xc796aa	0xc795e4	0xb9d10		call   0x1400b9d10
literal	item-description-shared-superset	0xc75000	0xc796aa	0xc795ec	0x15fd258	[B]	lea    rdx,[rip+0x983c65]        # 0x1415fd258
literal	item-description-shared-superset	0xc75000	0xc796aa	0xc795fb	0x15fcfe8	  	lea    rdx,[rip+0x9839e6]        # 0x1415fcfe8
direct-call	item-description-shared-superset	0xc75000	0xc796aa	0xc79602	0x6fa10		call   0x14006fa10
direct-call	item-description-shared-superset	0xc75000	0xc796aa	0xc79619	0xb9d10		call   0x1400b9d10
literal	item-description-shared-superset	0xc75000	0xc796aa	0xc79624	0x15fcfe8	  	lea    rdx,[rip+0x9839bd]        # 0x1415fcfe8
direct-call	item-description-shared-superset	0xc75000	0xc796aa	0xc7962e	0x6fa10		call   0x14006fa10
direct-call	item-description-shared-superset	0xc75000	0xc796aa	0xc79638	0x6f850		call   0x14006f850
direct-call	item-description-shared-superset	0xc75000	0xc796aa	0xc79647	0x1539660		call   0x141539660
formatter	item-noun-shared	0xa82c10	0xa882fc	-	-		
direct-call	item-noun-shared	0xa82c10	0xa882fc	0xa82d18	0x1360ec0		call   0x141360ec0
literal	item-noun-shared	0xa82c10	0xa882fc	0xa82d27	0x1649d9c	large	mov    eax,DWORD PTR [rip+0xbc706f]        # 0x141649d9c
literal	item-noun-shared	0xa82c10	0xa882fc	0xa82d30	0x1649da0	e	movzx  eax,BYTE PTR [rip+0xbc7069]        # 0x141649da0
literal	item-noun-shared	0xa82c10	0xa882fc	0xa82d39	0x1686358	small	mov    eax,DWORD PTR [rip+0xc03619]        # 0x141686358
literal	item-noun-shared	0xa82c10	0xa882fc	0xa82d42	0x168635c	l	movzx  eax,BYTE PTR [rip+0xc03613]        # 0x14168635c
literal	item-noun-shared	0xa82c10	0xa882fc	0xa82d8c	0x16cbf50	grown 	lea    rdx,[rip+0xc491bd]        # 0x1416cbf50
direct-call	item-noun-shared	0xa82c10	0xa882fc	0xa82d96	0x6fa10		call   0x14006fa10
direct-call	item-noun-shared	0xa82c10	0xa882fc	0xa82e1e	0x14d1920		call   0x1414d1920
direct-call	item-noun-shared	0xa82c10	0xa882fc	0xa82e3b	0x6fa10		call   0x14006fa10
direct-call	item-noun-shared	0xa82c10	0xa882fc	0xa82e4f	0xb9b80		call   0x1400b9b80
literal	item-noun-shared	0xa82c10	0xa882fc	0xa82e66	0x167ccf0	logs	lea    rdx,[rip+0xbf9e83]        # 0x14167ccf0
direct-call	item-noun-shared	0xa82c10	0xa882fc	0xa82e70	0x6fa10		call   0x14006fa10
direct-call	item-noun-shared	0xa82c10	0xa882fc	0xa82eac	0x14d1920		call   0x1414d1920
direct-call	item-noun-shared	0xa82c10	0xa882fc	0xa82ec9	0x6fa10		call   0x14006fa10
direct-call	item-noun-shared	0xa82c10	0xa882fc	0xa82ed3	0xb9b80		call   0x1400b9b80
literal	item-noun-shared	0xa82c10	0xa882fc	0xa82ed8	0x16ce7e0	branch	lea    rdx,[rip+0xc4b901]        # 0x1416ce7e0
direct-call	item-noun-shared	0xa82c10	0xa882fc	0xa82ee8	0x6fa10		call   0x14006fa10
literal	item-noun-shared	0xa82c10	0xa882fc	0xa82efd	0x16ce880	es	lea    rdx,[rip+0xc4b97c]        # 0x1416ce880
direct-call	item-noun-shared	0xa82c10	0xa882fc	0xa82f07	0x6fa10		call   0x14006fa10
literal	item-noun-shared	0xa82c10	0xa882fc	0xa82f1d	0x1601038	rough gems	lea    rdx,[rip+0xb7e114]        # 0x141601038
direct-call	item-noun-shared	0xa82c10	0xa882fc	0xa82f27	0x6fa10		call   0x14006fa10
literal	item-noun-shared	0xa82c10	0xa882fc	0xa82f36	0x16ce870	raw green glass	lea    rdx,[rip+0xc4b933]        # 0x1416ce870
direct-call	item-noun-shared	0xa82c10	0xa882fc	0xa82f40	0x6f560		call   0x14006f560
literal	item-noun-shared	0xa82c10	0xa882fc	0xa82f4f	0x16ce860	raw clear glass	lea    rdx,[rip+0xc4b90a]        # 0x1416ce860
direct-call	item-noun-shared	0xa82c10	0xa882fc	0xa82f59	0x6f560		call   0x14006f560
literal	item-noun-shared	0xa82c10	0xa882fc	0xa82f68	0x16ce848	raw crystal glass	lea    rdx,[rip+0xc4b8d9]        # 0x1416ce848
direct-call	item-noun-shared	0xa82c10	0xa882fc	0xa82f72	0x6f560		call   0x14006f560
literal	item-noun-shared	0xa82c10	0xa882fc	0xa82f8a	0x1601038	rough gems	lea    rdx,[rip+0xb7e0a7]        # 0x141601038
direct-call	item-noun-shared	0xa82c10	0xa882fc	0xa82f94	0x6f560		call   0x14006f560
direct-call	item-noun-shared	0xa82c10	0xa882fc	0xa82fa2	0x6f690		call   0x14006f690
literal	item-noun-shared	0xa82c10	0xa882fc	0xa82fa8	0x16cc1b0	rough 	lea    rdx,[rip+0xc49201]        # 0x1416cc1b0
direct-call	item-noun-shared	0xa82c10	0xa882fc	0xa82fb2	0x6f560		call   0x14006f560
direct-call	item-noun-shared	0xa82c10	0xa882fc	0xa82fce	0x14d1790		call   0x1414d1790
direct-call	item-noun-shared	0xa82c10	0xa882fc	0xa82fda	0xb9d10		call   0x1400b9d10
direct-call	item-noun-shared	0xa82c10	0xa882fc	0xa82fe4	0x6f850		call   0x14006f850
literal	item-noun-shared	0xa82c10	0xa882fc	0xa83047	0x16862ac	small 	lea    rdx,[rip+0xc0325e]        # 0x1416862ac
direct-call	item-noun-shared	0xa82c10	0xa882fc	0xa83051	0x6fa10		call   0x14006fa10
literal	item-noun-shared	0xa82c10	0xa882fc	0xa8305e	0x16862ac	small 	lea    rdx,[rip+0xc03247]        # 0x1416862ac
direct-call	item-noun-shared	0xa82c10	0xa882fc	0xa83068	0x6fa10		call   0x14006fa10
direct-call	item-noun-shared	0xa82c10	0xa882fc	0xa830b8	0x14d1920		call   0x1414d1920
direct-call	item-noun-shared	0xa82c10	0xa882fc	0xa830d2	0x6fa10		call   0x14006fa10
direct-call	item-noun-shared	0xa82c10	0xa882fc	0xa830e1	0xb9b80		call   0x1400b9b80
direct-call	item-noun-shared	0xa82c10	0xa882fc	0xa8311d	0x1539680		call   0x141539680
literal	item-noun-shared	0xa82c10	0xa882fc	0xa8313e	0x16ce7ac	rock	lea    rdx,[rip+0xc4b667]        # 0x1416ce7ac
direct-call	item-noun-shared	0xa82c10	0xa882fc	0xa83148	0x6fa10		call   0x14006fa10
literal	item-noun-shared	0xa82c10	0xa882fc	0xa8315e	0x16ce7a0	small rock	lea    rdx,[rip+0xc4b63b]        # 0x1416ce7a0
direct-call	item-noun-shared	0xa82c10	0xa882fc	0xa83168	0x6f8d0		call   0x14006f8d0
direct-call	item-noun-shared	0xa82c10	0xa882fc	0xa83180	0x6f690		call   0x14006f690
direct-call	item-noun-shared	0xa82c10	0xa882fc	0xa83197	0x14d16f0		call   0x1414d16f0
direct-call	item-noun-shared	0xa82c10	0xa882fc	0xa831a3	0xb9d10		call   0x1400b9d10
direct-call	item-noun-shared	0xa82c10	0xa882fc	0xa831ad	0x6f850		call   0x14006f850
literal	item-noun-shared	0xa82c10	0xa882fc	0xa831b7	0x16ce790	stone boulders	lea    rdx,[rip+0xc4b5d2]        # 0x1416ce790
direct-call	item-noun-shared	0xa82c10	0xa882fc	0xa831c1	0x6f560		call   0x14006f560
literal	item-noun-shared	0xa82c10	0xa882fc	0xa831dd	0x16ce780	boulders	lea    rdx,[rip+0xc4b59c]        # 0x1416ce780
direct-call	item-noun-shared	0xa82c10	0xa882fc	0xa831e7	0x6f560		call   0x14006f560
direct-call	item-noun-shared	0xa82c10	0xa882fc	0xa831f8	0x6f690		call   0x14006f690
direct-call	item-noun-shared	0xa82c10	0xa882fc	0xa83223	0x14d1920		call   0x1414d1920
direct-call	item-noun-shared	0xa82c10	0xa882fc	0xa83232	0xb9d10		call   0x1400b9d10
direct-call	item-noun-shared	0xa82c10	0xa882fc	0xa8323f	0x6f850		call   0x14006f850
direct-call	item-noun-shared	0xa82c10	0xa882fc	0xa83264	0x6f690		call   0x14006f690
direct-call	item-noun-shared	0xa82c10	0xa882fc	0xa83294	0x14d1920		call   0x1414d1920
direct-call	item-noun-shared	0xa82c10	0xa882fc	0xa832a3	0xb9d10		call   0x1400b9d10
direct-call	item-noun-shared	0xa82c10	0xa882fc	0xa832b0	0x6f850		call   0x14006f850
literal	item-noun-shared	0xa82c10	0xa882fc	0xa832ba	0x16ce738	bars	lea    rdx,[rip+0xc4b477]        # 0x1416ce738
direct-call	item-noun-shared	0xa82c10	0xa882fc	0xa832c4	0x6f560		call   0x14006f560
literal	item-noun-shared	0xa82c10	0xa882fc	0xa832d3	0x16ce7c0	charcoal	lea    rdx,[rip+0xc4b4e6]        # 0x1416ce7c0
direct-call	item-noun-shared	0xa82c10	0xa882fc	0xa832dd	0x6f560		call   0x14006f560
literal	item-noun-shared	0xa82c10	0xa882fc	0xa832e9	0x16ce7b4	coke	lea    rdx,[rip+0xc4b4c4]        # 0x1416ce7b4
literal	item-noun-shared	0xa82c10	0xa882fc	0xa832f2	0x16ce740	refined coal	lea    rdx,[rip+0xc4b447]        # 0x1416ce740
direct-call	item-noun-shared	0xa82c10	0xa882fc	0xa832fc	0x6f560		call   0x14006f560
literal	item-noun-shared	0xa82c10	0xa882fc	0xa8330b	0x163e59c	metal	lea    rdx,[rip+0xbbb28a]        # 0x14163e59c
direct-call	item-noun-shared	0xa82c10	0xa882fc	0xa83315	0x6f560		call   0x14006f560
literal	item-noun-shared	0xa82c10	0xa882fc	0xa8331a	0x16ce7cc	 bars	lea    rdx,[rip+0xc4b4ab]        # 0x1416ce7cc
direct-call	item-noun-shared	0xa82c10	0xa882fc	0xa83324	0x6f560		call   0x14006f560
direct-call	item-noun-shared	0xa82c10	0xa882fc	0xa83335	0x6f690		call   0x14006f690
direct-call	item-noun-shared	0xa82c10	0xa882fc	0xa83365	0x14d1920		call   0x1414d1920
direct-call	item-noun-shared	0xa82c10	0xa882fc	0xa83374	0xb9d10		call   0x1400b9d10
direct-call	item-noun-shared	0xa82c10	0xa882fc	0xa83381	0x6f850		call   0x14006f850
literal	item-noun-shared	0xa82c10	0xa882fc	0xa833ca	0x16ce7d8	 wafers	lea    rdx,[rip+0xc4b407]        # 0x1416ce7d8
direct-call	item-noun-shared	0xa82c10	0xa882fc	0xa833d4	0x6f560		call   0x14006f560
indirect-call	item-noun-shared	0xa82c10	0xa882fc	0xa83448	-		call   QWORD PTR [rax+0x748]
direct-call	item-noun-shared	0xa82c10	0xa882fc	0xa8348a	0x14e1ec0		call   0x1414e1ec0
direct-call	item-noun-shared	0xa82c10	0xa882fc	0xa834a8	0x6fa10		call   0x14006fa10
literal	item-noun-shared	0xa82c10	0xa882fc	0xa834b8	0x16011f0	cut gems	lea    rdx,[rip+0xb7dd31]        # 0x1416011f0
direct-call	item-noun-shared	0xa82c10	0xa882fc	0xa834c2	0x6f560		call   0x14006f560
literal	item-noun-shared	0xa82c10	0xa882fc	0xa834d1	0x16ce720	cut green glass gems	lea    rdx,[rip+0xc4b248]        # 0x1416ce720
direct-call	item-noun-shared	0xa82c10	0xa882fc	0xa834db	0x6f560		call   0x14006f560
literal	item-noun-shared	0xa82c10	0xa882fc	0xa834ea	0x16ce708	cut clear glass gems	lea    rdx,[rip+0xc4b217]        # 0x1416ce708
direct-call	item-noun-shared	0xa82c10	0xa882fc	0xa834f4	0x6f560		call   0x14006f560
literal	item-noun-shared	0xa82c10	0xa882fc	0xa83500	0x16ce768	cut crystal glass gems	lea    rdx,[rip+0xc4b261]        # 0x1416ce768
direct-call	item-noun-shared	0xa82c10	0xa882fc	0xa8350a	0x6f560		call   0x14006f560
literal	item-noun-shared	0xa82c10	0xa882fc	0xa8351b	0x16ce760	gems	lea    rdx,[rip+0xc4b23e]        # 0x1416ce760
direct-call	item-noun-shared	0xa82c10	0xa882fc	0xa83525	0x6f560		call   0x14006f560
direct-call	item-noun-shared	0xa82c10	0xa882fc	0xa83533	0x6f690		call   0x14006f690
direct-call	item-noun-shared	0xa82c10	0xa882fc	0xa83553	0x14d1790		call   0x1414d1790
direct-call	item-noun-shared	0xa82c10	0xa882fc	0xa83562	0xb9d10		call   0x1400b9d10
direct-call	item-noun-shared	0xa82c10	0xa882fc	0xa8356f	0x6f850		call   0x14006f850
direct-call	item-noun-shared	0xa82c10	0xa882fc	0xa835ab	0x1539680		call   0x141539680
direct-call	item-noun-shared	0xa82c10	0xa882fc	0xa835f7	0x14d1920		call   0x1414d1920
direct-call	item-noun-shared	0xa82c10	0xa882fc	0xa83614	0x6fa10		call   0x14006fa10
direct-call	item-noun-shared	0xa82c10	0xa882fc	0xa8361e	0xb9b80		call   0x1400b9b80
direct-call	item-noun-shared	0xa82c10	0xa882fc	0xa83630	0x14add70		call   0x1414add70
direct-call	item-noun-shared	0xa82c10	0xa882fc	0xa8364e	0xb9d10		call   0x1400b9d10
literal	item-noun-shared	0xa82c10	0xa882fc	0xa83658	0x16ce758	blocks	lea    rdx,[rip+0xc4b0f9]        # 0x1416ce758
direct-call	item-noun-shared	0xa82c10	0xa882fc	0xa8365f	0x6f560		call   0x14006f560
literal	item-noun-shared	0xa82c10	0xa882fc	0xa8366f	0x16ce758	blocks	lea    rdx,[rip+0xc4b0e2]        # 0x1416ce758
direct-call	item-noun-shared	0xa82c10	0xa882fc	0xa83676	0x6fa10		call   0x14006fa10
direct-call	item-noun-shared	0xa82c10	0xa882fc	0xa836b2	0x14d1920		call   0x1414d1920
direct-call	item-noun-shared	0xa82c10	0xa882fc	0xa836cf	0x6fa10		call   0x14006fa10
direct-call	item-noun-shared	0xa82c10	0xa882fc	0xa836d9	0xb9b80		call   0x1400b9b80
direct-call	item-noun-shared	0xa82c10	0xa882fc	0xa836eb	0x14add70		call   0x1414add70
literal	item-noun-shared	0xa82c10	0xa882fc	0xa8371d	0x16ce6ec	door	lea    rcx,[rip+0xc4afc8]        # 0x1416ce6ec
literal	item-noun-shared	0xa82c10	0xa882fc	0xa83724	0x16ce750	portal	lea    rdx,[rip+0xc4b025]        # 0x1416ce750
direct-call	item-noun-shared	0xa82c10	0xa882fc	0xa83768	0x14d1920		call   0x1414d1920
direct-call	item-noun-shared	0xa82c10	0xa882fc	0xa83785	0x6fa10		call   0x14006fa10
direct-call	item-noun-shared	0xa82c10	0xa882fc	0xa8378f	0xb9b80		call   0x1400b9b80
literal	item-noun-shared	0xa82c10	0xa882fc	0xa8379a	0x16ce6e0	floodgate	lea    rdx,[rip+0xc4af3f]        # 0x1416ce6e0
direct-call	item-noun-shared	0xa82c10	0xa882fc	0xa837d8	0x14d1920		call   0x1414d1920
direct-call	item-noun-shared	0xa82c10	0xa882fc	0xa837f5	0x6fa10		call   0x14006fa10
direct-call	item-noun-shared	0xa82c10	0xa882fc	0xa837ff	0xb9b80		call   0x1400b9b80
literal	item-noun-shared	0xa82c10	0xa882fc	0xa8380a	0x16ce6d0	hatch cover	lea    rdx,[rip+0xc4aebf]        # 0x1416ce6d0
direct-call	item-noun-shared	0xa82c10	0xa882fc	0xa83848	0x14d1920		call   0x1414d1920
direct-call	item-noun-shared	0xa82c10	0xa882fc	0xa83865	0x6fa10		call   0x14006fa10
direct-call	item-noun-shared	0xa82c10	0xa882fc	0xa8386f	0xb9b80		call   0x1400b9b80
literal	item-noun-shared	0xa82c10	0xa882fc	0xa8387a	0x16ce6c8	grate	lea    rdx,[rip+0xc4ae47]        # 0x1416ce6c8
direct-call	item-noun-shared	0xa82c10	0xa882fc	0xa838b8	0x14d1920		call   0x1414d1920
direct-call	item-noun-shared	0xa82c10	0xa882fc	0xa838d5	0x6fa10		call   0x14006fa10
direct-call	item-noun-shared	0xa82c10	0xa882fc	0xa838df	0xb9b80		call   0x1400b9b80
literal	item-noun-shared	0xa82c10	0xa882fc	0xa838ea	0x162fdb4	table	lea    rdx,[rip+0xbac4c3]        # 0x14162fdb4
direct-call	item-noun-shared	0xa82c10	0xa882fc	0xa83928	0x14d1920		call   0x1414d1920
direct-call	item-noun-shared	0xa82c10	0xa882fc	0xa83945	0x6fa10		call   0x14006fa10
direct-call	item-noun-shared	0xa82c10	0xa882fc	0xa8394f	0xb9b80		call   0x1400b9b80
literal	item-noun-shared	0xa82c10	0xa882fc	0xa8395a	0x163cea0	cabinet	lea    rdx,[rip+0xbb953f]        # 0x14163cea0
direct-call	item-noun-shared	0xa82c10	0xa882fc	0xa83998	0x14d1920		call   0x1414d1920
direct-call	item-noun-shared	0xa82c10	0xa882fc	0xa839b5	0x6fa10		call   0x14006fa10
direct-call	item-noun-shared	0xa82c10	0xa882fc	0xa839bf	0xb9b80		call   0x1400b9b80
literal	item-noun-shared	0xa82c10	0xa882fc	0xa839ca	0x163ce90	weapon rack	lea    rdx,[rip+0xbb94bf]        # 0x14163ce90
direct-call	item-noun-shared	0xa82c10	0xa882fc	0xa83a08	0x14d1920		call   0x1414d1920
direct-call	item-noun-shared	0xa82c10	0xa882fc	0xa83a25	0x6fa10		call   0x14006fa10
direct-call	item-noun-shared	0xa82c10	0xa882fc	0xa83a2f	0xb9b80		call   0x1400b9b80
literal	item-noun-shared	0xa82c10	0xa882fc	0xa83a3a	0x163ce08	armor stand	lea    rdx,[rip+0xbb93c7]        # 0x14163ce08
direct-call	item-noun-shared	0xa82c10	0xa882fc	0xa83a78	0x14d1920		call   0x1414d1920
direct-call	item-noun-shared	0xa82c10	0xa882fc	0xa83a95	0x6fa10		call   0x14006fa10
direct-call	item-noun-shared	0xa82c10	0xa882fc	0xa83a9f	0xb9b80		call   0x1400b9b80
literal	item-noun-shared	0xa82c10	0xa882fc	0xa83aaa	0x16ce704	bin	lea    rdx,[rip+0xc4ac53]        # 0x1416ce704
direct-call	item-noun-shared	0xa82c10	0xa882fc	0xa83ae8	0x14d1920		call   0x1414d1920
direct-call	item-noun-shared	0xa82c10	0xa882fc	0xa83b05	0x6fa10		call   0x14006fa10
direct-call	item-noun-shared	0xa82c10	0xa882fc	0xa83b0f	0xb9b80		call   0x1400b9b80
direct-call	item-noun-shared	0xa82c10	0xa882fc	0xa83b21	0x14add70		call   0x1414add70
literal	item-noun-shared	0xa82c10	0xa882fc	0xa83b51	0x16ce700	box	lea    rdx,[rip+0xc4aba8]        # 0x1416ce700
direct-call	item-noun-shared	0xa82c10	0xa882fc	0xa83b5b	0x6fa10		call   0x14006fa10
literal	item-noun-shared	0xa82c10	0xa882fc	0xa83b6a	0x16ce6fc	e	lea    rdx,[rip+0xc4ab8b]        # 0x1416ce6fc
direct-call	item-noun-shared	0xa82c10	0xa882fc	0xa83b8a	0x145bee0		call   0x14145bee0
literal	item-noun-shared	0xa82c10	0xa882fc	0xa83b93	0x16ce6f4	coffer	lea    rdx,[rip+0xc4ab5a]        # 0x1416ce6f4
literal	item-noun-shared	0xa82c10	0xa882fc	0xa83ba2	0x163cea8	chest	lea    rdx,[rip+0xbb92ff]        # 0x14163cea8
direct-call	item-noun-shared	0xa82c10	0xa882fc	0xa83bac	0x6f560		call   0x14006f560
literal	item-noun-shared	0xa82c10	0xa882fc	0xa83bc3	0x16ce6a0	boxe	lea    rdx,[rip+0xc4aad6]        # 0x1416ce6a0
direct-call	item-noun-shared	0xa82c10	0xa882fc	0xa83bcd	0x6f560		call   0x14006f560
literal	item-noun-shared	0xa82c10	0xa882fc	0xa83bd8	0x15e9298	s	lea    rdx,[rip+0xb656b9]        # 0x1415e9298
direct-call	item-noun-shared	0xa82c10	0xa882fc	0xa83be2	0x6fa10		call   0x14006fa10
literal	item-noun-shared	0xa82c10	0xa882fc	0xa83bec	0x16ce700	box	lea    rdx,[rip+0xc4ab0d]        # 0x1416ce700
direct-call	item-noun-shared	0xa82c10	0xa882fc	0xa83bf6	0x6f560		call   0x14006f560
direct-call	item-noun-shared	0xa82c10	0xa882fc	0xa83c32	0x14d1920		call   0x1414d1920
direct-call	item-noun-shared	0xa82c10	0xa882fc	0xa83c4f	0x6fa10		call   0x14006fa10
direct-call	item-noun-shared	0xa82c10	0xa882fc	0xa83c59	0xb9b80		call   0x1400b9b80
literal	item-noun-shared	0xa82c10	0xa882fc	0xa83c64	0x16ce69c	bag	lea    rdx,[rip+0xc4aa31]        # 0x1416ce69c
direct-call	item-noun-shared	0xa82c10	0xa882fc	0xa83c89	0x6fa10		call   0x14006fa10
direct-call	item-noun-shared	0xa82c10	0xa882fc	0xa83c93	0xb9b80		call   0x1400b9b80
direct-call	item-noun-shared	0xa82c10	0xa882fc	0xa83ccd	0x14d1920		call   0x1414d1920
direct-call	item-noun-shared	0xa82c10	0xa882fc	0xa83cea	0x6fa10		call   0x14006fa10
direct-call	item-noun-shared	0xa82c10	0xa882fc	0xa83cf4	0xb9b80		call   0x1400b9b80
literal	item-noun-shared	0xa82c10	0xa882fc	0xa83cff	0x16ce690	backpack	lea    rdx,[rip+0xc4a98a]        # 0x1416ce690
direct-call	item-noun-shared	0xa82c10	0xa882fc	0xa83d7c	0xb9d10		call   0x1400b9d10
direct-call	item-noun-shared	0xa82c10	0xa882fc	0xa83d90	0xb9b80		call   0x1400b9b80
direct-call	item-noun-shared	0xa82c10	0xa882fc	0xa83d9f	0xb9d10		call   0x1400b9d10
direct-call	item-noun-shared	0xa82c10	0xa882fc	0xa83db7	0xb9b80		call   0x1400b9b80
literal	item-noun-shared	0xa82c10	0xa882fc	0xa83dbc	0x16ce6c0	cast	lea    rdx,[rip+0xc4a8fd]        # 0x1416ce6c0
literal	item-noun-shared	0xa82c10	0xa882fc	0xa83dc8	0x16ce680	limb/body 	lea    rdx,[rip+0xc4a8b1]        # 0x1416ce680
direct-call	item-noun-shared	0xa82c10	0xa882fc	0xa83dd2	0x6f560		call   0x14006f560
literal	item-noun-shared	0xa82c10	0xa882fc	0xa83dd7	0x16ce6c0	cast	lea    rdx,[rip+0xc4a8e2]        # 0x1416ce6c0
direct-call	item-noun-shared	0xa82c10	0xa882fc	0xa83e15	0x14d1920		call   0x1414d1920
direct-call	item-noun-shared	0xa82c10	0xa882fc	0xa83e22	0xb9d10		call   0x1400b9d10
direct-call	item-noun-shared	0xa82c10	0xa882fc	0xa83e2c	0xb9b80		call   0x1400b9b80
literal	item-noun-shared	0xa82c10	0xa882fc	0xa83e37	0x16ce680	limb/body 	lea    rdx,[rip+0xc4a842]        # 0x1416ce680
direct-call	item-noun-shared	0xa82c10	0xa882fc	0xa83e41	0x6fa10		call   0x14006fa10
literal	item-noun-shared	0xa82c10	0xa882fc	0xa83e46	0x16ce6c0	cast	lea    rdx,[rip+0xc4a873]        # 0x1416ce6c0
direct-call	item-noun-shared	0xa82c10	0xa882fc	0xa83e84	0x14d1920		call   0x1414d1920
direct-call	item-noun-shared	0xa82c10	0xa882fc	0xa83ea1	0x6fa10		call   0x14006fa10
direct-call	item-noun-shared	0xa82c10	0xa882fc	0xa83eab	0xb9b80		call   0x1400b9b80
literal	item-noun-shared	0xa82c10	0xa882fc	0xa83eb6	0x16ce6b8	splint	lea    rdx,[rip+0xc4a7fb]        # 0x1416ce6b8
direct-call	item-noun-shared	0xa82c10	0xa882fc	0xa83ef4	0x14d1920		call   0x1414d1920
direct-call	item-noun-shared	0xa82c10	0xa882fc	0xa83f11	0x6fa10		call   0x14006fa10
direct-call	item-noun-shared	0xa82c10	0xa882fc	0xa83f1b	0xb9b80		call   0x1400b9b80
literal	item-noun-shared	0xa82c10	0xa882fc	0xa83f20	0x16ce6b0	crutch	lea    rdx,[rip+0xc4a789]        # 0x1416ce6b0
direct-call	item-noun-shared	0xa82c10	0xa882fc	0xa83f45	0x6fa10		call   0x14006fa10
direct-call	item-noun-shared	0xa82c10	0xa882fc	0xa83f4f	0xb9b80		call   0x1400b9b80
direct-call	item-noun-shared	0xa82c10	0xa882fc	0xa83f89	0x14d1920		call   0x1414d1920
direct-call	item-noun-shared	0xa82c10	0xa882fc	0xa83fa6	0x6fa10		call   0x14006fa10
direct-call	item-noun-shared	0xa82c10	0xa882fc	0xa83fb0	0xb9b80		call   0x1400b9b80
literal	item-noun-shared	0xa82c10	0xa882fc	0xa83fbb	0x16ce6a8	quiver	lea    rdx,[rip+0xc4a6e6]        # 0x1416ce6a8
direct-call	item-noun-shared	0xa82c10	0xa882fc	0xa83ff9	0x14d1920		call   0x1414d1920
direct-call	item-noun-shared	0xa82c10	0xa882fc	0xa84016	0x6fa10		call   0x14006fa10
direct-call	item-noun-shared	0xa82c10	0xa882fc	0xa84020	0xb9b80		call   0x1400b9b80
literal	item-noun-shared	0xa82c10	0xa882fc	0xa8403a	0x16ce63c	casket	lea    rdx,[rip+0xc4a5fb]        # 0x1416ce63c
direct-call	item-noun-shared	0xa82c10	0xa882fc	0xa84044	0x6f560		call   0x14006f560
direct-call	item-noun-shared	0xa82c10	0xa882fc	0xa8405b	0x14add70		call   0x1414add70
literal	item-noun-shared	0xa82c10	0xa882fc	0xa84085	0x16ce630	sarcophag	lea    rdx,[rip+0xc4a5a4]        # 0x1416ce630
direct-call	item-noun-shared	0xa82c10	0xa882fc	0xa8408f	0x6f560		call   0x14006f560
literal	item-noun-shared	0xa82c10	0xa882fc	0xa84094	0x1642184	us	lea    rax,[rip+0xbbe0e9]        # 0x141642184
literal	item-noun-shared	0xa82c10	0xa882fc	0xa8409b	0x16c0828	i	lea    rdx,[rip+0xc3c786]        # 0x1416c0828
direct-call	item-noun-shared	0xa82c10	0xa882fc	0xa840ad	0x6f560		call   0x14006f560
literal	item-noun-shared	0xa82c10	0xa882fc	0xa840b7	0x162fe0c	coffin	lea    rdx,[rip+0xbabd4e]        # 0x14162fe0c
direct-call	item-noun-shared	0xa82c10	0xa882fc	0xa840c1	0x6f560		call   0x14006f560
direct-call	item-noun-shared	0xa82c10	0xa882fc	0xa84100	0x14d1920		call   0x1414d1920
direct-call	item-noun-shared	0xa82c10	0xa882fc	0xa8411d	0x6fa10		call   0x14006fa10
direct-call	item-noun-shared	0xa82c10	0xa882fc	0xa84127	0xb9b80		call   0x1400b9b80
direct-call	item-noun-shared	0xa82c10	0xa882fc	0xa84139	0x14add70		call   0x1414add70
direct-call	item-noun-shared	0xa82c10	0xa882fc	0xa84180	0x145bee0		call   0x14145bee0
direct-call	item-noun-shared	0xa82c10	0xa882fc	0xa841a2	0x145bee0		call   0x14145bee0
direct-call	item-noun-shared	0xa82c10	0xa882fc	0xa841c4	0x145bee0		call   0x14145bee0
literal	item-noun-shared	0xa82c10	0xa882fc	0xa841d4	0x16ce61c	chain	lea    rdx,[rip+0xc4a441]        # 0x1416ce61c
direct-call	item-noun-shared	0xa82c10	0xa882fc	0xa841de	0x6f560		call   0x14006f560
literal	item-noun-shared	0xa82c10	0xa882fc	0xa841e8	0x16ce624	rope	lea    rdx,[rip+0xc4a435]        # 0x1416ce624
direct-call	item-noun-shared	0xa82c10	0xa882fc	0xa84229	0x14d1920		call   0x1414d1920
direct-call	item-noun-shared	0xa82c10	0xa882fc	0xa84246	0x6fa10		call   0x14006fa10
direct-call	item-noun-shared	0xa82c10	0xa882fc	0xa84250	0xb9b80		call   0x1400b9b80
direct-call	item-noun-shared	0xa82c10	0xa882fc	0xa84262	0x14add70		call   0x1414add70
direct-call	item-noun-shared	0xa82c10	0xa882fc	0xa842ad	0x145bee0		call   0x14145bee0
direct-call	item-noun-shared	0xa82c10	0xa882fc	0xa842d7	0x145bee0		call   0x14145bee0
direct-call	item-noun-shared	0xa82c10	0xa882fc	0xa842f9	0x145bee0		call   0x14145bee0
direct-call	item-noun-shared	0xa82c10	0xa882fc	0xa8431c	0x145bee0		call   0x14145bee0
literal	item-noun-shared	0xa82c10	0xa882fc	0xa84328	0x16ce664	vial	lea    rdx,[rip+0xc4a335]        # 0x1416ce664
direct-call	item-noun-shared	0xa82c10	0xa882fc	0xa8432f	0x6f560		call   0x14006f560
literal	item-noun-shared	0xa82c10	0xa882fc	0xa84339	0x16ce65c	flask	lea    rdx,[rip+0xc4a31c]        # 0x1416ce65c
direct-call	item-noun-shared	0xa82c10	0xa882fc	0xa84340	0x6f560		call   0x14006f560
literal	item-noun-shared	0xa82c10	0xa882fc	0xa84350	0x16ce670	waterskin	lea    rdx,[rip+0xc4a319]        # 0x1416ce670
direct-call	item-noun-shared	0xa82c10	0xa882fc	0xa8438e	0x14d1920		call   0x1414d1920
direct-call	item-noun-shared	0xa82c10	0xa882fc	0xa843ab	0x6fa10		call   0x14006fa10
direct-call	item-noun-shared	0xa82c10	0xa882fc	0xa843b5	0xb9b80		call   0x1400b9b80
literal	item-noun-shared	0xa82c10	0xa882fc	0xa843f9	0x16ce648	musical instrument	lea    rdx,[rip+0xc4a248]        # 0x1416ce648
direct-call	item-noun-shared	0xa82c10	0xa882fc	0xa84428	0xb9d10		call   0x1400b9d10
direct-call	item-noun-shared	0xa82c10	0xa882fc	0xa84491	0xeb120		call   0x1400eb120
direct-call	item-noun-shared	0xa82c10	0xa882fc	0xa844ae	0x145bee0		call   0x14145bee0
direct-call	item-noun-shared	0xa82c10	0xa882fc	0xa844c1	0x726e0		call   0x1400726e0
indirect-call	item-noun-shared	0xa82c10	0xa882fc	0xa844d1	-		call   QWORD PTR [rdx+0x728]
literal	item-noun-shared	0xa82c10	0xa882fc	0xa844db	0x16ce5e8	unglazed 	lea    rdx,[rip+0xc4a106]        # 0x1416ce5e8
direct-call	item-noun-shared	0xa82c10	0xa882fc	0xa844e5	0x6f560		call   0x14006f560
direct-call	item-noun-shared	0xa82c10	0xa882fc	0xa8450e	0x14d1920		call   0x1414d1920
direct-call	item-noun-shared	0xa82c10	0xa882fc	0xa8452b	0x6fa10		call   0x14006fa10
direct-call	item-noun-shared	0xa82c10	0xa882fc	0xa84535	0xb9b80		call   0x1400b9b80
indirect-call	item-noun-shared	0xa82c10	0xa882fc	0xa845a5	-		call   QWORD PTR [rax+0x748]
direct-call	item-noun-shared	0xa82c10	0xa882fc	0xa845de	0xb9d10		call   0x1400b9d10
direct-call	item-noun-shared	0xa82c10	0xa882fc	0xa845e8	0xb9b80		call   0x1400b9b80
direct-call	item-noun-shared	0xa82c10	0xa882fc	0xa84609	0xb9d10		call   0x1400b9d10
direct-call	item-noun-shared	0xa82c10	0xa882fc	0xa8463e	0xb9d10		call   0x1400b9d10
literal	item-noun-shared	0xa82c10	0xa882fc	0xa84643	0x15e873c	 	lea    rdx,[rip+0xb640f2]        # 0x1415e873c
direct-call	item-noun-shared	0xa82c10	0xa882fc	0xa8464d	0x6f560		call   0x14006f560
literal	item-noun-shared	0xa82c10	0xa882fc	0xa8465d	0x16c1e44	tool	lea    rdx,[rip+0xc3d7e0]        # 0x1416c1e44
direct-call	item-noun-shared	0xa82c10	0xa882fc	0xa8469b	0x14d1920		call   0x1414d1920
direct-call	item-noun-shared	0xa82c10	0xa882fc	0xa846b8	0x6fa10		call   0x14006fa10
direct-call	item-noun-shared	0xa82c10	0xa882fc	0xa846c2	0xb9b80		call   0x1400b9b80
literal	item-noun-shared	0xa82c10	0xa882fc	0xa846fd	0x16c1d64	toy	lea    rdx,[rip+0xc3d660]        # 0x1416c1d64
direct-call	item-noun-shared	0xa82c10	0xa882fc	0xa8472c	0xb9d10		call   0x1400b9d10
direct-call	item-noun-shared	0xa82c10	0xa882fc	0xa8476c	0x14d1920		call   0x1414d1920
direct-call	item-noun-shared	0xa82c10	0xa882fc	0xa84789	0x6fa10		call   0x14006fa10
direct-call	item-noun-shared	0xa82c10	0xa882fc	0xa84793	0xb9b80		call   0x1400b9b80
literal	item-noun-shared	0xa82c10	0xa882fc	0xa847ad	0x16ce5e0	cup	lea    rdx,[rip+0xc49e2c]        # 0x1416ce5e0
direct-call	item-noun-shared	0xa82c10	0xa882fc	0xa847b7	0x6f560		call   0x14006f560
direct-call	item-noun-shared	0xa82c10	0xa882fc	0xa847d8	0x145bee0		call   0x14145bee0
literal	item-noun-shared	0xa82c10	0xa882fc	0xa847e1	0x16ce5dc	mug	lea    rdx,[rip+0xc49df4]        # 0x1416ce5dc
direct-call	item-noun-shared	0xa82c10	0xa882fc	0xa847eb	0x6f560		call   0x14006f560
literal	item-noun-shared	0xa82c10	0xa882fc	0xa847fb	0x16ce5d4	goblet	lea    rdx,[rip+0xc49dd2]        # 0x1416ce5d4
direct-call	item-noun-shared	0xa82c10	0xa882fc	0xa84839	0x14d1920		call   0x1414d1920
direct-call	item-noun-shared	0xa82c10	0xa882fc	0xa84856	0x6fa10		call   0x14006fa10
direct-call	item-noun-shared	0xa82c10	0xa882fc	0xa84860	0xb9b80		call   0x1400b9b80
literal	item-noun-shared	0xa82c10	0xa882fc	0xa8486b	0x16ce614	window	lea    rdx,[rip+0xc49da2]        # 0x1416ce614
direct-call	item-noun-shared	0xa82c10	0xa882fc	0xa848a9	0x14d1920		call   0x1414d1920
direct-call	item-noun-shared	0xa82c10	0xa882fc	0xa848c6	0x6fa10		call   0x14006fa10
direct-call	item-noun-shared	0xa82c10	0xa882fc	0xa848d0	0xb9b80		call   0x1400b9b80
direct-call	item-noun-shared	0xa82c10	0xa882fc	0xa848e2	0x14add70		call   0x1414add70
literal	item-noun-shared	0xa82c10	0xa882fc	0xa8491a	0x16ce5fc	cage	lea    rcx,[rip+0xc49cdb]        # 0x1416ce5fc
literal	item-noun-shared	0xa82c10	0xa882fc	0xa84921	0x16ce608	terrarium	lea    rdx,[rip+0xc49ce0]        # 0x1416ce608
direct-call	item-noun-shared	0xa82c10	0xa882fc	0xa84963	0x14d1920		call   0x1414d1920
direct-call	item-noun-shared	0xa82c10	0xa882fc	0xa84980	0x6fa10		call   0x14006fa10
direct-call	item-noun-shared	0xa82c10	0xa882fc	0xa8498a	0xb9b80		call   0x1400b9b80
literal	item-noun-shared	0xa82c10	0xa882fc	0xa84995	0x16ce5f4	barrel	lea    rdx,[rip+0xc49c58]        # 0x1416ce5f4
direct-call	item-noun-shared	0xa82c10	0xa882fc	0xa849d3	0x14d1920		call   0x1414d1920
direct-call	item-noun-shared	0xa82c10	0xa882fc	0xa849f0	0x6fa10		call   0x14006fa10
direct-call	item-noun-shared	0xa82c10	0xa882fc	0xa849fa	0xb9b80		call   0x1400b9b80
literal	item-noun-shared	0xa82c10	0xa882fc	0xa84a05	0x16cec8c	bucket	lea    rdx,[rip+0xc4a280]        # 0x1416cec8c
direct-call	item-noun-shared	0xa82c10	0xa882fc	0xa84a43	0x14d1920		call   0x1414d1920
direct-call	item-noun-shared	0xa82c10	0xa882fc	0xa84a60	0x6fa10		call   0x14006fa10
direct-call	item-noun-shared	0xa82c10	0xa882fc	0xa84a6a	0xb9b80		call   0x1400b9b80
literal	item-noun-shared	0xa82c10	0xa882fc	0xa84a75	0x16cec80	animal trap	lea    rdx,[rip+0xc4a204]        # 0x1416cec80
direct-call	item-noun-shared	0xa82c10	0xa882fc	0xa84ab3	0x14d1920		call   0x1414d1920
direct-call	item-noun-shared	0xa82c10	0xa882fc	0xa84ad0	0x6fa10		call   0x14006fa10
direct-call	item-noun-shared	0xa82c10	0xa882fc	0xa84ada	0xb9b80		call   0x1400b9b80
literal	item-noun-shared	0xa82c10	0xa882fc	0xa84af1	0x162fe04	chair	lea    rdx,[rip+0xbab30c]        # 0x14162fe04
direct-call	item-noun-shared	0xa82c10	0xa882fc	0xa84afb	0x6f560		call   0x14006f560
literal	item-noun-shared	0xa82c10	0xa882fc	0xa84b0b	0x16cec74	throne	lea    rdx,[rip+0xc4a162]        # 0x1416cec74
direct-call	item-noun-shared	0xa82c10	0xa882fc	0xa84b4c	0x14d1920		call   0x1414d1920
direct-call	item-noun-shared	0xa82c10	0xa882fc	0xa84b69	0x6fa10		call   0x14006fa10
direct-call	item-noun-shared	0xa82c10	0xa882fc	0xa84b73	0xb9b80		call   0x1400b9b80
direct-call	item-noun-shared	0xa82c10	0xa882fc	0xa84b85	0x14add70		call   0x1414add70
literal	item-noun-shared	0xa82c10	0xa882fc	0xa84bc1	0x16cec70	web	lea    rdx,[rip+0xc4a0a8]        # 0x1416cec70
direct-call	item-noun-shared	0xa82c10	0xa882fc	0xa84bcb	0x6f560		call   0x14006f560
direct-call	item-noun-shared	0xa82c10	0xa882fc	0xa84be2	0x14add70		call   0x1414add70
literal	item-noun-shared	0xa82c10	0xa882fc	0xa84c0c	0x16cecb8	strands	lea    rdx,[rip+0xc4a0a5]        # 0x1416cecb8
direct-call	item-noun-shared	0xa82c10	0xa882fc	0xa84c16	0x6f560		call   0x14006f560
direct-call	item-noun-shared	0xa82c10	0xa882fc	0xa84c33	0x145bee0		call   0x14145bee0
literal	item-noun-shared	0xa82c10	0xa882fc	0xa84c3f	0x16158b4	yarn	lea    rdx,[rip+0xb90c6e]        # 0x1416158b4
direct-call	item-noun-shared	0xa82c10	0xa882fc	0xa84c46	0x6f560		call   0x14006f560
literal	item-noun-shared	0xa82c10	0xa882fc	0xa84c50	0x161589c	thread	lea    rdx,[rip+0xb90c45]        # 0x14161589c
direct-call	item-noun-shared	0xa82c10	0xa882fc	0xa84c57	0x6f560		call   0x14006f560
direct-call	item-noun-shared	0xa82c10	0xa882fc	0xa84c93	0x14d1920		call   0x1414d1920
direct-call	item-noun-shared	0xa82c10	0xa882fc	0xa84cb0	0x6fa10		call   0x14006fa10
direct-call	item-noun-shared	0xa82c10	0xa882fc	0xa84cba	0xb9b80		call   0x1400b9b80
literal	item-noun-shared	0xa82c10	0xa882fc	0xa84cc5	0x16158a4	cloth	lea    rdx,[rip+0xb90bd8]        # 0x1416158a4
direct-call	item-noun-shared	0xa82c10	0xa882fc	0xa84ccf	0x6fa10		call   0x14006fa10
direct-call	item-noun-shared	0xa82c10	0xa882fc	0xa84d9d	0x14d1920		call   0x1414d1920
direct-call	item-noun-shared	0xa82c10	0xa882fc	0xa84dba	0x6fa10		call   0x14006fa10
direct-call	item-noun-shared	0xa82c10	0xa882fc	0xa84dc4	0xb9b80		call   0x1400b9b80
literal	item-noun-shared	0xa82c10	0xa882fc	0xa84dcf	0x16cecac	sheet	lea    rdx,[rip+0xc49ed6]        # 0x1416cecac
direct-call	item-noun-shared	0xa82c10	0xa882fc	0xa84dd9	0x6fa10		call   0x14006fa10
literal	item-noun-shared	0xa82c10	0xa882fc	0xa84df2	0x16ceca0	tanned hide	lea    rdx,[rip+0xc49ea7]        # 0x1416ceca0
direct-call	item-noun-shared	0xa82c10	0xa882fc	0xa84dfc	0x6f560		call   0x14006f560
direct-call	item-noun-shared	0xa82c10	0xa882fc	0xa84e28	0x14d1920		call   0x1414d1920
direct-call	item-noun-shared	0xa82c10	0xa882fc	0xa84e45	0x6fa10		call   0x14006fa10
literal	item-noun-shared	0xa82c10	0xa882fc	0xa84e55	0x16cec94	totem	lea    rdx,[rip+0xc49e38]        # 0x1416cec94
direct-call	item-noun-shared	0xa82c10	0xa882fc	0xa84e99	0x14d1920		call   0x1414d1920
direct-call	item-noun-shared	0xa82c10	0xa882fc	0xa84eb6	0x6fa10		call   0x14006fa10
literal	item-noun-shared	0xa82c10	0xa882fc	0xa84ebe	0x16cec40	-bound 	lea    rdx,[rip+0xc49d7b]        # 0x1416cec40
direct-call	item-noun-shared	0xa82c10	0xa882fc	0xa84ec8	0x6fa10		call   0x14006fa10
literal	item-noun-shared	0xa82c10	0xa882fc	0xa84eda	0x16cec2c	codex	lea    rax,[rip+0xc49d4b]        # 0x1416cec2c
literal	item-noun-shared	0xa82c10	0xa882fc	0xa84ee1	0x16cec38	codices	lea    rdx,[rip+0xc49d50]        # 0x1416cec38
direct-call	item-noun-shared	0xa82c10	0xa882fc	0xa84ef2	0x6fa10		call   0x14006fa10
direct-call	item-noun-shared	0xa82c10	0xa882fc	0xa84f2e	0x14d1920		call   0x1414d1920
direct-call	item-noun-shared	0xa82c10	0xa882fc	0xa84f4b	0x6fa10		call   0x14006fa10
direct-call	item-noun-shared	0xa82c10	0xa882fc	0xa84f55	0xb9b80		call   0x1400b9b80
literal	item-noun-shared	0xa82c10	0xa882fc	0xa84f60	0x16cec20	figurine	lea    rdx,[rip+0xc49cb9]        # 0x1416cec20
literal	item-noun-shared	0xa82c10	0xa882fc	0xa84f7e	0x16cec68	rotten 	lea    rdx,[rip+0xc49ce3]        # 0x1416cec68
direct-call	item-noun-shared	0xa82c10	0xa882fc	0xa84f88	0x6fa10		call   0x14006fa10
literal	item-noun-shared	0xa82c10	0xa882fc	0xa84fa3	0x164fc00	drink	lea    rdx,[rip+0xbcac56]        # 0x14164fc00
direct-call	item-noun-shared	0xa82c10	0xa882fc	0xa84fad	0x6f560		call   0x14006f560
literal	item-noun-shared	0xa82c10	0xa882fc	0xa84fe6	0x16cec68	rotten 	lea    rdx,[rip+0xc49c7b]        # 0x1416cec68
direct-call	item-noun-shared	0xa82c10	0xa882fc	0xa84ff0	0x6fa10		call   0x14006fa10
direct-call	item-noun-shared	0xa82c10	0xa882fc	0xa8512e	0x145bf40		call   0x14145bf40
literal	item-noun-shared	0xa82c10	0xa882fc	0xa851cb	0x16cec60	filthy 	lea    rdx,[rip+0xc49a8e]        # 0x1416cec60
direct-call	item-noun-shared	0xa82c10	0xa882fc	0xa851d5	0x6fa10		call   0x14006fa10
literal	item-noun-shared	0xa82c10	0xa882fc	0xa851e4	0x16cec58	sticky 	lea    rdx,[rip+0xc49a6d]        # 0x1416cec58
direct-call	item-noun-shared	0xa82c10	0xa882fc	0xa851ee	0x6fa10		call   0x14006fa10
literal	item-noun-shared	0xa82c10	0xa882fc	0xa85203	0x16cec48	vomitous 	lea    rdx,[rip+0xc49a3e]        # 0x1416cec48
direct-call	item-noun-shared	0xa82c10	0xa882fc	0xa8520d	0x6fa10		call   0x14006fa10
literal	item-noun-shared	0xa82c10	0xa882fc	0xa8521f	0x16cebec	slimy 	lea    rdx,[rip+0xc499c6]        # 0x1416cebec
direct-call	item-noun-shared	0xa82c10	0xa882fc	0xa85229	0x6fa10		call   0x14006fa10
literal	item-noun-shared	0xa82c10	0xa882fc	0xa85238	0x16b1070	stagnant 	lea    rdx,[rip+0xc2be31]        # 0x1416b1070
direct-call	item-noun-shared	0xa82c10	0xa882fc	0xa85242	0x6fa10		call   0x14006fa10
literal	item-noun-shared	0xa82c10	0xa882fc	0xa85254	0x16cebe4	dirty 	lea    rdx,[rip+0xc49989]        # 0x1416cebe4
direct-call	item-noun-shared	0xa82c10	0xa882fc	0xa8525e	0x6fa10		call   0x14006fa10
literal	item-noun-shared	0xa82c10	0xa882fc	0xa85270	0x16cebdc	gooey 	lea    rdx,[rip+0xc49965]        # 0x1416cebdc
direct-call	item-noun-shared	0xa82c10	0xa882fc	0xa8527a	0x6fa10		call   0x14006fa10
literal	item-noun-shared	0xa82c10	0xa882fc	0xa85289	0x16cebd0	purulent 	lea    rdx,[rip+0xc49940]        # 0x1416cebd0
direct-call	item-noun-shared	0xa82c10	0xa882fc	0xa85293	0x6fa10		call   0x14006fa10
literal	item-noun-shared	0xa82c10	0xa882fc	0xa852a2	0x16cec10	ichorous 	lea    rdx,[rip+0xc49967]        # 0x1416cec10
direct-call	item-noun-shared	0xa82c10	0xa882fc	0xa852ac	0x6fa10		call   0x14006fa10
literal	item-noun-shared	0xa82c10	0xa882fc	0xa852bb	0x16cec08	bloody 	lea    rdx,[rip+0xc49946]        # 0x1416cec08
direct-call	item-noun-shared	0xa82c10	0xa882fc	0xa852c5	0x6fa10		call   0x14006fa10
literal	item-noun-shared	0xa82c10	0xa882fc	0xa852fa	0x16a6358	liquid	lea    rdx,[rip+0xc21057]        # 0x1416a6358
direct-call	item-noun-shared	0xa82c10	0xa882fc	0xa85304	0x6f560		call   0x14006f560
direct-call	item-noun-shared	0xa82c10	0xa882fc	0xa8540d	0x6f690		call   0x14006f690
direct-call	item-noun-shared	0xa82c10	0xa882fc	0xa85426	0xaa3bd0		call   0x140aa3bd0
direct-call	item-noun-shared	0xa82c10	0xa882fc	0xa85437	0x6f5a0		call   0x14006f5a0
literal	item-noun-shared	0xa82c10	0xa882fc	0xa8543c	0x16cebfc	 paste	lea    rdx,[rip+0xc497b9]        # 0x1416cebfc
direct-call	item-noun-shared	0xa82c10	0xa882fc	0xa85448	0x6f560		call   0x14006f560
direct-call	item-noun-shared	0xa82c10	0xa882fc	0xa85455	0x6f850		call   0x14006f850
literal	item-noun-shared	0xa82c10	0xa882fc	0xa85491	0x16cebf4	glob	lea    rdx,[rip+0xc4975c]        # 0x1416cebf4
direct-call	item-noun-shared	0xa82c10	0xa882fc	0xa8549b	0x6f560		call   0x14006f560
direct-call	item-noun-shared	0xa82c10	0xa882fc	0xa85553	0x14d1920		call   0x1414d1920
direct-call	item-noun-shared	0xa82c10	0xa882fc	0xa85570	0x6fa10		call   0x14006fa10
direct-call	item-noun-shared	0xa82c10	0xa882fc	0xa85672	0x145bf40		call   0x14145bf40
literal	item-noun-shared	0xa82c10	0xa882fc	0xa85692	0x16ceb80	 laced with 	lea    rdx,[rip+0xc494e7]        # 0x1416ceb80
direct-call	item-noun-shared	0xa82c10	0xa882fc	0xa8569c	0x6f560		call   0x14006f560
direct-call	item-noun-shared	0xa82c10	0xa882fc	0xa856ab	0x6f690		call   0x14006f690
direct-call	item-noun-shared	0xa82c10	0xa882fc	0xa856eb	0x14d1920		call   0x1414d1920
direct-call	item-noun-shared	0xa82c10	0xa882fc	0xa856fa	0xb9d10		call   0x1400b9d10
literal	item-noun-shared	0xa82c10	0xa882fc	0xa85706	0x15e90d8	, 	lea    rdx,[rip+0xb639cb]        # 0x1415e90d8
literal	item-noun-shared	0xa82c10	0xa882fc	0xa85716	0x15e9110	 and 	lea    rdx,[rip+0xb639f3]        # 0x1415e9110
direct-call	item-noun-shared	0xa82c10	0xa882fc	0xa85720	0x6f560		call   0x14006f560
direct-call	item-noun-shared	0xa82c10	0xa882fc	0xa85730	0x6f850		call   0x14006f850
literal	item-noun-shared	0xa82c10	0xa882fc	0xa8577b	0x16cec68	rotten 	lea    rdx,[rip+0xc494e6]        # 0x1416cec68
direct-call	item-noun-shared	0xa82c10	0xa882fc	0xa85785	0x6fa10		call   0x14006fa10
direct-call	item-noun-shared	0xa82c10	0xa882fc	0xa85813	0xb9d10		call   0x1400b9d10
literal	item-noun-shared	0xa82c10	0xa882fc	0xa85818	0x16ceb70	 dye mix	lea    rdx,[rip+0xc49351]        # 0x1416ceb70
direct-call	item-noun-shared	0xa82c10	0xa882fc	0xa85822	0x6f560		call   0x14006f560
literal	item-noun-shared	0xa82c10	0xa882fc	0xa8583c	0x16ceb64	powder	lea    rdx,[rip+0xc49321]        # 0x1416ceb64
direct-call	item-noun-shared	0xa82c10	0xa882fc	0xa85846	0x6f560		call   0x14006f560
direct-call	item-noun-shared	0xa82c10	0xa882fc	0xa85873	0x14d1920		call   0x1414d1920
direct-call	item-noun-shared	0xa82c10	0xa882fc	0xa85880	0xb9d10		call   0x1400b9d10
literal	item-noun-shared	0xa82c10	0xa882fc	0xa85896	0x16cec68	rotten 	lea    rdx,[rip+0xc493cb]        # 0x1416cec68
direct-call	item-noun-shared	0xa82c10	0xa882fc	0xa858a0	0x6f560		call   0x14006f560
literal	item-noun-shared	0xa82c10	0xa882fc	0xa858b8	0x16ceb5c	cheese	lea    rdx,[rip+0xc4929d]        # 0x1416ceb5c
direct-call	item-noun-shared	0xa82c10	0xa882fc	0xa858c2	0x6f560		call   0x14006f560
direct-call	item-noun-shared	0xa82c10	0xa882fc	0xa8590e	0x14d1920		call   0x1414d1920
direct-call	item-noun-shared	0xa82c10	0xa882fc	0xa8592b	0x6fa10		call   0x14006fa10
direct-call	item-noun-shared	0xa82c10	0xa882fc	0xa85935	0xb9b80		call   0x1400b9b80
literal	item-noun-shared	0xa82c10	0xa882fc	0xa85940	0x16cebc0	catapult parts	lea    rdx,[rip+0xc49279]        # 0x1416cebc0
direct-call	item-noun-shared	0xa82c10	0xa882fc	0xa8594a	0x6fa10		call   0x14006fa10
direct-call	item-noun-shared	0xa82c10	0xa882fc	0xa85986	0x14d1920		call   0x1414d1920
direct-call	item-noun-shared	0xa82c10	0xa882fc	0xa859a3	0x6fa10		call   0x14006fa10
direct-call	item-noun-shared	0xa82c10	0xa882fc	0xa859ad	0xb9b80		call   0x1400b9b80
literal	item-noun-shared	0xa82c10	0xa882fc	0xa859b8	0x16ceba8	bolt thrower parts	lea    rdx,[rip+0xc491e9]        # 0x1416ceba8
direct-call	item-noun-shared	0xa82c10	0xa882fc	0xa859c2	0x6fa10		call   0x14006fa10
direct-call	item-noun-shared	0xa82c10	0xa882fc	0xa859fe	0x14d1920		call   0x1414d1920
direct-call	item-noun-shared	0xa82c10	0xa882fc	0xa85a1b	0x6fa10		call   0x14006fa10
direct-call	item-noun-shared	0xa82c10	0xa882fc	0xa85a25	0xb9b80		call   0x1400b9b80
literal	item-noun-shared	0xa82c10	0xa882fc	0xa85a30	0x16ceb98	mechanisms	lea    rdx,[rip+0xc49161]        # 0x1416ceb98
direct-call	item-noun-shared	0xa82c10	0xa882fc	0xa85a3a	0x6fa10		call   0x14006fa10
direct-call	item-noun-shared	0xa82c10	0xa882fc	0xa85a76	0x14d1920		call   0x1414d1920
direct-call	item-noun-shared	0xa82c10	0xa882fc	0xa85a93	0x6fa10		call   0x14006fa10
direct-call	item-noun-shared	0xa82c10	0xa882fc	0xa85a9d	0xb9b80		call   0x1400b9b80
direct-call	item-noun-shared	0xa82c10	0xa882fc	0xa85aaf	0x14add70		call   0x1414add70
literal	item-noun-shared	0xa82c10	0xa882fc	0xa85adf	0x16ceb90	tube	lea    rdx,[rip+0xc490aa]        # 0x1416ceb90
direct-call	item-noun-shared	0xa82c10	0xa882fc	0xa85ae9	0x6fa10		call   0x14006fa10
literal	item-noun-shared	0xa82c10	0xa882fc	0xa85af9	0x16ceb10	pipe section	lea    rdx,[rip+0xc49010]        # 0x1416ceb10
direct-call	item-noun-shared	0xa82c10	0xa882fc	0xa85b03	0x6fa10		call   0x14006fa10
direct-call	item-noun-shared	0xa82c10	0xa882fc	0xa85b75	0x14d1920		call   0x1414d1920
direct-call	item-noun-shared	0xa82c10	0xa882fc	0xa85b82	0xb9d10		call   0x1400b9d10
direct-call	item-noun-shared	0xa82c10	0xa882fc	0xa85b8c	0xb9b80		call   0x1400b9b80
literal	item-noun-shared	0xa82c10	0xa882fc	0xa85b97	0x16ceb00	trap component	lea    rdx,[rip+0xc48f62]        # 0x1416ceb00
direct-call	item-noun-shared	0xa82c10	0xa882fc	0xa85bc3	0xb9d10		call   0x1400b9d10
literal	item-noun-shared	0xa82c10	0xa882fc	0xa85bc8	0x15e873c	 	lea    rdx,[rip+0xb62b6d]        # 0x1415e873c
direct-call	item-noun-shared	0xa82c10	0xa882fc	0xa85bd2	0x6f560		call   0x14006f560
direct-call	item-noun-shared	0xa82c10	0xa882fc	0xa85c0c	0x14d1920		call   0x1414d1920
direct-call	item-noun-shared	0xa82c10	0xa882fc	0xa85c19	0xb9d10		call   0x1400b9d10
direct-call	item-noun-shared	0xa82c10	0xa882fc	0xa85c23	0xb9b80		call   0x1400b9b80
direct-call	item-noun-shared	0xa82c10	0xa882fc	0xa85c3c	0xb9d10		call   0x1400b9d10
direct-call	item-noun-shared	0xa82c10	0xa882fc	0xa85c78	0x14d1920		call   0x1414d1920
direct-call	item-noun-shared	0xa82c10	0xa882fc	0xa85c95	0x6fa10		call   0x14006fa10
direct-call	item-noun-shared	0xa82c10	0xa882fc	0xa85c9f	0xb9b80		call   0x1400b9b80
literal	item-noun-shared	0xa82c10	0xa882fc	0xa85caa	0x16ceaf0	ballista parts	lea    rdx,[rip+0xc48e3f]        # 0x1416ceaf0
direct-call	item-noun-shared	0xa82c10	0xa882fc	0xa85cb4	0x6fa10		call   0x14006fa10
direct-call	item-noun-shared	0xa82c10	0xa882fc	0xa85cf0	0x14d1920		call   0x1414d1920
direct-call	item-noun-shared	0xa82c10	0xa882fc	0xa85d0d	0x6fa10		call   0x14006fa10
direct-call	item-noun-shared	0xa82c10	0xa882fc	0xa85d17	0xb9b80		call   0x1400b9b80
literal	item-noun-shared	0xa82c10	0xa882fc	0xa85d22	0x16ceae8	anvil	lea    rdx,[rip+0xc48dbf]        # 0x1416ceae8
direct-call	item-noun-shared	0xa82c10	0xa882fc	0xa85d60	0x14d1920		call   0x1414d1920
direct-call	item-noun-shared	0xa82c10	0xa882fc	0xa85d7d	0x6fa10		call   0x14006fa10
direct-call	item-noun-shared	0xa82c10	0xa882fc	0xa85d87	0xb9b80		call   0x1400b9b80
literal	item-noun-shared	0xa82c10	0xa882fc	0xa85d92	0x16ceb54	amulet	lea    rdx,[rip+0xc48dbb]        # 0x1416ceb54
direct-call	item-noun-shared	0xa82c10	0xa882fc	0xa85dd0	0x14d1920		call   0x1414d1920
direct-call	item-noun-shared	0xa82c10	0xa882fc	0xa85ded	0x6fa10		call   0x14006fa10
direct-call	item-noun-shared	0xa82c10	0xa882fc	0xa85df7	0xb9b80		call   0x1400b9b80
literal	item-noun-shared	0xa82c10	0xa882fc	0xa85e02	0x16ceb40	ballista arrow head	lea    rdx,[rip+0xc48d37]        # 0x1416ceb40
direct-call	item-noun-shared	0xa82c10	0xa882fc	0xa85e40	0x14d1920		call   0x1414d1920
direct-call	item-noun-shared	0xa82c10	0xa882fc	0xa85e5d	0x6fa10		call   0x14006fa10
direct-call	item-noun-shared	0xa82c10	0xa882fc	0xa85e67	0xb9b80		call   0x1400b9b80
literal	item-noun-shared	0xa82c10	0xa882fc	0xa85ea9	0x16ceb30	siege ammo	lea    rdx,[rip+0xc48c80]        # 0x1416ceb30
direct-call	item-noun-shared	0xa82c10	0xa882fc	0xa85eb3	0x6fa10		call   0x14006fa10
direct-call	item-noun-shared	0xa82c10	0xa882fc	0xa85ee0	0xb9d10		call   0x1400b9d10
direct-call	item-noun-shared	0xa82c10	0xa882fc	0xa85f5c	0x14d1920		call   0x1414d1920
direct-call	item-noun-shared	0xa82c10	0xa882fc	0xa85f79	0x6fa10		call   0x14006fa10
direct-call	item-noun-shared	0xa82c10	0xa882fc	0xa85f83	0xb9b80		call   0x1400b9b80
direct-call	item-noun-shared	0xa82c10	0xa882fc	0xa85fa1	0xb9d10		call   0x1400b9d10
direct-call	item-noun-shared	0xa82c10	0xa882fc	0xa85fd6	0xb9d10		call   0x1400b9d10
direct-call	item-noun-shared	0xa82c10	0xa882fc	0xa85fe0	0xb9b80		call   0x1400b9b80
literal	item-noun-shared	0xa82c10	0xa882fc	0xa85ff3	0x16ceb20	ammunition	lea    rdx,[rip+0xc48b26]        # 0x1416ceb20
direct-call	item-noun-shared	0xa82c10	0xa882fc	0xa85ffd	0x6fa10		call   0x14006fa10
direct-call	item-noun-shared	0xa82c10	0xa882fc	0xa86039	0x14d1920		call   0x1414d1920
direct-call	item-noun-shared	0xa82c10	0xa882fc	0xa86056	0x6fa10		call   0x14006fa10
direct-call	item-noun-shared	0xa82c10	0xa882fc	0xa86060	0xb9b80		call   0x1400b9b80
literal	item-noun-shared	0xa82c10	0xa882fc	0xa8606b	0x16ceaa8	scepter	lea    rdx,[rip+0xc48a36]        # 0x1416ceaa8
direct-call	item-noun-shared	0xa82c10	0xa882fc	0xa860a9	0x14d1920		call   0x1414d1920
direct-call	item-noun-shared	0xa82c10	0xa882fc	0xa860c6	0x6fa10		call   0x14006fa10
direct-call	item-noun-shared	0xa82c10	0xa882fc	0xa860d0	0xb9b80		call   0x1400b9b80
literal	item-noun-shared	0xa82c10	0xa882fc	0xa860db	0x16cea9c	crown	lea    rdx,[rip+0xc489ba]        # 0x1416cea9c
direct-call	item-noun-shared	0xa82c10	0xa882fc	0xa86119	0x14d1920		call   0x1414d1920
direct-call	item-noun-shared	0xa82c10	0xa882fc	0xa86136	0x6fa10		call   0x14006fa10
direct-call	item-noun-shared	0xa82c10	0xa882fc	0xa86140	0xb9b80		call   0x1400b9b80
literal	item-noun-shared	0xa82c10	0xa882fc	0xa86145	0x16cea94	coin	lea    rdx,[rip+0xc48948]        # 0x1416cea94
literal	item-noun-shared	0xa82c10	0xa882fc	0xa86164	0x16cea88	perfect 	lea    rdx,[rip+0xc4891d]        # 0x1416cea88
literal	item-noun-shared	0xa82c10	0xa882fc	0xa86173	0x164a2c8	large 	lea    rdx,[rip+0xbc414e]        # 0x14164a2c8
direct-call	item-noun-shared	0xa82c10	0xa882fc	0xa8617a	0x6fa10		call   0x14006fa10
indirect-call	item-noun-shared	0xa82c10	0xa882fc	0xa861e5	-		call   QWORD PTR [rax+0x748]
direct-call	item-noun-shared	0xa82c10	0xa882fc	0xa8622e	0x14e1ec0		call   0x1414e1ec0
direct-call	item-noun-shared	0xa82c10	0xa882fc	0xa8624c	0x6fa10		call   0x14006fa10
literal	item-noun-shared	0xa82c10	0xa882fc	0xa8625b	0x16cead8	green glass 	lea    rdx,[rip+0xc48876]        # 0x1416cead8
direct-call	item-noun-shared	0xa82c10	0xa882fc	0xa86265	0x6f560		call   0x14006f560
literal	item-noun-shared	0xa82c10	0xa882fc	0xa86271	0x16ceac8	clear glass 	lea    rdx,[rip+0xc48850]        # 0x1416ceac8
direct-call	item-noun-shared	0xa82c10	0xa882fc	0xa8627b	0x6f560		call   0x14006f560
literal	item-noun-shared	0xa82c10	0xa882fc	0xa86287	0x16ceab8	crystal glass 	lea    rdx,[rip+0xc4882a]        # 0x1416ceab8
direct-call	item-noun-shared	0xa82c10	0xa882fc	0xa86291	0x6f560		call   0x14006f560
literal	item-noun-shared	0xa82c10	0xa882fc	0xa862a3	0x16158fc	gem	lea    rdx,[rip+0xb8f652]        # 0x1416158fc
direct-call	item-noun-shared	0xa82c10	0xa882fc	0xa862ad	0x6f560		call   0x14006f560
direct-call	item-noun-shared	0xa82c10	0xa882fc	0xa862c1	0xb9b80		call   0x1400b9b80
direct-call	item-noun-shared	0xa82c10	0xa882fc	0xa862d4	0x6f690		call   0x14006f690
direct-call	item-noun-shared	0xa82c10	0xa882fc	0xa862fd	0x14d1790		call   0x1414d1790
direct-call	item-noun-shared	0xa82c10	0xa882fc	0xa86309	0xb9d10		call   0x1400b9d10
direct-call	item-noun-shared	0xa82c10	0xa882fc	0xa8631c	0x6f690		call   0x14006f690
direct-call	item-noun-shared	0xa82c10	0xa882fc	0xa86347	0x14d1920		call   0x1414d1920
direct-call	item-noun-shared	0xa82c10	0xa882fc	0xa86356	0xb9d10		call   0x1400b9d10
literal	item-noun-shared	0xa82c10	0xa882fc	0xa8635b	0x16ceab0	 gem	lea    rdx,[rip+0xc4874e]        # 0x1416ceab0
direct-call	item-noun-shared	0xa82c10	0xa882fc	0xa86365	0x6f560		call   0x14006f560
direct-call	item-noun-shared	0xa82c10	0xa882fc	0xa86375	0xb9b80		call   0x1400b9b80
direct-call	item-noun-shared	0xa82c10	0xa882fc	0xa86382	0x6f850		call   0x14006f850
direct-call	item-noun-shared	0xa82c10	0xa882fc	0xa863be	0x1539680		call   0x141539680
direct-call	item-noun-shared	0xa82c10	0xa882fc	0xa8640a	0x14d1920		call   0x1414d1920
direct-call	item-noun-shared	0xa82c10	0xa882fc	0xa86427	0x6fa10		call   0x14006fa10
direct-call	item-noun-shared	0xa82c10	0xa882fc	0xa86431	0xb9b80		call   0x1400b9b80
literal	item-noun-shared	0xa82c10	0xa882fc	0xa86436	0x16cea50	ring	lea    rdx,[rip+0xc48613]        # 0x1416cea50
direct-call	item-noun-shared	0xa82c10	0xa882fc	0xa86474	0x14d1920		call   0x1414d1920
direct-call	item-noun-shared	0xa82c10	0xa882fc	0xa86491	0x6fa10		call   0x14006fa10
direct-call	item-noun-shared	0xa82c10	0xa882fc	0xa8649b	0xb9b80		call   0x1400b9b80
literal	item-noun-shared	0xa82c10	0xa882fc	0xa864a6	0x16cea48	earring	lea    rdx,[rip+0xc4859b]        # 0x1416cea48
direct-call	item-noun-shared	0xa82c10	0xa882fc	0xa864e4	0x14d1920		call   0x1414d1920
direct-call	item-noun-shared	0xa82c10	0xa882fc	0xa86501	0x6fa10		call   0x14006fa10
direct-call	item-noun-shared	0xa82c10	0xa882fc	0xa8650b	0xb9b80		call   0x1400b9b80
literal	item-noun-shared	0xa82c10	0xa882fc	0xa86516	0x16cea38	bracelet	lea    rdx,[rip+0xc4851b]        # 0x1416cea38
direct-call	item-noun-shared	0xa82c10	0xa882fc	0xa86554	0x14d1920		call   0x1414d1920
direct-call	item-noun-shared	0xa82c10	0xa882fc	0xa86571	0x6fa10		call   0x14006fa10
direct-call	item-noun-shared	0xa82c10	0xa882fc	0xa8657b	0xb9b80		call   0x1400b9b80
literal	item-noun-shared	0xa82c10	0xa882fc	0xa86586	0x162fdb0	bed	lea    rdx,[rip+0xba9823]        # 0x14162fdb0
direct-call	item-noun-shared	0xa82c10	0xa882fc	0xa865c4	0x14d1920		call   0x1414d1920
direct-call	item-noun-shared	0xa82c10	0xa882fc	0xa865e1	0x6fa10		call   0x14006fa10
direct-call	item-noun-shared	0xa82c10	0xa882fc	0xa865eb	0xb9b80		call   0x1400b9b80
literal	item-noun-shared	0xa82c10	0xa882fc	0xa865f6	0x16cea28	traction bench	lea    rdx,[rip+0xc4842b]        # 0x1416cea28
direct-call	item-noun-shared	0xa82c10	0xa882fc	0xa86634	0x14d1920		call   0x1414d1920
direct-call	item-noun-shared	0xa82c10	0xa882fc	0xa86651	0x6fa10		call   0x14006fa10
direct-call	item-noun-shared	0xa82c10	0xa882fc	0xa8665b	0xb9b80		call   0x1400b9b80
literal	item-noun-shared	0xa82c10	0xa882fc	0xa86666	0x16cea7c	quern	lea    rdx,[rip+0xc4840f]        # 0x1416cea7c
direct-call	item-noun-shared	0xa82c10	0xa882fc	0xa866a4	0x14d1920		call   0x1414d1920
direct-call	item-noun-shared	0xa82c10	0xa882fc	0xa866c1	0x6fa10		call   0x14006fa10
direct-call	item-noun-shared	0xa82c10	0xa882fc	0xa866cb	0xb9b80		call   0x1400b9b80
literal	item-noun-shared	0xa82c10	0xa882fc	0xa866d6	0x16cea70	millstone	lea    rdx,[rip+0xc48393]        # 0x1416cea70
direct-call	item-noun-shared	0xa82c10	0xa882fc	0xa86714	0x14d1920		call   0x1414d1920
direct-call	item-noun-shared	0xa82c10	0xa882fc	0xa86731	0x6fa10		call   0x14006fa10
direct-call	item-noun-shared	0xa82c10	0xa882fc	0xa8673b	0xb9b80		call   0x1400b9b80
literal	item-noun-shared	0xa82c10	0xa882fc	0xa86746	0x16cea64	statue	lea    rdx,[rip+0xc48317]        # 0x1416cea64
direct-call	item-noun-shared	0xa82c10	0xa882fc	0xa86784	0x14d1920		call   0x1414d1920
direct-call	item-noun-shared	0xa82c10	0xa882fc	0xa867a1	0x6fa10		call   0x14006fa10
direct-call	item-noun-shared	0xa82c10	0xa882fc	0xa867ab	0xb9b80		call   0x1400b9b80
indirect-call	item-noun-shared	0xa82c10	0xa882fc	0xa8682c	-		call   QWORD PTR [rax+0x718]
literal	item-noun-shared	0xa82c10	0xa882fc	0xa86852	0x16cea58	memorial	lea    rdx,[rip+0xc481ff]        # 0x1416cea58
direct-call	item-noun-shared	0xa82c10	0xa882fc	0xa8685c	0x6f560		call   0x14006f560
literal	item-noun-shared	0xa82c10	0xa882fc	0xa86866	0x16ce9a0	food imports sign	lea    rdx,[rip+0xc48133]        # 0x1416ce9a0
direct-call	item-noun-shared	0xa82c10	0xa882fc	0xa86870	0x6f560		call   0x14006f560
literal	item-noun-shared	0xa82c10	0xa882fc	0xa8687a	0x16ce988	clothing imports sign	lea    rdx,[rip+0xc48107]        # 0x1416ce988
direct-call	item-noun-shared	0xa82c10	0xa882fc	0xa86884	0x6f560		call   0x14006f560
literal	item-noun-shared	0xa82c10	0xa882fc	0xa8688e	0x16ce970	general imports sign	lea    rdx,[rip+0xc480db]        # 0x1416ce970
direct-call	item-noun-shared	0xa82c10	0xa882fc	0xa86898	0x6f560		call   0x14006f560
literal	item-noun-shared	0xa82c10	0xa882fc	0xa868a2	0x16ce960	cloth shop sign	lea    rdx,[rip+0xc480b7]        # 0x1416ce960
direct-call	item-noun-shared	0xa82c10	0xa882fc	0xa868ac	0x6f560		call   0x14006f560
literal	item-noun-shared	0xa82c10	0xa882fc	0xa868b6	0x16cea10	leather shop sign	lea    rdx,[rip+0xc48153]        # 0x1416cea10
direct-call	item-noun-shared	0xa82c10	0xa882fc	0xa868c0	0x6f560		call   0x14006f560
literal	item-noun-shared	0xa82c10	0xa882fc	0xa868ca	0x16ce9f0	woven clothing shop sign	lea    rdx,[rip+0xc4811f]        # 0x1416ce9f0
direct-call	item-noun-shared	0xa82c10	0xa882fc	0xa868d4	0x6f560		call   0x14006f560
literal	item-noun-shared	0xa82c10	0xa882fc	0xa868de	0x16ce9d0	leather clothing shop sign	lea    rdx,[rip+0xc480eb]        # 0x1416ce9d0
direct-call	item-noun-shared	0xa82c10	0xa882fc	0xa868e8	0x6f560		call   0x14006f560
literal	item-noun-shared	0xa82c10	0xa882fc	0xa868f2	0x16ce9b8	bone carver's shop sign	lea    rdx,[rip+0xc480bf]        # 0x1416ce9b8
direct-call	item-noun-shared	0xa82c10	0xa882fc	0xa868fc	0x6f560		call   0x14006f560
literal	item-noun-shared	0xa82c10	0xa882fc	0xa86906	0x16cf090	gem cutter's shop sign	lea    rdx,[rip+0xc48783]        # 0x1416cf090
direct-call	item-noun-shared	0xa82c10	0xa882fc	0xa86910	0x6f560		call   0x14006f560
literal	item-noun-shared	0xa82c10	0xa882fc	0xa8691a	0x16cf078	weaponsmith's shop sign	lea    rdx,[rip+0xc48757]        # 0x1416cf078
direct-call	item-noun-shared	0xa82c10	0xa882fc	0xa86924	0x6f560		call   0x14006f560
literal	item-noun-shared	0xa82c10	0xa882fc	0xa8692e	0x16cf060	bowyer's shop sign	lea    rdx,[rip+0xc4872b]        # 0x1416cf060
direct-call	item-noun-shared	0xa82c10	0xa882fc	0xa86938	0x6f560		call   0x14006f560
literal	item-noun-shared	0xa82c10	0xa882fc	0xa86942	0x16cf048	blacksmith's shop sign	lea    rdx,[rip+0xc486ff]        # 0x1416cf048
direct-call	item-noun-shared	0xa82c10	0xa882fc	0xa8694c	0x6f560		call   0x14006f560
literal	item-noun-shared	0xa82c10	0xa882fc	0xa86956	0x16cf0f0	armorsmith's shop sign	lea    rdx,[rip+0xc48793]        # 0x1416cf0f0
direct-call	item-noun-shared	0xa82c10	0xa882fc	0xa86960	0x6f560		call   0x14006f560
literal	item-noun-shared	0xa82c10	0xa882fc	0xa8696a	0x16cf0d8	metal craft shop sign	lea    rdx,[rip+0xc48767]        # 0x1416cf0d8
direct-call	item-noun-shared	0xa82c10	0xa882fc	0xa86974	0x6f560		call   0x14006f560
literal	item-noun-shared	0xa82c10	0xa882fc	0xa8697e	0x16cf0c0	leather goods shop sign	lea    rdx,[rip+0xc4873b]        # 0x1416cf0c0
direct-call	item-noun-shared	0xa82c10	0xa882fc	0xa86988	0x6f560		call   0x14006f560
literal	item-noun-shared	0xa82c10	0xa882fc	0xa86992	0x16cf0a8	carpenter's shop sign	lea    rdx,[rip+0xc4870f]        # 0x1416cf0a8
direct-call	item-noun-shared	0xa82c10	0xa882fc	0xa8699c	0x6f560		call   0x14006f560
literal	item-noun-shared	0xa82c10	0xa882fc	0xa869a6	0x16ceff8	stone furniture shop sign	lea    rdx,[rip+0xc4864b]        # 0x1416ceff8
direct-call	item-noun-shared	0xa82c10	0xa882fc	0xa869b0	0x6f560		call   0x14006f560
literal	item-noun-shared	0xa82c10	0xa882fc	0xa869ba	0x16cefd8	metal furniture shop sign	lea    rdx,[rip+0xc48617]        # 0x1416cefd8
direct-call	item-noun-shared	0xa82c10	0xa882fc	0xa869c4	0x6f560		call   0x14006f560
literal	item-noun-shared	0xa82c10	0xa882fc	0xa869ce	0x16cefc8	tavern sign	lea    rdx,[rip+0xc485f3]        # 0x1416cefc8
direct-call	item-noun-shared	0xa82c10	0xa882fc	0xa869d8	0x6f560		call   0x14006f560
literal	item-noun-shared	0xa82c10	0xa882fc	0xa869e2	0x16cefbc	slab	lea    rdx,[rip+0xc485d3]        # 0x1416cefbc
direct-call	item-noun-shared	0xa82c10	0xa882fc	0xa869ec	0x6f560		call   0x14006f560
literal	item-noun-shared	0xa82c10	0xa882fc	0xa869f6	0x16cefbc	slab	lea    rdx,[rip+0xc485bf]        # 0x1416cefbc
literal	item-noun-shared	0xa82c10	0xa882fc	0xa86a14	0x16cec68	rotten 	lea    rdx,[rip+0xc4824d]        # 0x1416cec68
direct-call	item-noun-shared	0xa82c10	0xa882fc	0xa86a1e	0x6fa10		call   0x14006fa10
literal	item-noun-shared	0xa82c10	0xa882fc	0xa86a29	0x16cf03c	corpse	lea    rdx,[rip+0xc4860c]        # 0x1416cf03c
literal	item-noun-shared	0xa82c10	0xa882fc	0xa86a47	0x16cec68	rotten 	lea    rdx,[rip+0xc4821a]        # 0x1416cec68
direct-call	item-noun-shared	0xa82c10	0xa882fc	0xa86a51	0x6fa10		call   0x14006fa10
literal	item-noun-shared	0xa82c10	0xa882fc	0xa86a6b	0x16158cc	tooth	lea    rdx,[rip+0xb8ee5a]        # 0x1416158cc
direct-call	item-noun-shared	0xa82c10	0xa882fc	0xa86a72	0x6f560		call   0x14006f560
literal	item-noun-shared	0xa82c10	0xa882fc	0xa86a7c	0x16cf034	teeth	lea    rdx,[rip+0xc485b1]        # 0x1416cf034
direct-call	item-noun-shared	0xa82c10	0xa882fc	0xa86a83	0x6f560		call   0x14006f560
literal	item-noun-shared	0xa82c10	0xa882fc	0xa86a91	0x16158c4	bone	lea    rdx,[rip+0xb8ee2c]        # 0x1416158c4
direct-call	item-noun-shared	0xa82c10	0xa882fc	0xa86a9b	0x6f560		call   0x14006f560
literal	item-noun-shared	0xa82c10	0xa882fc	0xa86aa9	0x16158bc	shell	lea    rdx,[rip+0xb8ee0c]        # 0x1416158bc
direct-call	item-noun-shared	0xa82c10	0xa882fc	0xa86ab3	0x6f560		call   0x14006f560
literal	item-noun-shared	0xa82c10	0xa882fc	0xa86ac1	0x16cf028	plant part	lea    rdx,[rip+0xc48560]        # 0x1416cf028
direct-call	item-noun-shared	0xa82c10	0xa882fc	0xa86acb	0x6f560		call   0x14006f560
literal	item-noun-shared	0xa82c10	0xa882fc	0xa86ad9	0x16cf018	silk body part	lea    rdx,[rip+0xc48538]        # 0x1416cf018
direct-call	item-noun-shared	0xa82c10	0xa882fc	0xa86ae3	0x6f560		call   0x14006f560
literal	item-noun-shared	0xa82c10	0xa882fc	0xa86af1	0x16cef70	leather body part	lea    rdx,[rip+0xc48478]        # 0x1416cef70
direct-call	item-noun-shared	0xa82c10	0xa882fc	0xa86afb	0x6f560		call   0x14006f560
literal	item-noun-shared	0xa82c10	0xa882fc	0xa86b09	0x16cef58	wooden body part	lea    rdx,[rip+0xc48448]        # 0x1416cef58
direct-call	item-noun-shared	0xa82c10	0xa882fc	0xa86b13	0x6f560		call   0x14006f560
literal	item-noun-shared	0xa82c10	0xa882fc	0xa86b23	0x16cef48	soap body part	lea    rdx,[rip+0xc4841e]        # 0x1416cef48
direct-call	item-noun-shared	0xa82c10	0xa882fc	0xa86b2d	0x6f560		call   0x14006f560
literal	item-noun-shared	0xa82c10	0xa882fc	0xa86b3d	0x16158e4	horn	lea    rdx,[rip+0xb8eda0]        # 0x1416158e4
direct-call	item-noun-shared	0xa82c10	0xa882fc	0xa86b47	0x6f560		call   0x14006f560
literal	item-noun-shared	0xa82c10	0xa882fc	0xa86b57	0x16158dc	pearl	lea    rdx,[rip+0xb8ed7e]        # 0x1416158dc
direct-call	item-noun-shared	0xa82c10	0xa882fc	0xa86b61	0x6f560		call   0x14006f560
literal	item-noun-shared	0xa82c10	0xa882fc	0xa86b71	0x16cef38	yarn body part	lea    rdx,[rip+0xc483c0]        # 0x1416cef38
direct-call	item-noun-shared	0xa82c10	0xa882fc	0xa86b7b	0x6f560		call   0x14006f560
literal	item-noun-shared	0xa82c10	0xa882fc	0xa86b89	0x16cefa8	strand body part	lea    rdx,[rip+0xc48418]        # 0x1416cefa8
literal	item-noun-shared	0xa82c10	0xa882fc	0xa86b92	0x1681050	body part	lea    rdx,[rip+0xbfa4b7]        # 0x141681050
direct-call	item-noun-shared	0xa82c10	0xa882fc	0xa86b9c	0x6f560		call   0x14006f560
literal	item-noun-shared	0xa82c10	0xa882fc	0xa86bbb	0x16cefa0	Rotten 	lea    rdx,[rip+0xc483de]        # 0x1416cefa0
direct-call	item-noun-shared	0xa82c10	0xa882fc	0xa86bc5	0x6fa10		call   0x14006fa10
direct-call	item-noun-shared	0xa82c10	0xa882fc	0xa86c36	0x6f8d0		call   0x14006f8d0
direct-call	item-noun-shared	0xa82c10	0xa882fc	0xa86c53	0x6fa10		call   0x14006fa10
direct-call	item-noun-shared	0xa82c10	0xa882fc	0xa86c5d	0xb9b80		call   0x1400b9b80
direct-call	item-noun-shared	0xa82c10	0xa882fc	0xa86cac	0x144ea0		call   0x140144ea0
direct-call	item-noun-shared	0xa82c10	0xa882fc	0xa86cc6	0x6fa10		call   0x14006fa10
indirect-call	item-noun-shared	0xa82c10	0xa882fc	0xa86cfe	-		call   QWORD PTR [rip+0xb5ee24]        # 0x1415e5b28
direct-call	item-noun-shared	0xa82c10	0xa882fc	0xa86d05	0x1539680		call   0x141539680
literal	item-noun-shared	0xa82c10	0xa882fc	0xa86d22	0x167f0c0	remains	lea    rdx,[rip+0xbf8397]        # 0x14167f0c0
direct-call	item-noun-shared	0xa82c10	0xa882fc	0xa86d2c	0x6fa10		call   0x14006fa10
direct-call	item-noun-shared	0xa82c10	0xa882fc	0xa86d5a	0xa64cb0		call   0x140a64cb0
direct-call	item-noun-shared	0xa82c10	0xa882fc	0xa86d67	0xb9d10		call   0x1400b9d10
literal	item-noun-shared	0xa82c10	0xa882fc	0xa86d81	0x16cef94	seeds	lea    rdx,[rip+0xc4820c]        # 0x1416cef94
direct-call	item-noun-shared	0xa82c10	0xa882fc	0xa86d8b	0x6f560		call   0x14006f560
direct-call	item-noun-shared	0xa82c10	0xa882fc	0xa86db7	0x14d1920		call   0x1414d1920
direct-call	item-noun-shared	0xa82c10	0xa882fc	0xa86dd4	0x6fa10		call   0x14006fa10
literal	item-noun-shared	0xa82c10	0xa882fc	0xa86df2	0x16cef88	withered 	lea    rdx,[rip+0xc4818f]        # 0x1416cef88
direct-call	item-noun-shared	0xa82c10	0xa882fc	0xa86dfc	0x6fa10		call   0x14006fa10
direct-call	item-noun-shared	0xa82c10	0xa882fc	0xa86e36	0xa64d00		call   0x140a64d00
direct-call	item-noun-shared	0xa82c10	0xa882fc	0xa86e43	0xb9d10		call   0x1400b9d10
literal	item-noun-shared	0xa82c10	0xa882fc	0xa86e66	0x16ceee0	leaves and fruit	lea    rdx,[rip+0xc48073]        # 0x1416ceee0
direct-call	item-noun-shared	0xa82c10	0xa882fc	0xa86e6d	0x6f560		call   0x14006f560
literal	item-noun-shared	0xa82c10	0xa882fc	0xa86e77	0x16ceed0	leaf or fruit	lea    rdx,[rip+0xc48052]        # 0x1416ceed0
direct-call	item-noun-shared	0xa82c10	0xa882fc	0xa86e7e	0x6f560		call   0x14006f560
literal	item-noun-shared	0xa82c10	0xa882fc	0xa86eaa	0x16cef88	withered 	lea    rdx,[rip+0xc480d7]        # 0x1416cef88
direct-call	item-noun-shared	0xa82c10	0xa882fc	0xa86eb4	0x6fa10		call   0x14006fa10
direct-call	item-noun-shared	0xa82c10	0xa882fc	0xa86ee0	0x144d90		call   0x140144d90
direct-call	item-noun-shared	0xa82c10	0xa882fc	0xa86eed	0xb9d10		call   0x1400b9d10
literal	item-noun-shared	0xa82c10	0xa882fc	0xa86efd	0x1614d54	plant	lea    rdx,[rip+0xb8de50]        # 0x141614d54
direct-call	item-noun-shared	0xa82c10	0xa882fc	0xa86f07	0x6fa10		call   0x14006fa10
literal	item-noun-shared	0xa82c10	0xa882fc	0xa86f16	0x15e9298	s	lea    rdx,[rip+0xb6237b]        # 0x1415e9298
direct-call	item-noun-shared	0xa82c10	0xa882fc	0xa86f20	0x6f560		call   0x14006f560
literal	item-noun-shared	0xa82c10	0xa882fc	0xa86f3c	0x16cec68	rotten 	lea    rdx,[rip+0xc47d25]        # 0x1416cec68
direct-call	item-noun-shared	0xa82c10	0xa882fc	0xa86f46	0x6fa10		call   0x14006fa10
literal	item-noun-shared	0xa82c10	0xa882fc	0xa86f54	0x16ceec8	raw 	lea    rdx,[rip+0xc47f6d]        # 0x1416ceec8
direct-call	item-noun-shared	0xa82c10	0xa882fc	0xa86f5e	0x6fa10		call   0x14006fa10
direct-call	item-noun-shared	0xa82c10	0xa882fc	0xa86ffc	0x6f8d0		call   0x14006f8d0
direct-call	item-noun-shared	0xa82c10	0xa882fc	0xa8704f	0x6f8d0		call   0x14006f8d0
direct-call	item-noun-shared	0xa82c10	0xa882fc	0xa8706c	0x6fa10		call   0x14006fa10
literal	item-noun-shared	0xa82c10	0xa882fc	0xa870d5	0x15e90d8	, 	lea    rdx,[rip+0xb61ffc]        # 0x1415e90d8
direct-call	item-noun-shared	0xa82c10	0xa882fc	0xa870df	0x6f560		call   0x14006f560
literal	item-noun-shared	0xa82c10	0xa882fc	0xa870eb	0x15e90d8	, 	lea    rdx,[rip+0xb61fe6]        # 0x1415e90d8
direct-call	item-noun-shared	0xa82c10	0xa882fc	0xa870f5	0x6f560		call   0x14006f560
literal	item-noun-shared	0xa82c10	0xa882fc	0xa87104	0x16a11f0	fish	lea    rdx,[rip+0xc1a0e5]        # 0x1416a11f0
direct-call	item-noun-shared	0xa82c10	0xa882fc	0xa8710e	0x6fa10		call   0x14006fa10
literal	item-noun-shared	0xa82c10	0xa882fc	0xa8712a	0x16cec68	rotten 	lea    rdx,[rip+0xc47b37]        # 0x1416cec68
direct-call	item-noun-shared	0xa82c10	0xa882fc	0xa87134	0x6fa10		call   0x14006fa10
direct-call	item-noun-shared	0xa82c10	0xa882fc	0xa871d6	0x6f8d0		call   0x14006f8d0
direct-call	item-noun-shared	0xa82c10	0xa882fc	0xa87229	0x6f8d0		call   0x14006f8d0
direct-call	item-noun-shared	0xa82c10	0xa882fc	0xa87246	0x6fa10		call   0x14006fa10
literal	item-noun-shared	0xa82c10	0xa882fc	0xa87251	0x15e873c	 	lea    rdx,[rip+0xb614e4]        # 0x1415e873c
direct-call	item-noun-shared	0xa82c10	0xa882fc	0xa8725b	0x6fa10		call   0x14006fa10
literal	item-noun-shared	0xa82c10	0xa882fc	0xa87266	0x16ceec4	egg	lea    rdx,[rip+0xc47c57]        # 0x1416ceec4
direct-call	item-noun-shared	0xa82c10	0xa882fc	0xa87270	0x6fa10		call   0x14006fa10
literal	item-noun-shared	0xa82c10	0xa882fc	0xa8728c	0x16cec68	rotten 	lea    rdx,[rip+0xc479d5]        # 0x1416cec68
direct-call	item-noun-shared	0xa82c10	0xa882fc	0xa87296	0x6fa10		call   0x14006fa10
direct-call	item-noun-shared	0xa82c10	0xa882fc	0xa87334	0x6f8d0		call   0x14006f8d0
direct-call	item-noun-shared	0xa82c10	0xa882fc	0xa8735c	0x256880		call   0x140256880
direct-call	item-noun-shared	0xa82c10	0xa882fc	0xa87369	0xb9d10		call   0x1400b9d10
direct-call	item-noun-shared	0xa82c10	0xa882fc	0xa8737c	0xf2680		call   0x1400f2680
literal	item-noun-shared	0xa82c10	0xa882fc	0xa8738b	0x16a11f0	fish	lea    rdx,[rip+0xc19e5e]        # 0x1416a11f0
direct-call	item-noun-shared	0xa82c10	0xa882fc	0xa87395	0x6f560		call   0x14006f560
literal	item-noun-shared	0xa82c10	0xa882fc	0xa873a8	0x16cef2c	live 	lea    rdx,[rip+0xc47b7d]        # 0x1416cef2c
direct-call	item-noun-shared	0xa82c10	0xa882fc	0xa873af	0x6f560		call   0x14006f560
direct-call	item-noun-shared	0xa82c10	0xa882fc	0xa873ca	0xaa3bd0		call   0x140aa3bd0
direct-call	item-noun-shared	0xa82c10	0xa882fc	0xa873d7	0xb9d10		call   0x1400b9d10
literal	item-noun-shared	0xa82c10	0xa882fc	0xa873e1	0x16cef18	small live animal	lea    rdx,[rip+0xc47b30]        # 0x1416cef18
direct-call	item-noun-shared	0xa82c10	0xa882fc	0xa873e8	0x6f560		call   0x14006f560
literal	item-noun-shared	0xa82c10	0xa882fc	0xa873fb	0x16cef0c	tame 	lea    rdx,[rip+0xc47b0a]        # 0x1416cef0c
literal	item-noun-shared	0xa82c10	0xa882fc	0xa87404	0x16ceef8	small tame animal	lea    rdx,[rip+0xc47aed]        # 0x1416ceef8
direct-call	item-noun-shared	0xa82c10	0xa882fc	0xa8740b	0x6f560		call   0x14006f560
literal	item-noun-shared	0xa82c10	0xa882fc	0xa8741b	0x16cee88	prepared meal	lea    rdx,[rip+0xc47a66]        # 0x1416cee88
literal	item-noun-shared	0xa82c10	0xa882fc	0xa87435	0x16cec68	rotten 	lea    rdx,[rip+0xc4782c]        # 0x1416cec68
direct-call	item-noun-shared	0xa82c10	0xa882fc	0xa8743f	0x6f560		call   0x14006f560
literal	item-noun-shared	0xa82c10	0xa882fc	0xa8744a	0x16cee78	preserved 	lea    rdx,[rip+0xc47a27]        # 0x1416cee78
direct-call	item-noun-shared	0xa82c10	0xa882fc	0xa87454	0x6f560		call   0x14006f560
direct-call	item-noun-shared	0xa82c10	0xa882fc	0xa87479	0x14add70		call   0x1414add70
direct-call	item-noun-shared	0xa82c10	0xa882fc	0xa8749e	0xb9d10		call   0x1400b9d10
direct-call	item-noun-shared	0xa82c10	0xa882fc	0xa874a8	0xb9b80		call   0x1400b9b80
direct-call	item-noun-shared	0xa82c10	0xa882fc	0xa874b3	0x701db0		call   0x140701db0
direct-call	item-noun-shared	0xa82c10	0xa882fc	0xa874ce	0xaa3bd0		call   0x140aa3bd0
direct-call	item-noun-shared	0xa82c10	0xa882fc	0xa874db	0xb9d10		call   0x1400b9d10
direct-call	item-noun-shared	0xa82c10	0xa882fc	0xa874e5	0xb9b80		call   0x1400b9b80
direct-call	item-noun-shared	0xa82c10	0xa882fc	0xa874fe	0xb9d10		call   0x1400b9d10
literal	item-noun-shared	0xa82c10	0xa882fc	0xa8750c	0x16cee70	 chops	lea    rdx,[rip+0xc4795d]        # 0x1416cee70
direct-call	item-noun-shared	0xa82c10	0xa882fc	0xa87513	0x6f560		call   0x14006f560
literal	item-noun-shared	0xa82c10	0xa882fc	0xa8751d	0x16cee68	 chop	lea    rdx,[rip+0xc47944]        # 0x1416cee68
direct-call	item-noun-shared	0xa82c10	0xa882fc	0xa87524	0x6f560		call   0x14006f560
direct-call	item-noun-shared	0xa82c10	0xa882fc	0xa8753b	0xb9d10		call   0x1400b9d10
direct-call	item-noun-shared	0xa82c10	0xa882fc	0xa8754c	0xb9d10		call   0x1400b9d10
literal	item-noun-shared	0xa82c10	0xa882fc	0xa87556	0x16ceebc	meat	lea    rdx,[rip+0xc4795f]        # 0x1416ceebc
direct-call	item-noun-shared	0xa82c10	0xa882fc	0xa87560	0x6f560		call   0x14006f560
literal	item-noun-shared	0xa82c10	0xa882fc	0xa87570	0x16ceebc	meat	lea    rdx,[rip+0xc47945]        # 0x1416ceebc
direct-call	item-noun-shared	0xa82c10	0xa882fc	0xa8757a	0x6fa10		call   0x14006fa10
direct-call	item-noun-shared	0xa82c10	0xa882fc	0xa875e6	0x14d1920		call   0x1414d1920
direct-call	item-noun-shared	0xa82c10	0xa882fc	0xa875f3	0xb9d10		call   0x1400b9d10
direct-call	item-noun-shared	0xa82c10	0xa882fc	0xa875fd	0xb9b80		call   0x1400b9b80
literal	item-noun-shared	0xa82c10	0xa882fc	0xa87602	0x16c1ecc	weapon	lea    rdx,[rip+0xc3a8c3]        # 0x1416c1ecc
direct-call	item-noun-shared	0xa82c10	0xa882fc	0xa8760c	0x6f560		call   0x14006f560
direct-call	item-noun-shared	0xa82c10	0xa882fc	0xa87636	0xb9d10		call   0x1400b9d10
literal	item-noun-shared	0xa82c10	0xa882fc	0xa8763b	0x15e873c	 	lea    rdx,[rip+0xb610fa]        # 0x1415e873c
direct-call	item-noun-shared	0xa82c10	0xa882fc	0xa87645	0x6f560		call   0x14006f560
direct-call	item-noun-shared	0xa82c10	0xa882fc	0xa8767f	0x14d1920		call   0x1414d1920
direct-call	item-noun-shared	0xa82c10	0xa882fc	0xa8768c	0xb9d10		call   0x1400b9d10
direct-call	item-noun-shared	0xa82c10	0xa882fc	0xa87696	0xb9b80		call   0x1400b9b80
direct-call	item-noun-shared	0xa82c10	0xa882fc	0xa876b3	0xb9d10		call   0x1400b9d10
direct-call	item-noun-shared	0xa82c10	0xa882fc	0xa876c9	0xb9d10		call   0x1400b9d10
direct-call	item-noun-shared	0xa82c10	0xa882fc	0xa876d3	0xb9b80		call   0x1400b9b80
direct-call	item-noun-shared	0xa82c10	0xa882fc	0xa87745	0x14d1920		call   0x1414d1920
direct-call	item-noun-shared	0xa82c10	0xa882fc	0xa87752	0xb9d10		call   0x1400b9d10
direct-call	item-noun-shared	0xa82c10	0xa882fc	0xa8775c	0xb9b80		call   0x1400b9b80
literal	item-noun-shared	0xa82c10	0xa882fc	0xa87767	0x16ceea8	suits of 	lea    rdx,[rip+0xc4773a]        # 0x1416ceea8
direct-call	item-noun-shared	0xa82c10	0xa882fc	0xa87771	0x6f560		call   0x14006f560
literal	item-noun-shared	0xa82c10	0xa882fc	0xa87776	0x16c1ec4	armor	lea    rdx,[rip+0xc3a747]        # 0x1416c1ec4
direct-call	item-noun-shared	0xa82c10	0xa882fc	0xa87780	0x6f560		call   0x14006f560
direct-call	item-noun-shared	0xa82c10	0xa882fc	0xa877b4	0xb9d10		call   0x1400b9d10
direct-call	item-noun-shared	0xa82c10	0xa882fc	0xa877be	0xb9b80		call   0x1400b9b80
direct-call	item-noun-shared	0xa82c10	0xa882fc	0xa877d7	0xb9d10		call   0x1400b9d10
literal	item-noun-shared	0xa82c10	0xa882fc	0xa877dc	0x15e873c	 	lea    rdx,[rip+0xb60f59]        # 0x1415e873c
direct-call	item-noun-shared	0xa82c10	0xa882fc	0xa877e6	0x6f560		call   0x14006f560
direct-call	item-noun-shared	0xa82c10	0xa882fc	0xa87831	0x14d1920		call   0x1414d1920
direct-call	item-noun-shared	0xa82c10	0xa882fc	0xa8783e	0xb9d10		call   0x1400b9d10
direct-call	item-noun-shared	0xa82c10	0xa882fc	0xa87848	0xb9b80		call   0x1400b9b80
direct-call	item-noun-shared	0xa82c10	0xa882fc	0xa87860	0x145bee0		call   0x14145bee0
direct-call	item-noun-shared	0xa82c10	0xa882fc	0xa87879	0x71f90		call   0x140071f90
literal	item-noun-shared	0xa82c10	0xa882fc	0xa87886	0x16ceeb4	chain 	lea    rdx,[rip+0xc47627]        # 0x1416ceeb4
direct-call	item-noun-shared	0xa82c10	0xa882fc	0xa87890	0x6f560		call   0x14006f560
direct-call	item-noun-shared	0xa82c10	0xa882fc	0xa878a6	0xb9d10		call   0x1400b9d10
direct-call	item-noun-shared	0xa82c10	0xa882fc	0xa878b0	0xb9b80		call   0x1400b9b80
direct-call	item-noun-shared	0xa82c10	0xa882fc	0xa8792d	0x14d1920		call   0x1414d1920
direct-call	item-noun-shared	0xa82c10	0xa882fc	0xa8794a	0x6fa10		call   0x14006fa10
direct-call	item-noun-shared	0xa82c10	0xa882fc	0xa87954	0xb9b80		call   0x1400b9b80
direct-call	item-noun-shared	0xa82c10	0xa882fc	0xa87969	0x726e0		call   0x1400726e0
indirect-call	item-noun-shared	0xa82c10	0xa882fc	0xa87979	-		call   QWORD PTR [rdx+0x208]
direct-call	item-noun-shared	0xa82c10	0xa882fc	0xa8798c	0x71f90		call   0x140071f90
literal	item-noun-shared	0xa82c10	0xa882fc	0xa87995	0x163a34c	right 	lea    rdx,[rip+0xbb29b0]        # 0x14163a34c
direct-call	item-noun-shared	0xa82c10	0xa882fc	0xa8799f	0x6f560		call   0x14006f560
direct-call	item-noun-shared	0xa82c10	0xa882fc	0xa879ac	0x71f90		call   0x140071f90
literal	item-noun-shared	0xa82c10	0xa882fc	0xa879b5	0x163a324	left 	lea    rdx,[rip+0xbb2968]        # 0x14163a324
direct-call	item-noun-shared	0xa82c10	0xa882fc	0xa879bf	0x6f560		call   0x14006f560
direct-call	item-noun-shared	0xa82c10	0xa882fc	0xa879e0	0x145bee0		call   0x14145bee0
direct-call	item-noun-shared	0xa82c10	0xa882fc	0xa879f5	0x71f90		call   0x140071f90
literal	item-noun-shared	0xa82c10	0xa882fc	0xa879fe	0x16ceeb4	chain 	lea    rdx,[rip+0xc474af]        # 0x1416ceeb4
direct-call	item-noun-shared	0xa82c10	0xa882fc	0xa87a08	0x6f560		call   0x14006f560
direct-call	item-noun-shared	0xa82c10	0xa882fc	0xa87a25	0xb9d10		call   0x1400b9d10
direct-call	item-noun-shared	0xa82c10	0xa882fc	0xa87a5a	0xb9d10		call   0x1400b9d10
literal	item-noun-shared	0xa82c10	0xa882fc	0xa87a5f	0x15e873c	 	lea    rdx,[rip+0xb60cd6]        # 0x1415e873c
direct-call	item-noun-shared	0xa82c10	0xa882fc	0xa87a69	0x6f560		call   0x14006f560
literal	item-noun-shared	0xa82c10	0xa882fc	0xa87a73	0x16cee98	handwear	lea    rdx,[rip+0xc4741e]        # 0x1416cee98
direct-call	item-noun-shared	0xa82c10	0xa882fc	0xa87a7d	0x6f560		call   0x14006f560
direct-call	item-noun-shared	0xa82c10	0xa882fc	0xa87afb	0x14d1920		call   0x1414d1920
direct-call	item-noun-shared	0xa82c10	0xa882fc	0xa87b08	0xb9d10		call   0x1400b9d10
direct-call	item-noun-shared	0xa82c10	0xa882fc	0xa87b12	0xb9b80		call   0x1400b9b80
literal	item-noun-shared	0xa82c10	0xa882fc	0xa87b17	0x16c1d74	shield	lea    rdx,[rip+0xc3a256]        # 0x1416c1d74
direct-call	item-noun-shared	0xa82c10	0xa882fc	0xa87b21	0x6f560		call   0x14006f560
direct-call	item-noun-shared	0xa82c10	0xa882fc	0xa87b31	0xb9b80		call   0x1400b9b80
literal	item-noun-shared	0xa82c10	0xa882fc	0xa87b36	0x16cee10	/buckler	lea    rdx,[rip+0xc472d3]        # 0x1416cee10
direct-call	item-noun-shared	0xa82c10	0xa882fc	0xa87b40	0x6f560		call   0x14006f560
literal	item-noun-shared	0xa82c10	0xa882fc	0xa87b4a	0x16cee10	/buckler	lea    rdx,[rip+0xc472bf]        # 0x1416cee10
direct-call	item-noun-shared	0xa82c10	0xa882fc	0xa87b51	0x6f560		call   0x14006f560
direct-call	item-noun-shared	0xa82c10	0xa882fc	0xa87b67	0xb9d10		call   0x1400b9d10
direct-call	item-noun-shared	0xa82c10	0xa882fc	0xa87b71	0xb9b80		call   0x1400b9b80
direct-call	item-noun-shared	0xa82c10	0xa882fc	0xa87bed	0x14d1920		call   0x1414d1920
direct-call	item-noun-shared	0xa82c10	0xa882fc	0xa87c0a	0x6fa10		call   0x14006fa10
direct-call	item-noun-shared	0xa82c10	0xa882fc	0xa87c14	0xb9b80		call   0x1400b9b80
direct-call	item-noun-shared	0xa82c10	0xa882fc	0xa87c2f	0x14add70		call   0x1414add70
direct-call	item-noun-shared	0xa82c10	0xa882fc	0xa87c82	0xb9d10		call   0x1400b9d10
literal	item-noun-shared	0xa82c10	0xa882fc	0xa87c87	0x15e873c	 	lea    rdx,[rip+0xb60aae]        # 0x1415e873c
direct-call	item-noun-shared	0xa82c10	0xa882fc	0xa87c91	0x6f560		call   0x14006f560
literal	item-noun-shared	0xa82c10	0xa882fc	0xa87cb7	0x16cee00	footwear	lea    rdx,[rip+0xc47142]        # 0x1416cee00
direct-call	item-noun-shared	0xa82c10	0xa882fc	0xa87cc1	0x6fa10		call   0x14006fa10
direct-call	item-noun-shared	0xa82c10	0xa882fc	0xa87ce4	0x6fa10		call   0x14006fa10
direct-call	item-noun-shared	0xa82c10	0xa882fc	0xa87cee	0xb9b80		call   0x1400b9b80
direct-call	item-noun-shared	0xa82c10	0xa882fc	0xa87d6d	0x14d1920		call   0x1414d1920
direct-call	item-noun-shared	0xa82c10	0xa882fc	0xa87d8a	0x6fa10		call   0x14006fa10
direct-call	item-noun-shared	0xa82c10	0xa882fc	0xa87d94	0xb9b80		call   0x1400b9b80
literal	item-noun-shared	0xa82c10	0xa882fc	0xa87da8	0x16cedf0	headwear	lea    rdx,[rip+0xc47041]        # 0x1416cedf0
direct-call	item-noun-shared	0xa82c10	0xa882fc	0xa87db2	0x6fa10		call   0x14006fa10
direct-call	item-noun-shared	0xa82c10	0xa882fc	0xa87de7	0xb9d10		call   0x1400b9d10
literal	item-noun-shared	0xa82c10	0xa882fc	0xa87dec	0x15e873c	 	lea    rdx,[rip+0xb60949]        # 0x1415e873c
direct-call	item-noun-shared	0xa82c10	0xa882fc	0xa87df6	0x6f560		call   0x14006f560
direct-call	item-noun-shared	0xa82c10	0xa882fc	0xa87e42	0xb9d10		call   0x1400b9d10
direct-call	item-noun-shared	0xa82c10	0xa882fc	0xa87e4c	0xb9b80		call   0x1400b9b80
direct-call	item-noun-shared	0xa82c10	0xa882fc	0xa87e86	0x14d1920		call   0x1414d1920
direct-call	item-noun-shared	0xa82c10	0xa882fc	0xa87e93	0xb9d10		call   0x1400b9d10
direct-call	item-noun-shared	0xa82c10	0xa882fc	0xa87e9d	0xb9b80		call   0x1400b9b80
literal	item-noun-shared	0xa82c10	0xa882fc	0xa87ea8	0x16cede8	legwear	lea    rdx,[rip+0xc46f39]        # 0x1416cede8
direct-call	item-noun-shared	0xa82c10	0xa882fc	0xa87eb2	0x6fa10		call   0x14006fa10
direct-call	item-noun-shared	0xa82c10	0xa882fc	0xa87ee5	0xb9d10		call   0x1400b9d10
direct-call	item-noun-shared	0xa82c10	0xa882fc	0xa87eef	0xb9b80		call   0x1400b9b80
direct-call	item-noun-shared	0xa82c10	0xa882fc	0xa87f04	0xb9d10		call   0x1400b9d10
direct-call	item-noun-shared	0xa82c10	0xa882fc	0xa87f0e	0xb9b80		call   0x1400b9b80
direct-call	item-noun-shared	0xa82c10	0xa882fc	0xa87f27	0xb9d10		call   0x1400b9d10
literal	item-noun-shared	0xa82c10	0xa882fc	0xa87f2c	0x15e873c	 	lea    rdx,[rip+0xb60809]        # 0x1415e873c
direct-call	item-noun-shared	0xa82c10	0xa882fc	0xa87f36	0x6f560		call   0x14006f560
direct-call	item-noun-shared	0xa82c10	0xa882fc	0xa87f81	0x14d1920		call   0x1414d1920
direct-call	item-noun-shared	0xa82c10	0xa882fc	0xa87f8e	0xb9d10		call   0x1400b9d10
direct-call	item-noun-shared	0xa82c10	0xa882fc	0xa87f98	0xb9b80		call   0x1400b9b80
direct-call	item-noun-shared	0xa82c10	0xa882fc	0xa87faa	0x14add70		call   0x1414add70
direct-call	item-noun-shared	0xa82c10	0xa882fc	0xa8801a	0x14d1920		call   0x1414d1920
direct-call	item-noun-shared	0xa82c10	0xa882fc	0xa88037	0x6fa10		call   0x14006fa10
direct-call	item-noun-shared	0xa82c10	0xa882fc	0xa88041	0xb9b80		call   0x1400b9b80
literal	item-noun-shared	0xa82c10	0xa882fc	0xa88046	0x15fcfe0	item	lea    rdx,[rip+0xb74f93]        # 0x1415fcfe0
direct-call	item-noun-shared	0xa82c10	0xa882fc	0xa88056	0x6fa10		call   0x14006fa10
direct-call	item-noun-shared	0xa82c10	0xa882fc	0xa88066	0xb9b80		call   0x1400b9b80
literal	item-noun-shared	0xa82c10	0xa882fc	0xa88077	0x161bdcc	 [	lea    rdx,[rip+0xb93d4e]        # 0x14161bdcc
direct-call	item-noun-shared	0xa82c10	0xa882fc	0xa88081	0x6fa10		call   0x14006fa10
direct-call	item-noun-shared	0xa82c10	0xa882fc	0xa8808c	0x52c130		call   0x14052c130
literal	item-noun-shared	0xa82c10	0xa882fc	0xa88097	0x15fd690	]	lea    rdx,[rip+0xb755f2]        # 0x1415fd690
direct-call	item-noun-shared	0xa82c10	0xa882fc	0xa880a1	0x6fa10		call   0x14006fa10
direct-call	item-noun-shared	0xa82c10	0xa882fc	0xa880ac	0x6f850		call   0x14006f850
direct-call	item-noun-shared	0xa82c10	0xa882fc	0xa880b6	0x6f850		call   0x14006f850
direct-call	item-noun-shared	0xa82c10	0xa882fc	0xa880c5	0x1539660		call   0x141539660
formatter	artifact-item-identity	0xc65450	0xc6571d	-	-		
indirect-call	artifact-item-identity	0xc65450	0xc6571d	0xc6549d	-		call   QWORD PTR [rax+0x10]
indirect-call	artifact-item-identity	0xc65450	0xc6571d	0xc654b1	-		call   QWORD PTR [rax+0x40]
indirect-call	artifact-item-identity	0xc65450	0xc6571d	0xc654fa	-		call   QWORD PTR [rax]
indirect-call	artifact-item-identity	0xc65450	0xc6571d	0xc6551f	-		call   QWORD PTR [rax]
indirect-call	artifact-item-identity	0xc65450	0xc6571d	0xc6554f	-		call   QWORD PTR [rax+0x28]
indirect-call	artifact-item-identity	0xc65450	0xc6571d	0xc65609	-		call   QWORD PTR [rax+0x28]
direct-call	artifact-item-identity	0xc65450	0xc6571d	0xc656e9	0x6f8d0		call   0x14006f8d0
literal	artifact-item-identity	0xc65450	0xc6571d	0xc656f4	0x16ee318	 (copy)	lea    rdx,[rip+0xa88c1d]        # 0x1416ee318
formatter	artifact-item-identity-continuation	0xc6571d	0xc65f0a	-	-		
indirect-call	artifact-item-identity-continuation	0xc6571d	0xc65f0a	0xc65727	-		call   QWORD PTR [rax+0x508]
indirect-call	artifact-item-identity-continuation	0xc6571d	0xc65f0a	0xc65738	-		call   QWORD PTR [rdx+0x518]
indirect-call	artifact-item-identity-continuation	0xc6571d	0xc65f0a	0xc65749	-		call   QWORD PTR [rdx+0x5d8]
indirect-call	artifact-item-identity-continuation	0xc6571d	0xc65f0a	0xc65769	-		call   QWORD PTR [rax+0x5f0]
indirect-call	artifact-item-identity-continuation	0xc6571d	0xc65f0a	0xc6579b	-		call   QWORD PTR [rax+0x10]
direct-call	artifact-item-identity-continuation	0xc6571d	0xc65f0a	0xc657ae	0xb9b80		call   0x1400b9b80
direct-call	artifact-item-identity-continuation	0xc6571d	0xc65f0a	0xc657c6	0xb9b80		call   0x1400b9b80
indirect-call	artifact-item-identity-continuation	0xc6571d	0xc65f0a	0xc657d2	-		call   QWORD PTR [rax+0x1d8]
direct-call	artifact-item-identity-continuation	0xc6571d	0xc65f0a	0xc65801	0x6fa10		call   0x14006fa10
direct-call	artifact-item-identity-continuation	0xc6571d	0xc65f0a	0xc65861	0x6fa10		call   0x14006fa10
direct-call	artifact-item-identity-continuation	0xc6571d	0xc65f0a	0xc65895	0x6fa10		call   0x14006fa10
direct-call	artifact-item-identity-continuation	0xc6571d	0xc65f0a	0xc658c1	0x6fa10		call   0x14006fa10
indirect-call	artifact-item-identity-continuation	0xc6571d	0xc65f0a	0xc658cd	-		call   QWORD PTR [rax+0x5d8]
direct-call	artifact-item-identity-continuation	0xc6571d	0xc65f0a	0xc659a1	0x6fa10		call   0x14006fa10
direct-call	artifact-item-identity-continuation	0xc6571d	0xc65f0a	0xc659c2	0x6fa10		call   0x14006fa10
indirect-call	artifact-item-identity-continuation	0xc6571d	0xc65f0a	0xc659ce	-		call   QWORD PTR [rax+0x5e0]
direct-call	artifact-item-identity-continuation	0xc6571d	0xc65f0a	0xc659f5	0x6fa10		call   0x14006fa10
direct-call	artifact-item-identity-continuation	0xc6571d	0xc65f0a	0xc65a21	0x6fa10		call   0x14006fa10
indirect-call	artifact-item-identity-continuation	0xc6571d	0xc65f0a	0xc65a34	-		call   QWORD PTR [rax+0x5e8]
indirect-call	artifact-item-identity-continuation	0xc6571d	0xc65f0a	0xc65a45	-		call   QWORD PTR [rax+0x1d8]
direct-call	artifact-item-identity-continuation	0xc6571d	0xc65f0a	0xc65a76	0x6fa10		call   0x14006fa10
indirect-call	artifact-item-identity-continuation	0xc6571d	0xc65f0a	0xc65a89	-		call   QWORD PTR [rax+0x5e8]
indirect-call	artifact-item-identity-continuation	0xc6571d	0xc65f0a	0xc65a9a	-		call   QWORD PTR [rax+0x1d8]
direct-call	artifact-item-identity-continuation	0xc6571d	0xc65f0a	0xc65ad1	0x6fa10		call   0x14006fa10
indirect-call	artifact-item-identity-continuation	0xc6571d	0xc65f0a	0xc65ae4	-		call   QWORD PTR [rax+0x5e8]
indirect-call	artifact-item-identity-continuation	0xc6571d	0xc65f0a	0xc65af5	-		call   QWORD PTR [rax+0x1d8]
direct-call	artifact-item-identity-continuation	0xc6571d	0xc65f0a	0xc65b26	0x6fa10		call   0x14006fa10
indirect-call	artifact-item-identity-continuation	0xc6571d	0xc65f0a	0xc65b39	-		call   QWORD PTR [rax+0x5e8]
indirect-call	artifact-item-identity-continuation	0xc6571d	0xc65f0a	0xc65b4a	-		call   QWORD PTR [rax+0x1d8]
direct-call	artifact-item-identity-continuation	0xc6571d	0xc65f0a	0xc65b81	0x6fa10		call   0x14006fa10
indirect-call	artifact-item-identity-continuation	0xc6571d	0xc65f0a	0xc65b94	-		call   QWORD PTR [rax+0x5e8]
indirect-call	artifact-item-identity-continuation	0xc6571d	0xc65f0a	0xc65ba5	-		call   QWORD PTR [rax+0x1d8]
indirect-call	artifact-item-identity-continuation	0xc6571d	0xc65f0a	0xc65bc1	-		call   QWORD PTR [rax+0x5e8]
indirect-call	artifact-item-identity-continuation	0xc6571d	0xc65f0a	0xc65bd6	-		call   QWORD PTR [rax+0x1d8]
direct-call	artifact-item-identity-continuation	0xc6571d	0xc65f0a	0xc65c81	0x6fa10		call   0x14006fa10
indirect-call	artifact-item-identity-continuation	0xc6571d	0xc65f0a	0xc65c8d	-		call   QWORD PTR [rax+0x5e0]
direct-call	artifact-item-identity-continuation	0xc6571d	0xc65f0a	0xc65cb4	0x6fa10		call   0x14006fa10
indirect-call	artifact-item-identity-continuation	0xc6571d	0xc65f0a	0xc65cc0	-		call   QWORD PTR [rax+0x5d8]
direct-call	artifact-item-identity-continuation	0xc6571d	0xc65f0a	0xc65cf1	0x6fa10		call   0x14006fa10
direct-call	artifact-item-identity-continuation	0xc6571d	0xc65f0a	0xc65db1	0x6fa10		call   0x14006fa10
direct-call	artifact-item-identity-continuation	0xc6571d	0xc65f0a	0xc65de5	0x6fa10		call   0x14006fa10
direct-call	artifact-item-identity-continuation	0xc6571d	0xc65f0a	0xc65e11	0x6fa10		call   0x14006fa10
direct-call	artifact-item-identity-continuation	0xc6571d	0xc65f0a	0xc65e41	0x6fa10		call   0x14006fa10
direct-call	artifact-item-identity-continuation	0xc6571d	0xc65f0a	0xc65ea3	0x6fa10		call   0x14006fa10
direct-call	artifact-item-identity-continuation	0xc6571d	0xc65f0a	0xc65eb7	0xb9b80		call   0x1400b9b80
indirect-call	artifact-item-identity-continuation	0xc6571d	0xc65f0a	0xc65edb	-		call   QWORD PTR [rax+0x10]
direct-call	artifact-item-identity-continuation	0xc6571d	0xc65f0a	0xc65eee	0xb9b80		call   0x1400b9b80
formatter	material-noun	0x14d1920	0x14d1d79	-	-		
literal	material-noun	0x14d1920	0x14d1d79	0x14d1987	0x1614d54	plant	lea    rdx,[rip+0x1433c6]        # 0x141614d54
direct-call	material-noun	0x14d1920	0x14d1d79	0x14d1991	0x6fa10		call   0x14006fa10
literal	material-noun	0x14d1920	0x14d1d79	0x14d19a9	0x16158b4	yarn	lea    rdx,[rip+0x143f04]        # 0x1416158b4
direct-call	material-noun	0x14d1920	0x14d1d79	0x14d19b3	0x6fa10		call   0x14006fa10
literal	material-noun	0x14d1920	0x14d1d79	0x14d19d1	0x16158a4	cloth	lea    rdx,[rip+0x143ecc]        # 0x1416158a4
direct-call	material-noun	0x14d1920	0x14d1d79	0x14d19db	0x6fa10		call   0x14006fa10
literal	material-noun	0x14d1920	0x14d1d79	0x14d19f1	0x16158ac	silk	lea    rdx,[rip+0x143eb4]        # 0x1416158ac
direct-call	material-noun	0x14d1920	0x14d1d79	0x14d19fb	0x6fa10		call   0x14006fa10
literal	material-noun	0x14d1920	0x14d1d79	0x14d1a11	0x16158c4	bone	lea    rdx,[rip+0x143eac]        # 0x1416158c4
direct-call	material-noun	0x14d1920	0x14d1d79	0x14d1a1b	0x6fa10		call   0x14006fa10
literal	material-noun	0x14d1920	0x14d1d79	0x14d1a31	0x16156d0	leather	lea    rdx,[rip+0x143c98]        # 0x1416156d0
direct-call	material-noun	0x14d1920	0x14d1d79	0x14d1a3b	0x6fa10		call   0x14006fa10
literal	material-noun	0x14d1920	0x14d1d79	0x14d1a51	0x16158bc	shell	lea    rdx,[rip+0x143e64]        # 0x1416158bc
direct-call	material-noun	0x14d1920	0x14d1d79	0x14d1a5b	0x6fa10		call   0x14006fa10
literal	material-noun	0x14d1920	0x14d1d79	0x14d1a73	0x16158d4	soap	lea    rdx,[rip+0x143e5a]        # 0x1416158d4
direct-call	material-noun	0x14d1920	0x14d1d79	0x14d1a7d	0x6fa10		call   0x14006fa10
literal	material-noun	0x14d1920	0x14d1d79	0x14d1a95	0x1789150	ivory/tooth	lea    rdx,[rip+0x2b76b4]        # 0x141789150
direct-call	material-noun	0x14d1920	0x14d1d79	0x14d1a9f	0x6fa10		call   0x14006fa10
literal	material-noun	0x14d1920	0x14d1d79	0x14d1ab7	0x16158e4	horn	lea    rdx,[rip+0x143e26]        # 0x1416158e4
direct-call	material-noun	0x14d1920	0x14d1d79	0x14d1ac1	0x6fa10		call   0x14006fa10
literal	material-noun	0x14d1920	0x14d1d79	0x14d1ad9	0x16158dc	pearl	lea    rdx,[rip+0x143dfc]        # 0x1416158dc
direct-call	material-noun	0x14d1920	0x14d1d79	0x14d1ae3	0x6fa10		call   0x14006fa10
literal	material-noun	0x14d1920	0x14d1d79	0x14d1b08	0x16156d8	wood	lea    rcx,[rip+0x143bc9]        # 0x1416156d8
literal	material-noun	0x14d1920	0x14d1d79	0x14d1b0f	0x16a12ec	wooden	lea    rdx,[rip+0x1cf7d6]        # 0x1416a12ec
direct-call	material-noun	0x14d1920	0x14d1d79	0x14d1b1d	0x6fa10		call   0x14006fa10
direct-call	material-noun	0x14d1920	0x14d1d79	0x14d1c05	0x72570		call   0x140072570
direct-call	material-noun	0x14d1920	0x14d1d79	0x14d1c12	0xc3a4f0		call   0x140c3a4f0
direct-call	material-noun	0x14d1920	0x14d1d79	0x14d1c36	0xa946e0		call   0x140a946e0
direct-call	material-noun	0x14d1920	0x14d1d79	0x14d1c5a	0x6fa10		call   0x14006fa10
literal	material-noun	0x14d1920	0x14d1d79	0x14d1c65	0x15edb24	's 	lea    rdx,[rip+0x11beb8]        # 0x1415edb24
direct-call	material-noun	0x14d1920	0x14d1d79	0x14d1c6f	0x6fa10		call   0x14006fa10
indirect-call	material-noun	0x14d1920	0x14d1d79	0x14d1ca9	-		call   QWORD PTR [rip+0x113e79]        # 0x1415e5b28
direct-call	material-noun	0x14d1920	0x14d1d79	0x14d1cb0	0x1539680		call   0x141539680
direct-call	material-noun	0x14d1920	0x14d1d79	0x14d1cbf	0x14add70		call   0x1414add70
direct-call	material-noun	0x14d1920	0x14d1d79	0x14d1cee	0x6fa10		call   0x14006fa10
literal	material-noun	0x14d1920	0x14d1d79	0x14d1cf9	0x15e873c	 	lea    rdx,[rip+0x116a3c]        # 0x1415e873c
direct-call	material-noun	0x14d1920	0x14d1d79	0x14d1d03	0x6fa10		call   0x14006fa10
direct-call	material-noun	0x14d1920	0x14d1d79	0x14d1d3b	0x6fa10		call   0x14006fa10
literal	material-noun	0x14d1920	0x14d1d79	0x14d1d4a	0x1789108	unknown material	lea    rdx,[rip+0x2b73b7]        # 0x141789108
direct-call	material-noun	0x14d1920	0x14d1d79	0x14d1d54	0x6fa10		call   0x14006fa10
direct-call	material-noun	0x14d1920	0x14d1d79	0x14d1d63	0x1539660		call   0x141539660
formatter	creature-noun	0xaa3bd0	0xaa3d93	-	-		
direct-call	creature-noun	0xaa3bd0	0xaa3d93	0xaa3c86	0x6f8d0		call   0x14006f8d0
direct-call	creature-noun	0xaa3bd0	0xaa3d93	0xaa3d08	0x6f8d0		call   0x14006f8d0
direct-call	creature-noun	0xaa3bd0	0xaa3d93	0xaa3d54	0x6f8d0		call   0x14006f8d0
formatter	personal-name	0xa94030	0xa946d1	-	-		
direct-call	personal-name	0xa94030	0xa946d1	0xa940ac	0xb9b80		call   0x1400b9b80
direct-call	personal-name	0xa94030	0xa946d1	0xa940c9	0x6fa10		call   0x14006fa10
direct-call	personal-name	0xa94030	0xa946d1	0xa940d3	0xb9b80		call   0x1400b9b80
direct-call	personal-name	0xa94030	0xa946d1	0xa940e4	0x6f5d0		call   0x14006f5d0
direct-call	personal-name	0xa94030	0xa946d1	0xa940ee	0x52d3c0		call   0x14052d3c0
direct-call	personal-name	0xa94030	0xa946d1	0xa94108	0x6fa10		call   0x14006fa10
direct-call	personal-name	0xa94030	0xa946d1	0xa94115	0x6f850		call   0x14006f850
literal	personal-name	0xa94030	0xa946d1	0xa9413d	0x15e873c	 	lea    rdx,[rip+0xb545f8]        # 0x1415e873c
direct-call	personal-name	0xa94030	0xa946d1	0xa94147	0x6fa10		call   0x14006fa10
direct-call	personal-name	0xa94030	0xa946d1	0xa94151	0xb9b80		call   0x1400b9b80
direct-call	personal-name	0xa94030	0xa946d1	0xa9416a	0x6fa10		call   0x14006fa10
direct-call	personal-name	0xa94030	0xa946d1	0xa94174	0xb9b80		call   0x1400b9b80
direct-call	personal-name	0xa94030	0xa946d1	0xa94225	0x6fa10		call   0x14006fa10
direct-call	personal-name	0xa94030	0xa946d1	0xa9429c	0x6fa10		call   0x14006fa10
literal	personal-name	0xa94030	0xa946d1	0xa942b3	0x15e873c	 	lea    rdx,[rip+0xb54482]        # 0x1415e873c
direct-call	personal-name	0xa94030	0xa946d1	0xa942bd	0x6fa10		call   0x14006fa10
direct-call	personal-name	0xa94030	0xa946d1	0xa942c6	0x52d3c0		call   0x14052d3c0
direct-call	personal-name	0xa94030	0xa946d1	0xa942e0	0x6fa10		call   0x14006fa10
direct-call	personal-name	0xa94030	0xa946d1	0xa942ec	0x6f850		call   0x14006f850
direct-call	personal-name	0xa94030	0xa946d1	0xa9438c	0x6fa10		call   0x14006fa10
direct-call	personal-name	0xa94030	0xa946d1	0xa94403	0x6fa10		call   0x14006fa10
direct-call	personal-name	0xa94030	0xa946d1	0xa9447a	0x6fa10		call   0x14006fa10
direct-call	personal-name	0xa94030	0xa946d1	0xa944f1	0x6fa10		call   0x14006fa10
literal	personal-name	0xa94030	0xa946d1	0xa9450f	0x15e873c	 	lea    rdx,[rip+0xb54226]        # 0x1415e873c
direct-call	personal-name	0xa94030	0xa946d1	0xa94519	0x6fa10		call   0x14006fa10
direct-call	personal-name	0xa94030	0xa946d1	0xa94522	0x52d3c0		call   0x14052d3c0
direct-call	personal-name	0xa94030	0xa946d1	0xa9453c	0x6fa10		call   0x14006fa10
indirect-call	personal-name	0xa94030	0xa946d1	0xa9457e	-		call   QWORD PTR [rip+0xb515a4]        # 0x1415e5b28
direct-call	personal-name	0xa94030	0xa946d1	0xa94585	0x1539680		call   0x141539680
direct-call	personal-name	0xa94030	0xa946d1	0xa94624	0x6fa10		call   0x14006fa10
literal	personal-name	0xa94030	0xa946d1	0xa9463b	0x15e873c	 	lea    rdx,[rip+0xb540fa]        # 0x1415e873c
direct-call	personal-name	0xa94030	0xa946d1	0xa94645	0x6fa10		call   0x14006fa10
direct-call	personal-name	0xa94030	0xa946d1	0xa9464e	0x52d3c0		call   0x14052d3c0
direct-call	personal-name	0xa94030	0xa946d1	0xa94668	0x6fa10		call   0x14006fa10
indirect-call	personal-name	0xa94030	0xa946d1	0xa946a0	-		call   QWORD PTR [rip+0xb51482]        # 0x1415e5b28
direct-call	personal-name	0xa94030	0xa946d1	0xa946a7	0x1539680		call   0x141539680
direct-call	personal-name	0xa94030	0xa946d1	0xa946b3	0x1539660		call   0x141539660
formatter	generated-name	0xa946e0	0xa94ea2	-	-		
direct-call	generated-name	0xa946e0	0xa94ea2	0xa9477e	0xb9b80		call   0x1400b9b80
direct-call	generated-name	0xa946e0	0xa94ea2	0xa94798	0x6fa10		call   0x14006fa10
direct-call	generated-name	0xa946e0	0xa94ea2	0xa947a2	0xb9b80		call   0x1400b9b80
direct-call	generated-name	0xa946e0	0xa94ea2	0xa94816	0x707d0		call   0x1400707d0
direct-call	generated-name	0xa946e0	0xa94ea2	0xa94834	0x153aa78		call   0x14153aa78
direct-call	generated-name	0xa946e0	0xa94ea2	0xa94844	0x52d3c0		call   0x14052d3c0
direct-call	generated-name	0xa946e0	0xa94ea2	0xa94867	0x6fa10		call   0x14006fa10
direct-call	generated-name	0xa946e0	0xa94ea2	0xa94874	0x6f850		call   0x14006f850
literal	generated-name	0xa946e0	0xa94ea2	0xa948a3	0x15e873c	 	lea    rdx,[rip+0xb53e92]        # 0x1415e873c
direct-call	generated-name	0xa946e0	0xa94ea2	0xa948ad	0x6fa10		call   0x14006fa10
direct-call	generated-name	0xa946e0	0xa94ea2	0xa948b7	0xb9b80		call   0x1400b9b80
direct-call	generated-name	0xa946e0	0xa94ea2	0xa948d1	0x6fa10		call   0x14006fa10
direct-call	generated-name	0xa946e0	0xa94ea2	0xa948db	0xb9b80		call   0x1400b9b80
direct-call	generated-name	0xa946e0	0xa94ea2	0xa94934	0xd2cb50		call   0x140d2cb50
direct-call	generated-name	0xa946e0	0xa94ea2	0xa94948	0xd2cb50		call   0x140d2cb50
literal	generated-name	0xa946e0	0xa94ea2	0xa9495e	0x15e873c	 	lea    rdx,[rip+0xb53dd7]        # 0x1415e873c
direct-call	generated-name	0xa946e0	0xa94ea2	0xa94968	0x6fa10		call   0x14006fa10
direct-call	generated-name	0xa946e0	0xa94ea2	0xa94976	0x52d3c0		call   0x14052d3c0
direct-call	generated-name	0xa946e0	0xa94ea2	0xa94990	0x6fa10		call   0x14006fa10
indirect-call	generated-name	0xa946e0	0xa94ea2	0xa949c9	-		call   QWORD PTR [rip+0xb51159]        # 0x1415e5b28
direct-call	generated-name	0xa946e0	0xa94ea2	0xa949d0	0x1539680		call   0x141539680
direct-call	generated-name	0xa946e0	0xa94ea2	0xa94a21	0xd2cb50		call   0x140d2cb50
literal	generated-name	0xa946e0	0xa94ea2	0xa94a3b	0x15e873c	 	lea    rdx,[rip+0xb53cfa]        # 0x1415e873c
direct-call	generated-name	0xa946e0	0xa94ea2	0xa94a45	0x6fa10		call   0x14006fa10
literal	generated-name	0xa946e0	0xa94ea2	0xa94a5d	0x15ed9bc	The 	lea    rdx,[rip+0xb58f58]        # 0x1415ed9bc
direct-call	generated-name	0xa946e0	0xa94ea2	0xa94a67	0x6fa10		call   0x14006fa10
literal	generated-name	0xa946e0	0xa94ea2	0xa94a78	0x15e8e48	the 	lea    rdx,[rip+0xb543c9]        # 0x1415e8e48
direct-call	generated-name	0xa946e0	0xa94ea2	0xa94a82	0x6fa10		call   0x14006fa10
direct-call	generated-name	0xa946e0	0xa94ea2	0xa94a93	0x52d3c0		call   0x14052d3c0
direct-call	generated-name	0xa946e0	0xa94ea2	0xa94aad	0x6fa10		call   0x14006fa10
direct-call	generated-name	0xa946e0	0xa94ea2	0xa94ad8	0xd2cb50		call   0x140d2cb50
literal	generated-name	0xa946e0	0xa94ea2	0xa94af2	0x15e873c	 	lea    rdx,[rip+0xb53c43]        # 0x1415e873c
direct-call	generated-name	0xa946e0	0xa94ea2	0xa94afc	0x6fa10		call   0x14006fa10
literal	generated-name	0xa946e0	0xa94ea2	0xa94b11	0x15ed9bc	The 	lea    rdx,[rip+0xb58ea4]        # 0x1415ed9bc
literal	generated-name	0xa946e0	0xa94ea2	0xa94b1a	0x15e8e48	the 	lea    rdx,[rip+0xb54327]        # 0x1415e8e48
direct-call	generated-name	0xa946e0	0xa94ea2	0xa94b2a	0x6fa10		call   0x14006fa10
direct-call	generated-name	0xa946e0	0xa94ea2	0xa94b3b	0x52d3c0		call   0x14052d3c0
direct-call	generated-name	0xa946e0	0xa94ea2	0xa94b55	0x6fa10		call   0x14006fa10
direct-call	generated-name	0xa946e0	0xa94ea2	0xa94b80	0xd2cb50		call   0x140d2cb50
literal	generated-name	0xa946e0	0xa94ea2	0xa94b9a	0x15e873c	 	lea    rdx,[rip+0xb53b9b]        # 0x1415e873c
direct-call	generated-name	0xa946e0	0xa94ea2	0xa94ba4	0x6fa10		call   0x14006fa10
literal	generated-name	0xa946e0	0xa94ea2	0xa94bb9	0x15ed9bc	The 	lea    rdx,[rip+0xb58dfc]        # 0x1415ed9bc
literal	generated-name	0xa946e0	0xa94ea2	0xa94bc2	0x15e8e48	the 	lea    rdx,[rip+0xb5427f]        # 0x1415e8e48
direct-call	generated-name	0xa946e0	0xa94ea2	0xa94bd2	0x6fa10		call   0x14006fa10
direct-call	generated-name	0xa946e0	0xa94ea2	0xa94be3	0x52d3c0		call   0x14052d3c0
direct-call	generated-name	0xa946e0	0xa94ea2	0xa94c53	0x707d0		call   0x1400707d0
direct-call	generated-name	0xa946e0	0xa94ea2	0xa94c74	0x153aa78		call   0x14153aa78
direct-call	generated-name	0xa946e0	0xa94ea2	0xa94c98	0x6fa10		call   0x14006fa10
indirect-call	generated-name	0xa946e0	0xa94ea2	0xa94cd0	-		call   QWORD PTR [rip+0xb50e52]        # 0x1415e5b28
direct-call	generated-name	0xa946e0	0xa94ea2	0xa94cd7	0x1539680		call   0x141539680
direct-call	generated-name	0xa946e0	0xa94ea2	0xa94d05	0xd2cb50		call   0x140d2cb50
literal	generated-name	0xa946e0	0xa94ea2	0xa94d1f	0x15e873c	 	lea    rdx,[rip+0xb53a16]        # 0x1415e873c
direct-call	generated-name	0xa946e0	0xa94ea2	0xa94d29	0x6fa10		call   0x14006fa10
literal	generated-name	0xa946e0	0xa94ea2	0xa94d4b	0x15ed9bc	The 	lea    rdx,[rip+0xb58c6a]        # 0x1415ed9bc
direct-call	generated-name	0xa946e0	0xa94ea2	0xa94d55	0x6fa10		call   0x14006fa10
literal	generated-name	0xa946e0	0xa94ea2	0xa94d62	0x15e8e48	the 	lea    rdx,[rip+0xb540df]        # 0x1415e8e48
direct-call	generated-name	0xa946e0	0xa94ea2	0xa94d6c	0x6fa10		call   0x14006fa10
direct-call	generated-name	0xa946e0	0xa94ea2	0xa94d7a	0x52d3c0		call   0x14052d3c0
direct-call	generated-name	0xa946e0	0xa94ea2	0xa94d94	0x6fa10		call   0x14006fa10
direct-call	generated-name	0xa946e0	0xa94ea2	0xa94da6	0x6f850		call   0x14006f850
direct-call	generated-name	0xa946e0	0xa94ea2	0xa94df3	0xd2cb50		call   0x140d2cb50
literal	generated-name	0xa946e0	0xa94ea2	0xa94e09	0x15e873c	 	lea    rdx,[rip+0xb5392c]        # 0x1415e873c
direct-call	generated-name	0xa946e0	0xa94ea2	0xa94e13	0x6fa10		call   0x14006fa10
literal	generated-name	0xa946e0	0xa94ea2	0xa94e18	0x16ced90	of 	lea    rax,[rip+0xc39f71]        # 0x1416ced90
literal	generated-name	0xa946e0	0xa94ea2	0xa94e1f	0x16cee1c	Of 	lea    rdx,[rip+0xc39ff6]        # 0x1416cee1c
direct-call	generated-name	0xa946e0	0xa94ea2	0xa94e38	0x6fa10		call   0x14006fa10
direct-call	generated-name	0xa946e0	0xa94ea2	0xa94e46	0x52d3c0		call   0x14052d3c0
direct-call	generated-name	0xa946e0	0xa94ea2	0xa94e60	0x6fa10		call   0x14006fa10
direct-call	generated-name	0xa946e0	0xa94ea2	0xa94e6a	0x6f850		call   0x14006f850
direct-call	generated-name	0xa946e0	0xa94ea2	0xa94e76	0x1539660		call   0x141539660
direct-call	generated-name	0xa946e0	0xa94ea2	0xa94e96	0x65890		call   0x140065890
direct-call	generated-name	0xa946e0	0xa94ea2	0xa94e9c	0x65890		call   0x140065890
formatter	action-transitive	0x146750	0x146ea4	-	-		
indirect-call	action-transitive	0x146750	0x146ea4	0x146805	-		call   QWORD PTR [rax+0x38]
indirect-call	action-transitive	0x146750	0x146ea4	0x14683b	-		call   QWORD PTR [rax+0x38]
inline-literal	action-transitive	0x146750	0x146ea4	0x14686a	-	 is 	mov    DWORD PTR [rbp-0x61],0x20736920
literal	action-transitive	0x146750	0x146ea4	0x14687c	0x15fd6a8	 are 	mov    eax,DWORD PTR [rip+0x14b6e26]        # 0x1415fd6a8
literal	action-transitive	0x146750	0x146ea4	0x146885	0x15fd6ac	 	movzx  eax,BYTE PTR [rip+0x14b6e20]        # 0x1415fd6ac
direct-call	action-transitive	0x146750	0x146ea4	0x1468ac	0x6fa10		call   0x14006fa10
direct-call	action-transitive	0x146750	0x146ea4	0x1468e0	0x6fa10		call   0x14006fa10
literal	action-transitive	0x146750	0x146ea4	0x1468eb	0x15fd698	prostrating 	lea    rdx,[rip+0x14b6da6]        # 0x1415fd698
direct-call	action-transitive	0x146750	0x146ea4	0x1468f5	0x6fa10		call   0x14006fa10
literal	action-transitive	0x146750	0x146ea4	0x146906	0x15fd710	themselves	lea    rdx,[rip+0x14b6e03]        # 0x1415fd710
direct-call	action-transitive	0x146750	0x146ea4	0x146910	0x6fa10		call   0x14006fa10
literal	action-transitive	0x146750	0x146ea4	0x14691b	0x15fd700	 before 	lea    rdx,[rip+0x14b6dde]        # 0x1415fd700
literal	action-transitive	0x146750	0x146ea4	0x14693e	0x15fe518	itself	mov    eax,DWORD PTR [rip+0x14b7bd4]        # 0x1415fe518
literal	action-transitive	0x146750	0x146ea4	0x146947	0x15fe51c	lf	movzx  eax,WORD PTR [rip+0x14b7bce]        # 0x1415fe51c
direct-call	action-transitive	0x146750	0x146ea4	0x146963	0x6fa10		call   0x14006fa10
indirect-call	action-transitive	0x146750	0x146ea4	0x14699b	-		call   QWORD PTR [rip+0x149f187]        # 0x1415e5b28
direct-call	action-transitive	0x146750	0x146ea4	0x1469a2	0x1539680		call   0x141539680
literal	action-transitive	0x146750	0x146ea4	0x1469ad	0x15fd700	 before 	lea    rdx,[rip+0x14b6d4c]        # 0x1415fd700
direct-call	action-transitive	0x146750	0x146ea4	0x1469c3	0x6fa10		call   0x14006fa10
literal	action-transitive	0x146750	0x146ea4	0x1469ce	0x15fd6f0	torturing 	lea    rdx,[rip+0x14b6d1b]        # 0x1415fd6f0
direct-call	action-transitive	0x146750	0x146ea4	0x1469e4	0x6fa10		call   0x14006fa10
literal	action-transitive	0x146750	0x146ea4	0x1469ef	0x15fd6d0	committing a depraved act upon 	lea    rdx,[rip+0x14b6cda]        # 0x1415fd6d0
direct-call	action-transitive	0x146750	0x146ea4	0x146a05	0x6fa10		call   0x14006fa10
literal	action-transitive	0x146750	0x146ea4	0x146a10	0x15fd818	devouring 	lea    rdx,[rip+0x14b6e01]        # 0x1415fd818
direct-call	action-transitive	0x146750	0x146ea4	0x146a26	0x6fa10		call   0x14006fa10
literal	action-transitive	0x146750	0x146ea4	0x146a31	0x15fd808	admiring 	lea    rdx,[rip+0x14b6dd0]        # 0x1415fd808
direct-call	action-transitive	0x146750	0x146ea4	0x146a47	0x6fa10		call   0x14006fa10
literal	action-transitive	0x146750	0x146ea4	0x146a52	0x15fd7f8	burning 	lea    rdx,[rip+0x14b6d9f]        # 0x1415fd7f8
direct-call	action-transitive	0x146750	0x146ea4	0x146a68	0x6fa10		call   0x14006fa10
literal	action-transitive	0x146750	0x146ea4	0x146a73	0x15fd7e8	shooting 	lea    rdx,[rip+0x14b6d6e]        # 0x1415fd7e8
direct-call	action-transitive	0x146750	0x146ea4	0x146a89	0x6fa10		call   0x14006fa10
literal	action-transitive	0x146750	0x146ea4	0x146a94	0x15fd858	surrounded by 	lea    rdx,[rip+0x14b6dbd]        # 0x1415fd858
direct-call	action-transitive	0x146750	0x146ea4	0x146aaa	0x6fa10		call   0x14006fa10
literal	action-transitive	0x146750	0x146ea4	0x146ab5	0x15fd848	massacring 	lea    rdx,[rip+0x14b6d8c]        # 0x1415fd848
direct-call	action-transitive	0x146750	0x146ea4	0x146acb	0x6fa10		call   0x14006fa10
literal	action-transitive	0x146750	0x146ea4	0x146ad6	0x15fd838	fighting with 	lea    rdx,[rip+0x14b6d5b]        # 0x1415fd838
direct-call	action-transitive	0x146750	0x146ea4	0x146aec	0x6fa10		call   0x14006fa10
literal	action-transitive	0x146750	0x146ea4	0x146af7	0x15fd828	greeting 	lea    rdx,[rip+0x14b6d2a]        # 0x1415fd828
direct-call	action-transitive	0x146750	0x146ea4	0x146b0d	0x6fa10		call   0x14006fa10
literal	action-transitive	0x146750	0x146ea4	0x146b18	0x15fd7a0	refusing 	lea    rdx,[rip+0x14b6c81]        # 0x1415fd7a0
direct-call	action-transitive	0x146750	0x146ea4	0x146b2e	0x6fa10		call   0x14006fa10
literal	action-transitive	0x146750	0x146ea4	0x146b39	0x15fd790	speaking with 	lea    rdx,[rip+0x14b6c50]        # 0x1415fd790
direct-call	action-transitive	0x146750	0x146ea4	0x146b4f	0x6fa10		call   0x14006fa10
literal	action-transitive	0x146750	0x146ea4	0x146b5a	0x15fd780	embracing 	lea    rdx,[rip+0x14b6c1f]        # 0x1415fd780
direct-call	action-transitive	0x146750	0x146ea4	0x146b70	0x6fa10		call   0x14006fa10
literal	action-transitive	0x146750	0x146ea4	0x146b7b	0x15fd770	striking down 	lea    rdx,[rip+0x14b6bee]        # 0x1415fd770
direct-call	action-transitive	0x146750	0x146ea4	0x146b91	0x6fa10		call   0x14006fa10
literal	action-transitive	0x146750	0x146ea4	0x146b9c	0x15fd7d8	raising 	lea    rdx,[rip+0x14b6c35]        # 0x1415fd7d8
direct-call	action-transitive	0x146750	0x146ea4	0x146bb2	0x6fa10		call   0x14006fa10
literal	action-transitive	0x146750	0x146ea4	0x146bbd	0x15fd7d0	hiding 	lea    rdx,[rip+0x14b6c0c]        # 0x1415fd7d0
direct-call	action-transitive	0x146750	0x146ea4	0x146bd3	0x6fa10		call   0x14006fa10
literal	action-transitive	0x146750	0x146ea4	0x146bde	0x15fd7c0	praying to 	lea    rdx,[rip+0x14b6bdb]        # 0x1415fd7c0
direct-call	action-transitive	0x146750	0x146ea4	0x146bf4	0x6fa10		call   0x14006fa10
literal	action-transitive	0x146750	0x146ea4	0x146bff	0x15fd7b0	contemplating 	lea    rdx,[rip+0x14b6baa]        # 0x1415fd7b0
direct-call	action-transitive	0x146750	0x146ea4	0x146c15	0x6fa10		call   0x14006fa10
literal	action-transitive	0x146750	0x146ea4	0x146c20	0x15fd950	cooking 	lea    rdx,[rip+0x14b6d29]        # 0x1415fd950
direct-call	action-transitive	0x146750	0x146ea4	0x146c36	0x6fa10		call   0x14006fa10
literal	action-transitive	0x146750	0x146ea4	0x146c41	0x15fd940	engraving 	lea    rdx,[rip+0x14b6cf8]        # 0x1415fd940
direct-call	action-transitive	0x146750	0x146ea4	0x146c54	0x6fa10		call   0x14006fa10
literal	action-transitive	0x146750	0x146ea4	0x146c5f	0x15fd930	impaled on 	lea    rdx,[rip+0x14b6cca]        # 0x1415fd930
direct-call	action-transitive	0x146750	0x146ea4	0x146c72	0x6fa10		call   0x14006fa10
literal	action-transitive	0x146750	0x146ea4	0x146c7d	0x15fd918	being flayed by 	lea    rdx,[rip+0x14b6c94]        # 0x1415fd918
direct-call	action-transitive	0x146750	0x146ea4	0x146c90	0x6fa10		call   0x14006fa10
literal	action-transitive	0x146750	0x146ea4	0x146c9b	0x15fd988	hanging from 	lea    rdx,[rip+0x14b6ce6]        # 0x1415fd988
direct-call	action-transitive	0x146750	0x146ea4	0x146cae	0x6fa10		call   0x14006fa10
literal	action-transitive	0x146750	0x146ea4	0x146cb9	0x15fd970	being mutilated by 	lea    rdx,[rip+0x14b6cb0]        # 0x1415fd970
direct-call	action-transitive	0x146750	0x146ea4	0x146cc3	0x6fa10		call   0x14006fa10
direct-call	action-transitive	0x146750	0x146ea4	0x146cdf	0x6fa10		call   0x14006fa10
literal	action-transitive	0x146750	0x146ea4	0x146cee	0x15fd968	.  	lea    rdx,[rip+0x14b6c73]        # 0x1415fd968
direct-call	action-transitive	0x146750	0x146ea4	0x146cf8	0x6fa10		call   0x14006fa10
direct-call	action-transitive	0x146750	0x146ea4	0x146d00	0x52d650		call   0x14052d650
indirect-call	action-transitive	0x146750	0x146ea4	0x146d35	-		call   QWORD PTR [rip+0x149eded]        # 0x1415e5b28
direct-call	action-transitive	0x146750	0x146ea4	0x146d3c	0x1539680		call   0x141539680
indirect-call	action-transitive	0x146750	0x146ea4	0x146d75	-		call   QWORD PTR [rip+0x149edad]        # 0x1415e5b28
direct-call	action-transitive	0x146750	0x146ea4	0x146d7c	0x1539680		call   0x141539680
indirect-call	action-transitive	0x146750	0x146ea4	0x146dc0	-		call   QWORD PTR [rip+0x149ed62]        # 0x1415e5b28
direct-call	action-transitive	0x146750	0x146ea4	0x146dc7	0x1539680		call   0x141539680
direct-call	action-transitive	0x146750	0x146ea4	0x146dd3	0x1539660		call   0x141539660
formatter	action-intransitive	0x146eb0	0x147640	-	-		
indirect-call	action-intransitive	0x146eb0	0x147640	0x146f4b	-		call   r10
inline-literal	action-intransitive	0x146eb0	0x147640	0x146f77	-	 is 	mov    DWORD PTR [rbp-0x50],0x20736920
literal	action-intransitive	0x146eb0	0x147640	0x146f89	0x15fd6a8	 are 	mov    eax,DWORD PTR [rip+0x14b6719]        # 0x1415fd6a8
literal	action-intransitive	0x146eb0	0x147640	0x146f92	0x15fd6ac	 	movzx  eax,BYTE PTR [rip+0x14b6713]        # 0x1415fd6ac
direct-call	action-intransitive	0x146eb0	0x147640	0x146fb9	0x6fa10		call   0x14006fa10
direct-call	action-intransitive	0x146eb0	0x147640	0x146fe9	0x6fa10		call   0x14006fa10
literal	action-intransitive	0x146eb0	0x147640	0x146ff4	0x15fd960	praying	lea    rdx,[rip+0x14b6965]        # 0x1415fd960
direct-call	action-intransitive	0x146eb0	0x147640	0x14700a	0x6fa10		call   0x14006fa10
literal	action-intransitive	0x146eb0	0x147640	0x147015	0x15fd898	weeping	lea    rdx,[rip+0x14b687c]        # 0x1415fd898
direct-call	action-intransitive	0x146eb0	0x147640	0x14702b	0x6fa10		call   0x14006fa10
literal	action-intransitive	0x146eb0	0x147640	0x147036	0x15fd888	cringing	lea    rdx,[rip+0x14b684b]        # 0x1415fd888
direct-call	action-intransitive	0x146eb0	0x147640	0x14704c	0x6fa10		call   0x14006fa10
literal	action-intransitive	0x146eb0	0x147640	0x147057	0x15fd878	screaming	lea    rdx,[rip+0x14b681a]        # 0x1415fd878
direct-call	action-intransitive	0x146eb0	0x147640	0x14706d	0x6fa10		call   0x14006fa10
literal	action-intransitive	0x146eb0	0x147640	0x147078	0x15fd868	being tortured	lea    rdx,[rip+0x14b67e9]        # 0x1415fd868
direct-call	action-intransitive	0x146eb0	0x147640	0x14708e	0x6fa10		call   0x14006fa10
literal	action-intransitive	0x146eb0	0x147640	0x147099	0x15fd8f8	committing a depraved act	lea    rdx,[rip+0x14b6858]        # 0x1415fd8f8
direct-call	action-intransitive	0x146eb0	0x147640	0x1470af	0x6fa10		call   0x14006fa10
literal	action-intransitive	0x146eb0	0x147640	0x1470ba	0x15fd8d8	making a submissive gesture	lea    rdx,[rip+0x14b6817]        # 0x1415fd8d8
direct-call	action-intransitive	0x146eb0	0x147640	0x1470d0	0x6fa10		call   0x14006fa10
literal	action-intransitive	0x146eb0	0x147640	0x1470db	0x15fd8c0	in a fetal position	lea    rdx,[rip+0x14b67de]        # 0x1415fd8c0
direct-call	action-intransitive	0x146eb0	0x147640	0x1470f1	0x6fa10		call   0x14006fa10
literal	action-intransitive	0x146eb0	0x147640	0x1470fc	0x15fd8a0	smeared out into a spiral	lea    rdx,[rip+0x14b679d]        # 0x1415fd8a0
direct-call	action-intransitive	0x146eb0	0x147640	0x147112	0x6fa10		call   0x14006fa10
literal	action-intransitive	0x146eb0	0x147640	0x14711d	0x15fda48	falling	lea    rdx,[rip+0x14b6924]        # 0x1415fda48
direct-call	action-intransitive	0x146eb0	0x147640	0x147133	0x6fa10		call   0x14006fa10
literal	action-intransitive	0x146eb0	0x147640	0x14713e	0x15fda3c	dead	lea    rdx,[rip+0x14b68f7]        # 0x1415fda3c
direct-call	action-intransitive	0x146eb0	0x147640	0x147154	0x6fa10		call   0x14006fa10
literal	action-intransitive	0x146eb0	0x147640	0x14715f	0x15fda30	laughing	lea    rdx,[rip+0x14b68ca]        # 0x1415fda30
direct-call	action-intransitive	0x146eb0	0x147640	0x147175	0x6fa10		call   0x14006fa10
literal	action-intransitive	0x146eb0	0x147640	0x147180	0x15fda20	being shot	lea    rdx,[rip+0x14b6899]        # 0x1415fda20
direct-call	action-intransitive	0x146eb0	0x147640	0x147196	0x6fa10		call   0x14006fa10
literal	action-intransitive	0x146eb0	0x147640	0x1471a1	0x15fda68	making a plaintive gesture	lea    rdx,[rip+0x14b68c0]        # 0x1415fda68
direct-call	action-intransitive	0x146eb0	0x147640	0x1471b7	0x6fa10		call   0x14006fa10
literal	action-intransitive	0x146eb0	0x147640	0x1471c2	0x15fda60	melting	lea    rdx,[rip+0x14b6897]        # 0x1415fda60
direct-call	action-intransitive	0x146eb0	0x147640	0x1471d8	0x6fa10		call   0x14006fa10
literal	action-intransitive	0x146eb0	0x147640	0x1471e3	0x15fda58	burning	lea    rdx,[rip+0x14b686e]        # 0x1415fda58
literal	action-intransitive	0x146eb0	0x147640	0x1471f5	0x15e873c	 	lea    rdx,[rip+0x14a1540]        # 0x1415e873c
direct-call	action-intransitive	0x146eb0	0x147640	0x1471ff	0x6fa10		call   0x14006fa10
literal	action-intransitive	0x146eb0	0x147640	0x147210	0x15fd9c4	look	lea    rax,[rip+0x14b67ad]        # 0x1415fd9c4
literal	action-intransitive	0x146eb0	0x147640	0x147217	0x15fda50	looks	lea    rdx,[rip+0x14b6832]        # 0x1415fda50
direct-call	action-intransitive	0x146eb0	0x147640	0x147225	0x6fa10		call   0x14006fa10
literal	action-intransitive	0x146eb0	0x147640	0x147230	0x15fd9b8	 dejected	lea    rdx,[rip+0x14b6781]        # 0x1415fd9b8
direct-call	action-intransitive	0x146eb0	0x147640	0x14723a	0x6fa10		call   0x14006fa10
literal	action-intransitive	0x146eb0	0x147640	0x14724a	0x15e873c	 	lea    rdx,[rip+0x14a14eb]        # 0x1415e873c
direct-call	action-intransitive	0x146eb0	0x147640	0x147254	0x6fa10		call   0x14006fa10
literal	action-intransitive	0x146eb0	0x147640	0x147265	0x15fd9c4	look	lea    rax,[rip+0x14b6758]        # 0x1415fd9c4
literal	action-intransitive	0x146eb0	0x147640	0x14726c	0x15fda50	looks	lea    rdx,[rip+0x14b67dd]        # 0x1415fda50
direct-call	action-intransitive	0x146eb0	0x147640	0x14727a	0x6fa10		call   0x14006fa10
literal	action-intransitive	0x146eb0	0x147640	0x147285	0x15fd9a8	 terrified	lea    rdx,[rip+0x14b671c]        # 0x1415fd9a8
direct-call	action-intransitive	0x146eb0	0x147640	0x14728f	0x6fa10		call   0x14006fa10
literal	action-intransitive	0x146eb0	0x147640	0x14729f	0x15e873c	 	lea    rdx,[rip+0x14a1496]        # 0x1415e873c
direct-call	action-intransitive	0x146eb0	0x147640	0x1472a9	0x6fa10		call   0x14006fa10
literal	action-intransitive	0x146eb0	0x147640	0x1472ba	0x15fd9c4	look	lea    rax,[rip+0x14b6703]        # 0x1415fd9c4
literal	action-intransitive	0x146eb0	0x147640	0x1472c1	0x15fda50	looks	lea    rdx,[rip+0x14b6788]        # 0x1415fda50
direct-call	action-intransitive	0x146eb0	0x147640	0x1472cf	0x6fa10		call   0x14006fa10
literal	action-intransitive	0x146eb0	0x147640	0x1472da	0x15fd998	 offended	lea    rdx,[rip+0x14b66b7]        # 0x1415fd998
direct-call	action-intransitive	0x146eb0	0x147640	0x1472e4	0x6fa10		call   0x14006fa10
literal	action-intransitive	0x146eb0	0x147640	0x1472f4	0x15e873c	 	lea    rdx,[rip+0x14a1441]        # 0x1415e873c
direct-call	action-intransitive	0x146eb0	0x147640	0x1472fe	0x6fa10		call   0x14006fa10
literal	action-intransitive	0x146eb0	0x147640	0x14730f	0x15fd9c4	look	lea    rax,[rip+0x14b66ae]        # 0x1415fd9c4
literal	action-intransitive	0x146eb0	0x147640	0x147316	0x15fda50	looks	lea    rdx,[rip+0x14b6733]        # 0x1415fda50
direct-call	action-intransitive	0x146eb0	0x147640	0x147324	0x6fa10		call   0x14006fa10
literal	action-intransitive	0x146eb0	0x147640	0x14732f	0x15fda10	 confused	lea    rdx,[rip+0x14b66da]        # 0x1415fda10
direct-call	action-intransitive	0x146eb0	0x147640	0x147339	0x6fa10		call   0x14006fa10
direct-call	action-intransitive	0x146eb0	0x147640	0x14734d	0x6fa10		call   0x14006fa10
literal	action-intransitive	0x146eb0	0x147640	0x147358	0x15fda00	suffering	lea    rdx,[rip+0x14b66a1]        # 0x1415fda00
direct-call	action-intransitive	0x146eb0	0x147640	0x14736e	0x6fa10		call   0x14006fa10
literal	action-intransitive	0x146eb0	0x147640	0x147379	0x15fd9f0	withering away	lea    rdx,[rip+0x14b6670]        # 0x1415fd9f0
direct-call	action-intransitive	0x146eb0	0x147640	0x14738f	0x6fa10		call   0x14006fa10
literal	action-intransitive	0x146eb0	0x147640	0x14739a	0x15fd9d0	striking a menacing pose	lea    rdx,[rip+0x14b662f]        # 0x1415fd9d0
direct-call	action-intransitive	0x146eb0	0x147640	0x1473b0	0x6fa10		call   0x14006fa10
literal	action-intransitive	0x146eb0	0x147640	0x1473bb	0x15fdb48	striking a triumphant pose	lea    rdx,[rip+0x14b6786]        # 0x1415fdb48
direct-call	action-intransitive	0x146eb0	0x147640	0x1473d1	0x6fa10		call   0x14006fa10
literal	action-intransitive	0x146eb0	0x147640	0x1473dc	0x15fdb38	laboring	lea    rdx,[rip+0x14b6755]        # 0x1415fdb38
direct-call	action-intransitive	0x146eb0	0x147640	0x1473f2	0x6fa10		call   0x14006fa10
literal	action-intransitive	0x146eb0	0x147640	0x1473fd	0x15fdb28	traveling	lea    rdx,[rip+0x14b6724]        # 0x1415fdb28
direct-call	action-intransitive	0x146eb0	0x147640	0x147413	0x6fa10		call   0x14006fa10
literal	action-intransitive	0x146eb0	0x147640	0x14741e	0x15fdb18	contemplating	lea    rdx,[rip+0x14b66f3]        # 0x1415fdb18
direct-call	action-intransitive	0x146eb0	0x147640	0x147434	0x6fa10		call   0x14006fa10
literal	action-intransitive	0x146eb0	0x147640	0x14743f	0x15fdba0	cooking	lea    rdx,[rip+0x14b675a]        # 0x1415fdba0
direct-call	action-intransitive	0x146eb0	0x147640	0x147452	0x6fa10		call   0x14006fa10
literal	action-intransitive	0x146eb0	0x147640	0x14745d	0x15fdb90	engraving	lea    rdx,[rip+0x14b672c]        # 0x1415fdb90
direct-call	action-intransitive	0x146eb0	0x147640	0x147470	0x6fa10		call   0x14006fa10
literal	action-intransitive	0x146eb0	0x147640	0x14747b	0x15fdb78	unnaturally contorted	lea    rdx,[rip+0x14b66f6]        # 0x1415fdb78
direct-call	action-intransitive	0x146eb0	0x147640	0x14748e	0x6fa10		call   0x14006fa10
literal	action-intransitive	0x146eb0	0x147640	0x147499	0x15fdb68	being flayed	lea    rdx,[rip+0x14b66c8]        # 0x1415fdb68
direct-call	action-intransitive	0x146eb0	0x147640	0x1474ac	0x6fa10		call   0x14006fa10
literal	action-intransitive	0x146eb0	0x147640	0x1474b4	0x15fdac0	being mutilated	lea    rdx,[rip+0x14b6605]        # 0x1415fdac0
direct-call	action-intransitive	0x146eb0	0x147640	0x1474be	0x6fa10		call   0x14006fa10
literal	action-intransitive	0x146eb0	0x147640	0x1474cd	0x15fd968	.  	lea    rdx,[rip+0x14b6494]        # 0x1415fd968
direct-call	action-intransitive	0x146eb0	0x147640	0x1474d7	0x6fa10		call   0x14006fa10
direct-call	action-intransitive	0x146eb0	0x147640	0x1474df	0x52d650		call   0x14052d650
indirect-call	action-intransitive	0x146eb0	0x147640	0x147514	-		call   QWORD PTR [rip+0x149e60e]        # 0x1415e5b28
direct-call	action-intransitive	0x146eb0	0x147640	0x14751b	0x1539680		call   0x141539680
indirect-call	action-intransitive	0x146eb0	0x147640	0x147553	-		call   QWORD PTR [rip+0x149e5cf]        # 0x1415e5b28
direct-call	action-intransitive	0x146eb0	0x147640	0x14755a	0x1539680		call   0x141539680
direct-call	action-intransitive	0x146eb0	0x147640	0x147566	0x1539660		call   0x141539660
formatter	element-creature-figure-deity	0x148320	0x148ecf	-	-		
literal	element-creature-figure-deity	0x148320	0x148ecf	0x1483fc	0x15fdb08	[LPAGE:HF:	lea    rdx,[rip+0x14b5705]        # 0x1415fdb08
direct-call	element-creature-figure-deity	0x148320	0x148ecf	0x148406	0x6fa10		call   0x14006fa10
direct-call	element-creature-figure-deity	0x148320	0x148ecf	0x148414	0x52c130		call   0x14052c130
literal	element-creature-figure-deity	0x148320	0x148ecf	0x14841f	0x15fd690	]	lea    rdx,[rip+0x14b526a]        # 0x1415fd690
direct-call	element-creature-figure-deity	0x148320	0x148ecf	0x148429	0x6fa10		call   0x14006fa10
direct-call	element-creature-figure-deity	0x148320	0x148ecf	0x148461	0xa946e0		call   0x140a946e0
direct-call	element-creature-figure-deity	0x148320	0x148ecf	0x14847f	0x6fa10		call   0x14006fa10
literal	element-creature-figure-deity	0x148320	0x148ecf	0x1484b8	0x15fdaf8	, the deity of 	lea    rdx,[rip+0x14b5639]        # 0x1415fdaf8
direct-call	element-creature-figure-deity	0x148320	0x148ecf	0x1484c2	0x6fa10		call   0x14006fa10
direct-call	element-creature-figure-deity	0x148320	0x148ecf	0x148515	0x756500		call   0x140756500
direct-call	element-creature-figure-deity	0x148320	0x148ecf	0x14852f	0x6fa10		call   0x14006fa10
literal	element-creature-figure-deity	0x148320	0x148ecf	0x148540	0x15e90d8	, 	lea    rdx,[rip+0x14a0b91]        # 0x1415e90d8
direct-call	element-creature-figure-deity	0x148320	0x148ecf	0x14854a	0x6fa10		call   0x14006fa10
literal	element-creature-figure-deity	0x148320	0x148ecf	0x14855b	0x15fdae0	, depicted as a 	lea    rdx,[rip+0x14b557e]        # 0x1415fdae0
direct-call	element-creature-figure-deity	0x148320	0x148ecf	0x148565	0x6fa10		call   0x14006fa10
literal	element-creature-figure-deity	0x148320	0x148ecf	0x148585	0x15fdad0	skeletal 	lea    rdx,[rip+0x14b5544]        # 0x1415fdad0
direct-call	element-creature-figure-deity	0x148320	0x148ecf	0x14858f	0x6fa10		call   0x14006fa10
literal	element-creature-figure-deity	0x148320	0x148ecf	0x1485af	0x15fdbc8	rotting 	lea    rdx,[rip+0x14b5612]        # 0x1415fdbc8
direct-call	element-creature-figure-deity	0x148320	0x148ecf	0x1485b9	0x6fa10		call   0x14006fa10
literal	element-creature-figure-deity	0x148320	0x148ecf	0x1485d9	0x15fdbb8	ghostly 	lea    rdx,[rip+0x14b55d8]        # 0x1415fdbb8
direct-call	element-creature-figure-deity	0x148320	0x148ecf	0x1485e3	0x6fa10		call   0x14006fa10
direct-call	element-creature-figure-deity	0x148320	0x148ecf	0x148610	0xaa3bd0		call   0x140aa3bd0
literal	element-creature-figure-deity	0x148320	0x148ecf	0x14867d	0x15e9110	 and 	lea    rdx,[rip+0x14a0a8c]        # 0x1415e9110
direct-call	element-creature-figure-deity	0x148320	0x148ecf	0x148687	0x6fa10		call   0x14006fa10
direct-call	element-creature-figure-deity	0x148320	0x148ecf	0x148705	0x6f8d0		call   0x14006f8d0
direct-call	element-creature-figure-deity	0x148320	0x148ecf	0x148739	0x153ae14		call   0x14153ae14
literal	element-creature-figure-deity	0x148320	0x148ecf	0x148753	0x15fdbb0	female 	lea    rdx,[rip+0x14b5456]        # 0x1415fdbb0
direct-call	element-creature-figure-deity	0x148320	0x148ecf	0x14875d	0x6fa10		call   0x14006fa10
literal	element-creature-figure-deity	0x148320	0x148ecf	0x14876e	0x15fdba8	male 	lea    rdx,[rip+0x14b5433]        # 0x1415fdba8
direct-call	element-creature-figure-deity	0x148320	0x148ecf	0x148778	0x6fa10		call   0x14006fa10
indirect-call	element-creature-figure-deity	0x148320	0x148ecf	0x1487a9	-		call   QWORD PTR [rip+0x149d379]        # 0x1415e5b28
direct-call	element-creature-figure-deity	0x148320	0x148ecf	0x1487b3	0x1539680		call   0x141539680
direct-call	element-creature-figure-deity	0x148320	0x148ecf	0x1487cd	0x6fa10		call   0x14006fa10
direct-call	element-creature-figure-deity	0x148320	0x148ecf	0x1487d8	0x6f850		call   0x14006f850
direct-call	element-creature-figure-deity	0x148320	0x148ecf	0x1487e2	0x6f850		call   0x14006f850
literal	element-creature-figure-deity	0x148320	0x148ecf	0x1487f2	0x15e956c	 the 	lea    rdx,[rip+0x14a0d73]        # 0x1415e956c
direct-call	element-creature-figure-deity	0x148320	0x148ecf	0x1487fc	0x6fa10		call   0x14006fa10
direct-call	element-creature-figure-deity	0x148320	0x148ecf	0x148829	0xaa3bd0		call   0x140aa3bd0
direct-call	element-creature-figure-deity	0x148320	0x148ecf	0x148847	0x6fa10		call   0x14006fa10
indirect-call	element-creature-figure-deity	0x148320	0x148ecf	0x148881	-		call   QWORD PTR [rip+0x149d2a1]        # 0x1415e5b28
direct-call	element-creature-figure-deity	0x148320	0x148ecf	0x148888	0x1539680		call   0x141539680
direct-call	element-creature-figure-deity	0x148320	0x148ecf	0x148893	0x6f850		call   0x14006f850
literal	element-creature-figure-deity	0x148320	0x148ecf	0x1488cb	0x15fdbd8	the deity of 	lea    rdx,[rip+0x14b5306]        # 0x1415fdbd8
direct-call	element-creature-figure-deity	0x148320	0x148ecf	0x1488d5	0x6fa10		call   0x14006fa10
direct-call	element-creature-figure-deity	0x148320	0x148ecf	0x148929	0x756500		call   0x140756500
direct-call	element-creature-figure-deity	0x148320	0x148ecf	0x148947	0x6fa10		call   0x14006fa10
literal	element-creature-figure-deity	0x148320	0x148ecf	0x148958	0x15e90d8	, 	lea    rdx,[rip+0x14a0779]        # 0x1415e90d8
direct-call	element-creature-figure-deity	0x148320	0x148ecf	0x148962	0x6fa10		call   0x14006fa10
literal	element-creature-figure-deity	0x148320	0x148ecf	0x148973	0x15fdae0	, depicted as a 	lea    rdx,[rip+0x14b5166]        # 0x1415fdae0
direct-call	element-creature-figure-deity	0x148320	0x148ecf	0x14897d	0x6fa10		call   0x14006fa10
literal	element-creature-figure-deity	0x148320	0x148ecf	0x14899d	0x15fdad0	skeletal 	lea    rdx,[rip+0x14b512c]        # 0x1415fdad0
direct-call	element-creature-figure-deity	0x148320	0x148ecf	0x1489a7	0x6fa10		call   0x14006fa10
literal	element-creature-figure-deity	0x148320	0x148ecf	0x1489c7	0x15fdbc8	rotting 	lea    rdx,[rip+0x14b51fa]        # 0x1415fdbc8
direct-call	element-creature-figure-deity	0x148320	0x148ecf	0x1489d1	0x6fa10		call   0x14006fa10
literal	element-creature-figure-deity	0x148320	0x148ecf	0x1489f1	0x15fdbb8	ghostly 	lea    rdx,[rip+0x14b51c0]        # 0x1415fdbb8
direct-call	element-creature-figure-deity	0x148320	0x148ecf	0x1489fb	0x6fa10		call   0x14006fa10
direct-call	element-creature-figure-deity	0x148320	0x148ecf	0x148a28	0xaa3bd0		call   0x140aa3bd0
literal	element-creature-figure-deity	0x148320	0x148ecf	0x148a95	0x15e9110	 and 	lea    rdx,[rip+0x14a0674]        # 0x1415e9110
direct-call	element-creature-figure-deity	0x148320	0x148ecf	0x148a9f	0x6fa10		call   0x14006fa10
direct-call	element-creature-figure-deity	0x148320	0x148ecf	0x148b1d	0x6f8d0		call   0x14006f8d0
direct-call	element-creature-figure-deity	0x148320	0x148ecf	0x148b51	0x153ae14		call   0x14153ae14
literal	element-creature-figure-deity	0x148320	0x148ecf	0x148b6b	0x15fdbb0	female 	lea    rdx,[rip+0x14b503e]        # 0x1415fdbb0
direct-call	element-creature-figure-deity	0x148320	0x148ecf	0x148b75	0x6fa10		call   0x14006fa10
literal	element-creature-figure-deity	0x148320	0x148ecf	0x148b86	0x15fdba8	male 	lea    rdx,[rip+0x14b501b]        # 0x1415fdba8
direct-call	element-creature-figure-deity	0x148320	0x148ecf	0x148b90	0x6fa10		call   0x14006fa10
indirect-call	element-creature-figure-deity	0x148320	0x148ecf	0x148bc1	-		call   QWORD PTR [rip+0x149cf61]        # 0x1415e5b28
direct-call	element-creature-figure-deity	0x148320	0x148ecf	0x148bcb	0x1539680		call   0x141539680
direct-call	element-creature-figure-deity	0x148320	0x148ecf	0x148be5	0x6fa10		call   0x14006fa10
indirect-call	element-creature-figure-deity	0x148320	0x148ecf	0x148c1f	-		call   QWORD PTR [rip+0x149cf03]        # 0x1415e5b28
direct-call	element-creature-figure-deity	0x148320	0x148ecf	0x148c26	0x1539680		call   0x141539680
direct-call	element-creature-figure-deity	0x148320	0x148ecf	0x148c31	0x6f850		call   0x14006f850
literal	element-creature-figure-deity	0x148320	0x148ecf	0x148c4e	0x15ed620	a 	lea    rax,[rip+0x14a49cb]        # 0x1415ed620
literal	element-creature-figure-deity	0x148320	0x148ecf	0x148c55	0x15e8e48	the 	lea    rdx,[rip+0x14a01ec]        # 0x1415e8e48
direct-call	element-creature-figure-deity	0x148320	0x148ecf	0x148c63	0x6fa10		call   0x14006fa10
direct-call	element-creature-figure-deity	0x148320	0x148ecf	0x148cfc	0x6f8d0		call   0x14006f8d0
direct-call	element-creature-figure-deity	0x148320	0x148ecf	0x148d51	0x6f8d0		call   0x14006f8d0
direct-call	element-creature-figure-deity	0x148320	0x148ecf	0x148d72	0x6fa10		call   0x14006fa10
indirect-call	element-creature-figure-deity	0x148320	0x148ecf	0x148dac	-		call   QWORD PTR [rip+0x149cd76]        # 0x1415e5b28
direct-call	element-creature-figure-deity	0x148320	0x148ecf	0x148db3	0x1539680		call   0x141539680
literal	element-creature-figure-deity	0x148320	0x148ecf	0x148dc8	0x15fda88	[/LPAGE]	lea    rdx,[rip+0x14b4cb9]        # 0x1415fda88
literal	element-creature-figure-deity	0x148320	0x148ecf	0x148ddf	0x15e8e48	the 	lea    rdx,[rip+0x14a0062]        # 0x1415e8e48
literal	element-creature-figure-deity	0x148320	0x148ecf	0x148df4	0x15ed620	a 	lea    rdx,[rip+0x14a4825]        # 0x1415ed620
direct-call	element-creature-figure-deity	0x148320	0x148ecf	0x148dfe	0x6fa10		call   0x14006fa10
direct-call	element-creature-figure-deity	0x148320	0x148ecf	0x148e27	0x52e360		call   0x14052e360
direct-call	element-creature-figure-deity	0x148320	0x148ecf	0x148e45	0x6fa10		call   0x14006fa10
literal	element-creature-figure-deity	0x148320	0x148ecf	0x148e50	0x15e873c	 	lea    rdx,[rip+0x149f8e5]        # 0x1415e873c
direct-call	element-creature-figure-deity	0x148320	0x148ecf	0x148e5a	0x6fa10		call   0x14006fa10
direct-call	element-creature-figure-deity	0x148320	0x148ecf	0x148e65	0x6f850		call   0x14006f850
direct-call	element-creature-figure-deity	0x148320	0x148ecf	0x148e7f	0xaa3bd0		call   0x140aa3bd0
direct-call	element-creature-figure-deity	0x148320	0x148ecf	0x148e99	0x6fa10		call   0x14006fa10
direct-call	element-creature-figure-deity	0x148320	0x148ecf	0x148ea3	0x6f850		call   0x14006f850
direct-call	element-creature-figure-deity	0x148320	0x148ecf	0x148eaf	0x1539660		call   0x141539660
formatter	element-item-artifact	0x147b60	0x148112	-	-		
literal	element-item-artifact	0x147b60	0x148112	0x147c33	0x15fdaa8	[LPAGE:ARTIFACT:	lea    rdx,[rip+0x14b5e6e]        # 0x1415fdaa8
direct-call	element-item-artifact	0x147b60	0x148112	0x147c3d	0x6fa10		call   0x14006fa10
direct-call	element-item-artifact	0x147b60	0x148112	0x147c47	0x52c130		call   0x14052c130
literal	element-item-artifact	0x147b60	0x148112	0x147c4f	0x15fd690	]	lea    rdx,[rip+0x14b5a3a]        # 0x1415fd690
direct-call	element-item-artifact	0x147b60	0x148112	0x147c59	0x6fa10		call   0x14006fa10
direct-call	element-item-artifact	0x147b60	0x148112	0x147c83	0xa946e0		call   0x140a946e0
direct-call	element-item-artifact	0x147b60	0x148112	0x147d0c	0x707d0		call   0x1400707d0
direct-call	element-item-artifact	0x147b60	0x148112	0x147d64	0x1539680		call   0x141539680
indirect-call	element-item-artifact	0x147b60	0x148112	0x147d7c	-		call   QWORD PTR [rax]
indirect-call	element-item-artifact	0x147b60	0x148112	0x147d93	-		call   QWORD PTR [rax+0xe0]
indirect-call	element-item-artifact	0x147b60	0x148112	0x147da7	-		call   QWORD PTR [rax]
direct-call	element-item-artifact	0x147b60	0x148112	0x147dc0	0xc65450		call   0x140c65450
direct-call	element-item-artifact	0x147b60	0x148112	0x147e1e	0x707d0		call   0x1400707d0
indirect-call	element-item-artifact	0x147b60	0x148112	0x147e68	-		call   QWORD PTR [rip+0x149dcba]        # 0x1415e5b28
direct-call	element-item-artifact	0x147b60	0x148112	0x147e6f	0x1539680		call   0x141539680
direct-call	element-item-artifact	0x147b60	0x148112	0x147e97	0x6fa10		call   0x14006fa10
literal	element-item-artifact	0x147b60	0x148112	0x147ec2	0x15e956c	 the 	lea    rdx,[rip+0x14a16a3]        # 0x1415e956c
direct-call	element-item-artifact	0x147b60	0x148112	0x147ecc	0x6fa10		call   0x14006fa10
direct-call	element-item-artifact	0x147b60	0x148112	0x147efc	0xc65450		call   0x140c65450
direct-call	element-item-artifact	0x147b60	0x148112	0x147f16	0x6fa10		call   0x14006fa10
indirect-call	element-item-artifact	0x147b60	0x148112	0x147f4e	-		call   QWORD PTR [rip+0x149dbd4]        # 0x1415e5b28
direct-call	element-item-artifact	0x147b60	0x148112	0x147f55	0x1539680		call   0x141539680
literal	element-item-artifact	0x147b60	0x148112	0x147f65	0x15fda88	[/LPAGE]	lea    rdx,[rip+0x14b5b1c]        # 0x1415fda88
direct-call	element-item-artifact	0x147b60	0x148112	0x147f6f	0x6fa10		call   0x14006fa10
indirect-call	element-item-artifact	0x147b60	0x148112	0x147fab	-		call   QWORD PTR [rip+0x149db77]        # 0x1415e5b28
direct-call	element-item-artifact	0x147b60	0x148112	0x147fb2	0x1539680		call   0x141539680
literal	element-item-artifact	0x147b60	0x148112	0x147fc7	0x15e8e48	the 	lea    rdx,[rip+0x14a0e7a]        # 0x1415e8e48
direct-call	element-item-artifact	0x147b60	0x148112	0x147fd1	0x6fa10		call   0x14006fa10
literal	element-item-artifact	0x147b60	0x148112	0x147feb	0x15ed620	a 	lea    rdx,[rip+0x14a562e]        # 0x1415ed620
direct-call	element-item-artifact	0x147b60	0x148112	0x147ff5	0x6fa10		call   0x14006fa10
direct-call	element-item-artifact	0x147b60	0x148112	0x148026	0x52e360		call   0x14052e360
direct-call	element-item-artifact	0x147b60	0x148112	0x148040	0x6fa10		call   0x14006fa10
literal	element-item-artifact	0x147b60	0x148112	0x148048	0x15e873c	 	lea    rdx,[rip+0x14a06ed]        # 0x1415e873c
direct-call	element-item-artifact	0x147b60	0x148112	0x148052	0x6fa10		call   0x14006fa10
indirect-call	element-item-artifact	0x147b60	0x148112	0x14808a	-		call   QWORD PTR [rip+0x149da98]        # 0x1415e5b28
direct-call	element-item-artifact	0x147b60	0x148112	0x148091	0x1539680		call   0x141539680
direct-call	element-item-artifact	0x147b60	0x148112	0x1480e6	0xa82c10		call   0x140a82c10
direct-call	element-item-artifact	0x147b60	0x148112	0x1480f2	0x1539660		call   0x141539660
formatter	element-shape	0x147640	0x14790b	-	-		
literal	element-shape	0x147640	0x14790b	0x1476a2	0x15e8e48	the 	lea    rdx,[rip+0x14a179f]        # 0x1415e8e48
direct-call	element-shape	0x147640	0x14790b	0x1476ac	0x6fa10		call   0x14006fa10
literal	element-shape	0x147640	0x14790b	0x1476c6	0x15ed620	a 	lea    rdx,[rip+0x14a5f53]        # 0x1415ed620
direct-call	element-shape	0x147640	0x14790b	0x1476d0	0x6fa10		call   0x14006fa10
direct-call	element-shape	0x147640	0x14790b	0x1476fb	0x52e360		call   0x14052e360
direct-call	element-shape	0x147640	0x14790b	0x147715	0x6fa10		call   0x14006fa10
literal	element-shape	0x147640	0x14790b	0x147720	0x15e873c	 	lea    rdx,[rip+0x14a1015]        # 0x1415e873c
direct-call	element-shape	0x147640	0x14790b	0x14772a	0x6fa10		call   0x14006fa10
indirect-call	element-shape	0x147640	0x14790b	0x147762	-		call   QWORD PTR [rip+0x149e3c0]        # 0x1415e5b28
direct-call	element-shape	0x147640	0x14790b	0x147769	0x1539680		call   0x141539680
direct-call	element-shape	0x147640	0x14790b	0x1477e8	0x6f8d0		call   0x14006f8d0
direct-call	element-shape	0x147640	0x14790b	0x147807	0x6fa10		call   0x14006fa10
literal	element-shape	0x147640	0x14790b	0x147812	0x15e873c	 	lea    rdx,[rip+0x14a0f23]        # 0x1415e873c
direct-call	element-shape	0x147640	0x14790b	0x14781c	0x6fa10		call   0x14006fa10
direct-call	element-shape	0x147640	0x14790b	0x14788c	0x6f8d0		call   0x14006f8d0
direct-call	element-shape	0x147640	0x14790b	0x1478a6	0x6fa10		call   0x14006fa10
indirect-call	element-shape	0x147640	0x14790b	0x1478de	-		call   QWORD PTR [rip+0x149e244]        # 0x1415e5b28
direct-call	element-shape	0x147640	0x14790b	0x1478e5	0x1539680		call   0x141539680
direct-call	element-shape	0x147640	0x14790b	0x1478f1	0x1539660		call   0x141539660
formatter	element-plant-tree	0x149120	0x14931e	-	-		
literal	element-plant-tree	0x149120	0x14931e	0x149181	0x15e8e48	the 	lea    rdx,[rip+0x149fcc0]        # 0x1415e8e48
direct-call	element-plant-tree	0x149120	0x14931e	0x14918b	0x6fa10		call   0x14006fa10
literal	element-plant-tree	0x149120	0x14931e	0x1491a5	0x15ed620	a 	lea    rdx,[rip+0x14a4474]        # 0x1415ed620
direct-call	element-plant-tree	0x149120	0x14931e	0x1491af	0x6fa10		call   0x14006fa10
direct-call	element-plant-tree	0x149120	0x14931e	0x1491de	0x52e360		call   0x14052e360
direct-call	element-plant-tree	0x149120	0x14931e	0x1491f8	0x6fa10		call   0x14006fa10
literal	element-plant-tree	0x149120	0x14931e	0x149203	0x15e873c	 	lea    rdx,[rip+0x149f532]        # 0x1415e873c
direct-call	element-plant-tree	0x149120	0x14931e	0x14920d	0x6fa10		call   0x14006fa10
indirect-call	element-plant-tree	0x149120	0x14931e	0x149245	-		call   QWORD PTR [rip+0x149c8dd]        # 0x1415e5b28
direct-call	element-plant-tree	0x149120	0x14931e	0x14924c	0x1539680		call   0x141539680
direct-call	element-plant-tree	0x149120	0x14931e	0x1492a4	0x6f8d0		call   0x14006f8d0
direct-call	element-plant-tree	0x149120	0x14931e	0x1492be	0x6fa10		call   0x14006fa10
indirect-call	element-plant-tree	0x149120	0x14931e	0x1492f6	-		call   QWORD PTR [rip+0x149c82c]        # 0x1415e5b28
direct-call	element-plant-tree	0x149120	0x14931e	0x1492fd	0x1539680		call   0x141539680
direct-call	element-plant-tree	0x149120	0x14931e	0x149309	0x1539660		call   0x141539660
formatter	deity-sphere-with-article	0x756500	0x756688	-	-		
literal	deity-sphere-with-article	0x756500	0x756688	0x756568	0x15e8e48	the 	lea    rdx,[rip+0xe928d9]        # 0x1415e8e48
direct-call	deity-sphere-with-article	0x756500	0x756688	0x756572	0x6f8d0		call   0x14006f8d0
direct-call	deity-sphere-with-article	0x756500	0x756688	0x756595	0x756690		call   0x140756690
direct-call	deity-sphere-with-article	0x756500	0x756688	0x7565b3	0x6fa10		call   0x14006fa10
indirect-call	deity-sphere-with-article	0x756500	0x756688	0x7565ed	-		call   QWORD PTR [rip+0xe8f535]        # 0x1415e5b28
direct-call	deity-sphere-with-article	0x756500	0x756688	0x7565f4	0x1539680		call   0x141539680
direct-call	deity-sphere-with-article	0x756500	0x756688	0x756601	0x1539660		call   0x141539660
formatter	deity-sphere-noun-leaf	0x756690	0x757174	-	-		
literal	deity-sphere-noun-leaf	0x756690	0x757174	0x7566b5	0x16a1b08	agriculture	lea    rdx,[rip+0xf4b44c]        # 0x1416a1b08
literal	deity-sphere-noun-leaf	0x756690	0x757174	0x7566ca	0x16a1250	animals	lea    rdx,[rip+0xf4ab7f]        # 0x1416a1250
literal	deity-sphere-noun-leaf	0x756690	0x757174	0x7566df	0x16a1258	art	lea    rdx,[rip+0xf4ab72]        # 0x1416a1258
literal	deity-sphere-noun-leaf	0x756690	0x757174	0x7566f4	0x16a1260	balance	lea    rdx,[rip+0xf4ab65]        # 0x1416a1260
literal	deity-sphere-noun-leaf	0x756690	0x757174	0x756709	0x16a1268	beauty	lea    rdx,[rip+0xf4ab58]        # 0x1416a1268
literal	deity-sphere-noun-leaf	0x756690	0x757174	0x75671e	0x16a1270	birth	lea    rdx,[rip+0xf4ab4b]        # 0x1416a1270
literal	deity-sphere-noun-leaf	0x756690	0x757174	0x756733	0x16a1278	blight	lea    rdx,[rip+0xf4ab3e]        # 0x1416a1278
literal	deity-sphere-noun-leaf	0x756690	0x757174	0x756748	0x16a1280	boundaries	lea    rdx,[rip+0xf4ab31]        # 0x1416a1280
literal	deity-sphere-noun-leaf	0x756690	0x757174	0x75675d	0x16a1290	caverns	lea    rdx,[rip+0xf4ab2c]        # 0x1416a1290
literal	deity-sphere-noun-leaf	0x756690	0x757174	0x756772	0x16a1298	chaos	lea    rdx,[rip+0xf4ab1f]        # 0x1416a1298
literal	deity-sphere-noun-leaf	0x756690	0x757174	0x756787	0x16a12a0	charity	lea    rdx,[rip+0xf4ab12]        # 0x1416a12a0
literal	deity-sphere-noun-leaf	0x756690	0x757174	0x75679c	0x16a12a8	children	lea    rdx,[rip+0xf4ab05]        # 0x1416a12a8
literal	deity-sphere-noun-leaf	0x756690	0x757174	0x7567b1	0x16a12b4	coasts	lea    rdx,[rip+0xf4aafc]        # 0x1416a12b4
literal	deity-sphere-noun-leaf	0x756690	0x757174	0x7567c6	0x16a12c0	consolation	lea    rdx,[rip+0xf4aaf3]        # 0x1416a12c0
literal	deity-sphere-noun-leaf	0x756690	0x757174	0x7567db	0x16a12d0	courage	lea    rdx,[rip+0xf4aaee]        # 0x1416a12d0
literal	deity-sphere-noun-leaf	0x756690	0x757174	0x7567f0	0x16a12d8	crafts	lea    rdx,[rip+0xf4aae1]        # 0x1416a12d8
literal	deity-sphere-noun-leaf	0x756690	0x757174	0x756805	0x16a12e0	creation	lea    rdx,[rip+0xf4aad4]        # 0x1416a12e0
literal	deity-sphere-noun-leaf	0x756690	0x757174	0x75681a	0x15edfc0	dance	lea    rdx,[rip+0xe9779f]        # 0x1415edfc0
literal	deity-sphere-noun-leaf	0x756690	0x757174	0x75682f	0x16a1530	darkness	lea    rdx,[rip+0xf4acfa]        # 0x1416a1530
literal	deity-sphere-noun-leaf	0x756690	0x757174	0x756844	0x16706fc	dawn	lea    rdx,[rip+0xf19eb1]        # 0x1416706fc
literal	deity-sphere-noun-leaf	0x756690	0x757174	0x756859	0x1670704	day	lea    rdx,[rip+0xf19ea4]        # 0x141670704
literal	deity-sphere-noun-leaf	0x756690	0x757174	0x75686e	0x15eddb4	death	lea    rdx,[rip+0xe9753f]        # 0x1415eddb4
literal	deity-sphere-noun-leaf	0x756690	0x757174	0x756883	0x16a1540	deformity	lea    rdx,[rip+0xf4acb6]        # 0x1416a1540
literal	deity-sphere-noun-leaf	0x756690	0x757174	0x756898	0x16a1550	depravity	lea    rdx,[rip+0xf4acb1]        # 0x1416a1550
literal	deity-sphere-noun-leaf	0x756690	0x757174	0x7568ad	0x16a1560	discipline	lea    rdx,[rip+0xf4acac]        # 0x1416a1560
literal	deity-sphere-noun-leaf	0x756690	0x757174	0x7568c2	0x16a1570	disease	lea    rdx,[rip+0xf4aca7]        # 0x1416a1570
literal	deity-sphere-noun-leaf	0x756690	0x757174	0x7568d7	0x16a1578	dreams	lea    rdx,[rip+0xf4ac9a]        # 0x1416a1578
literal	deity-sphere-noun-leaf	0x756690	0x757174	0x7568ec	0x16a1580	dusk	lea    rdx,[rip+0xf4ac8d]        # 0x1416a1580
literal	deity-sphere-noun-leaf	0x756690	0x757174	0x756901	0x1674c00	duty	lea    rdx,[rip+0xf1e2f8]        # 0x141674c00
literal	deity-sphere-noun-leaf	0x756690	0x757174	0x756916	0x16a1588	earth	lea    rdx,[rip+0xf4ac6b]        # 0x1416a1588
literal	deity-sphere-noun-leaf	0x756690	0x757174	0x75692b	0x16415fc	family	lea    rdx,[rip+0xeeacca]        # 0x1416415fc
literal	deity-sphere-noun-leaf	0x756690	0x757174	0x756940	0x16a1590	fame	lea    rdx,[rip+0xf4ac49]        # 0x1416a1590
literal	deity-sphere-noun-leaf	0x756690	0x757174	0x756955	0x16a1598	fate	lea    rdx,[rip+0xf4ac3c]        # 0x1416a1598
literal	deity-sphere-noun-leaf	0x756690	0x757174	0x75696a	0x16a15a0	fertility	lea    rdx,[rip+0xf4ac2f]        # 0x1416a15a0
literal	deity-sphere-noun-leaf	0x756690	0x757174	0x75697f	0x16a15b0	festivals	lea    rdx,[rip+0xf4ac2a]        # 0x1416a15b0
literal	deity-sphere-noun-leaf	0x756690	0x757174	0x756994	0x16a15bc	fire	lea    rdx,[rip+0xf4ac21]        # 0x1416a15bc
literal	deity-sphere-noun-leaf	0x756690	0x757174	0x7569a9	0x16a11f0	fish	lea    rdx,[rip+0xf4a840]        # 0x1416a11f0
literal	deity-sphere-noun-leaf	0x756690	0x757174	0x7569be	0x16a15c8	fishing	lea    rdx,[rip+0xf4ac03]        # 0x1416a15c8
literal	deity-sphere-noun-leaf	0x756690	0x757174	0x7569d3	0x16a15d0	food	lea    rdx,[rip+0xf4abf6]        # 0x1416a15d0
literal	deity-sphere-noun-leaf	0x756690	0x757174	0x7569e8	0x16a15d8	forgiveness	lea    rdx,[rip+0xf4abe9]        # 0x1416a15d8
literal	deity-sphere-noun-leaf	0x756690	0x757174	0x7569fd	0x16a1470	fortresses	lea    rdx,[rip+0xf4aa6c]        # 0x1416a1470
literal	deity-sphere-noun-leaf	0x756690	0x757174	0x756a12	0x16a1480	freedom	lea    rdx,[rip+0xf4aa67]        # 0x1416a1480
literal	deity-sphere-noun-leaf	0x756690	0x757174	0x756a27	0x16a11f8	gambling	lea    rdx,[rip+0xf4a7ca]        # 0x1416a11f8
literal	deity-sphere-noun-leaf	0x756690	0x757174	0x756a3c	0x16a1488	games	lea    rdx,[rip+0xf4aa45]        # 0x1416a1488
literal	deity-sphere-noun-leaf	0x756690	0x757174	0x756a51	0x16a1490	generosity	lea    rdx,[rip+0xf4aa38]        # 0x1416a1490
literal	deity-sphere-noun-leaf	0x756690	0x757174	0x756a66	0x1670a58	happiness	lea    rdx,[rip+0xf19feb]        # 0x141670a58
literal	deity-sphere-noun-leaf	0x756690	0x757174	0x756a7b	0x16a1208	healing	lea    rdx,[rip+0xf4a786]        # 0x1416a1208
literal	deity-sphere-noun-leaf	0x756690	0x757174	0x756a90	0x16a14a0	hospitality	lea    rdx,[rip+0xf4aa09]        # 0x1416a14a0
literal	deity-sphere-noun-leaf	0x756690	0x757174	0x756aa5	0x16a1210	hunting	lea    rdx,[rip+0xf4a764]        # 0x1416a1210
literal	deity-sphere-noun-leaf	0x756690	0x757174	0x756aba	0x16a14b0	inspiration	lea    rdx,[rip+0xf4a9ef]        # 0x1416a14b0
literal	deity-sphere-noun-leaf	0x756690	0x757174	0x756acf	0x16a14c0	jealousy	lea    rdx,[rip+0xf4a9ea]        # 0x1416a14c0
literal	deity-sphere-noun-leaf	0x756690	0x757174	0x756ae4	0x16a14cc	jewels	lea    rdx,[rip+0xf4a9e1]        # 0x1416a14cc
literal	deity-sphere-noun-leaf	0x756690	0x757174	0x756af9	0x16a14d8	justice	lea    rdx,[rip+0xf4a9d8]        # 0x1416a14d8
literal	deity-sphere-noun-leaf	0x756690	0x757174	0x756b0e	0x15ede6c	labor	lea    rdx,[rip+0xe97357]        # 0x1415ede6c
literal	deity-sphere-noun-leaf	0x756690	0x757174	0x756b23	0x16a14e0	lakes	lea    rdx,[rip+0xf4a9b6]        # 0x1416a14e0
literal	deity-sphere-noun-leaf	0x756690	0x757174	0x756b38	0x16a14e8	laws	lea    rdx,[rip+0xf4a9a9]        # 0x1416a14e8
literal	deity-sphere-noun-leaf	0x756690	0x757174	0x756b4d	0x16a14f0	lies	lea    rdx,[rip+0xf4a99c]        # 0x1416a14f0
literal	deity-sphere-noun-leaf	0x756690	0x757174	0x756b62	0x167607c	light	lea    rdx,[rip+0xf1f513]        # 0x14167607c
literal	deity-sphere-noun-leaf	0x756690	0x757174	0x756b77	0x16a14f8	lightning	lea    rdx,[rip+0xf4a97a]        # 0x1416a14f8
literal	deity-sphere-noun-leaf	0x756690	0x757174	0x756b8c	0x16a1508	longevity	lea    rdx,[rip+0xf4a975]        # 0x1416a1508
literal	deity-sphere-noun-leaf	0x756690	0x757174	0x756ba1	0x16025ec	love	lea    rdx,[rip+0xeaba44]        # 0x1416025ec
literal	deity-sphere-noun-leaf	0x756690	0x757174	0x756bb6	0x16415b0	loyalty	lea    rdx,[rip+0xeea9f3]        # 0x1416415b0
literal	deity-sphere-noun-leaf	0x756690	0x757174	0x756bcb	0x16a1514	luck	lea    rdx,[rip+0xf4a942]        # 0x1416a1514
literal	deity-sphere-noun-leaf	0x756690	0x757174	0x756be0	0x1670fac	lust	lea    rdx,[rip+0xf1a3c5]        # 0x141670fac
literal	deity-sphere-noun-leaf	0x756690	0x757174	0x756bf5	0x16a1520	marriage	lea    rdx,[rip+0xf4a924]        # 0x1416a1520
literal	deity-sphere-noun-leaf	0x756690	0x757174	0x756c0a	0x16a13bc	mercy	lea    rdx,[rip+0xf4a7ab]        # 0x1416a13bc
literal	deity-sphere-noun-leaf	0x756690	0x757174	0x756c1f	0x16a13c4	metals	lea    rdx,[rip+0xf4a79e]        # 0x1416a13c4
literal	deity-sphere-noun-leaf	0x756690	0x757174	0x756c34	0x16a13d0	minerals	lea    rdx,[rip+0xf4a795]        # 0x1416a13d0
literal	deity-sphere-noun-leaf	0x756690	0x757174	0x756c49	0x1670f84	misery	lea    rdx,[rip+0xf1a334]        # 0x141670f84
literal	deity-sphere-noun-leaf	0x756690	0x757174	0x756c5e	0x16a13dc	mist	lea    rdx,[rip+0xf4a777]        # 0x1416a13dc
literal	deity-sphere-noun-leaf	0x756690	0x757174	0x756c73	0x16a13e4	moon	lea    rdx,[rip+0xf4a76a]        # 0x1416a13e4
literal	deity-sphere-noun-leaf	0x756690	0x757174	0x756c88	0x164c4a8	mountains	lea    rdx,[rip+0xef5819]        # 0x14164c4a8
literal	deity-sphere-noun-leaf	0x756690	0x757174	0x756c9d	0x16a13ec	muck	lea    rdx,[rip+0xf4a748]        # 0x1416a13ec
literal	deity-sphere-noun-leaf	0x756690	0x757174	0x756cb2	0x15ede54	murder	lea    rdx,[rip+0xe9719b]        # 0x1415ede54
literal	deity-sphere-noun-leaf	0x756690	0x757174	0x756cc7	0x15eb50c	music	lea    rdx,[rip+0xe9483e]        # 0x1415eb50c
literal	deity-sphere-noun-leaf	0x756690	0x757174	0x756cdc	0x16416ec	nature	lea    rdx,[rip+0xeeaa09]        # 0x1416416ec
literal	deity-sphere-noun-leaf	0x756690	0x757174	0x756cf1	0x1670434	night	lea    rdx,[rip+0xf1973c]        # 0x141670434
literal	deity-sphere-noun-leaf	0x756690	0x757174	0x756d06	0x16a13f8	nightmares	lea    rdx,[rip+0xf4a6eb]        # 0x1416a13f8
literal	deity-sphere-noun-leaf	0x756690	0x757174	0x756d1b	0x16a1404	oaths	lea    rdx,[rip+0xf4a6e2]        # 0x1416a1404
literal	deity-sphere-noun-leaf	0x756690	0x757174	0x756d30	0x16a140c	oceans	lea    rdx,[rip+0xf4a6d5]        # 0x1416a140c
literal	deity-sphere-noun-leaf	0x756690	0x757174	0x756d45	0x15eddcc	order	lea    rdx,[rip+0xe97080]        # 0x1415eddcc
literal	deity-sphere-noun-leaf	0x756690	0x757174	0x756d5a	0x16a1418	painting	lea    rdx,[rip+0xf4a6b7]        # 0x1416a1418
literal	deity-sphere-noun-leaf	0x756690	0x757174	0x756d6f	0x15ee0cc	peace	lea    rdx,[rip+0xe97356]        # 0x1415ee0cc
literal	deity-sphere-noun-leaf	0x756690	0x757174	0x756d84	0x16a1428	persuasion	lea    rdx,[rip+0xf4a69d]        # 0x1416a1428
literal	deity-sphere-noun-leaf	0x756690	0x757174	0x756d99	0x16a1434	plants	lea    rdx,[rip+0xf4a694]        # 0x1416a1434
literal	deity-sphere-noun-leaf	0x756690	0x757174	0x756dae	0x161b6dc	poetry	lea    rdx,[rip+0xec4927]        # 0x14161b6dc
literal	deity-sphere-noun-leaf	0x756690	0x757174	0x756dc3	0x16a1440	pregnancy	lea    rdx,[rip+0xf4a676]        # 0x1416a1440
literal	deity-sphere-noun-leaf	0x756690	0x757174	0x756dd8	0x164bfac	rain	lea    rdx,[rip+0xef51cd]        # 0x14164bfac
literal	deity-sphere-noun-leaf	0x756690	0x757174	0x756ded	0x16a1450	rainbows	lea    rdx,[rip+0xf4a65c]        # 0x1416a1450
literal	deity-sphere-noun-leaf	0x756690	0x757174	0x756e02	0x16a1460	rebirth	lea    rdx,[rip+0xf4a657]        # 0x1416a1460
literal	deity-sphere-noun-leaf	0x756690	0x757174	0x756e17	0x16a1468	revelry	lea    rdx,[rip+0xf4a64a]        # 0x1416a1468
literal	deity-sphere-noun-leaf	0x756690	0x757174	0x756e2c	0x16a1320	revenge	lea    rdx,[rip+0xf4a4ed]        # 0x1416a1320
literal	deity-sphere-noun-leaf	0x756690	0x757174	0x756e41	0x16a1328	rivers	lea    rdx,[rip+0xf4a4e0]        # 0x1416a1328
literal	deity-sphere-noun-leaf	0x756690	0x757174	0x756e56	0x16a1330	rulership	lea    rdx,[rip+0xf4a4d3]        # 0x1416a1330
literal	deity-sphere-noun-leaf	0x756690	0x757174	0x756e6b	0x16a133c	rumors	lea    rdx,[rip+0xf4a4ca]        # 0x1416a133c
literal	deity-sphere-noun-leaf	0x756690	0x757174	0x756e80	0x1641708	sacrifice	lea    rdx,[rip+0xeea881]        # 0x141641708
literal	deity-sphere-noun-leaf	0x756690	0x757174	0x756e95	0x16a1344	salt	lea    rdx,[rip+0xf4a4a8]        # 0x1416a1344
literal	deity-sphere-noun-leaf	0x756690	0x757174	0x756eaa	0x16a1350	scholarship	lea    rdx,[rip+0xf4a49f]        # 0x1416a1350
literal	deity-sphere-noun-leaf	0x756690	0x757174	0x756ebf	0x16a1360	seasons	lea    rdx,[rip+0xf4a49a]        # 0x1416a1360
literal	deity-sphere-noun-leaf	0x756690	0x757174	0x756ed4	0x16a1368	silence	lea    rdx,[rip+0xf4a48d]        # 0x1416a1368
literal	deity-sphere-noun-leaf	0x756690	0x757174	0x756ee9	0x164c52c	sky	lea    rdx,[rip+0xef563c]        # 0x14164c52c
literal	deity-sphere-noun-leaf	0x756690	0x757174	0x756efe	0x15e9510	song	lea    rdx,[rip+0xe9260b]        # 0x1415e9510
literal	deity-sphere-noun-leaf	0x756690	0x757174	0x756f13	0x16a1370	speech	lea    rdx,[rip+0xf4a456]        # 0x1416a1370
literal	deity-sphere-noun-leaf	0x756690	0x757174	0x756f28	0x16a1378	stars	lea    rdx,[rip+0xf4a449]        # 0x1416a1378
literal	deity-sphere-noun-leaf	0x756690	0x757174	0x756f3d	0x16a1380	storms	lea    rdx,[rip+0xf4a43c]        # 0x1416a1380
literal	deity-sphere-noun-leaf	0x756690	0x757174	0x756f52	0x1661fd8	strength	lea    rdx,[rip+0xf0b07f]        # 0x141661fd8
literal	deity-sphere-noun-leaf	0x756690	0x757174	0x756f67	0x16a1388	suicide	lea    rdx,[rip+0xf4a41a]        # 0x1416a1388
literal	deity-sphere-noun-leaf	0x756690	0x757174	0x756f7c	0x16a1390	sun	lea    rdx,[rip+0xf4a40d]        # 0x1416a1390
literal	deity-sphere-noun-leaf	0x756690	0x757174	0x756f91	0x15edefc	theft	lea    rdx,[rip+0xe96f64]        # 0x1415edefc
literal	deity-sphere-noun-leaf	0x756690	0x757174	0x756fa6	0x16a1398	thralldom	lea    rdx,[rip+0xf4a3eb]        # 0x1416a1398
literal	deity-sphere-noun-leaf	0x756690	0x757174	0x756fbb	0x16a13a8	thunder	lea    rdx,[rip+0xf4a3e6]        # 0x1416a13a8
literal	deity-sphere-noun-leaf	0x756690	0x757174	0x756fd0	0x1643a58	torture	lea    rdx,[rip+0xeeca81]        # 0x141643a58
literal	deity-sphere-noun-leaf	0x756690	0x757174	0x756fe5	0x164fbc4	trade	lea    rdx,[rip+0xef8bd8]        # 0x14164fbc4
literal	deity-sphere-noun-leaf	0x756690	0x757174	0x756ffa	0x16a13b0	travelers	lea    rdx,[rip+0xf4a3af]        # 0x1416a13b0
literal	deity-sphere-noun-leaf	0x756690	0x757174	0x75700f	0x16a1aa0	treachery	lea    rdx,[rip+0xf4aa8a]        # 0x1416a1aa0
literal	deity-sphere-noun-leaf	0x756690	0x757174	0x757024	0x16a1aac	trees	lea    rdx,[rip+0xf4aa81]        # 0x1416a1aac
literal	deity-sphere-noun-leaf	0x756690	0x757174	0x757039	0x16a1ab8	trickery	lea    rdx,[rip+0xf4aa78]        # 0x1416a1ab8
literal	deity-sphere-noun-leaf	0x756690	0x757174	0x75704e	0x16415dc	truth	lea    rdx,[rip+0xeea587]        # 0x1416415dc
literal	deity-sphere-noun-leaf	0x756690	0x757174	0x757063	0x16a12f8	twilight	lea    rdx,[rip+0xf4a28e]        # 0x1416a12f8
literal	deity-sphere-noun-leaf	0x756690	0x757174	0x757078	0x16a1ac4	valor	lea    rdx,[rip+0xf4aa45]        # 0x1416a1ac4
literal	deity-sphere-noun-leaf	0x756690	0x757174	0x75708d	0x16a1ad0	victory	lea    rdx,[rip+0xf4aa3c]        # 0x1416a1ad0
literal	deity-sphere-noun-leaf	0x756690	0x757174	0x7570a2	0x16a1ad8	volcanos	lea    rdx,[rip+0xf4aa2f]        # 0x1416a1ad8
literal	deity-sphere-noun-leaf	0x756690	0x757174	0x7570b7	0x1649be4	war	lea    rdx,[rip+0xef2b26]        # 0x141649be4
literal	deity-sphere-noun-leaf	0x756690	0x757174	0x7570cc	0x164b874	water	lea    rdx,[rip+0xef47a1]        # 0x14164b874
literal	deity-sphere-noun-leaf	0x756690	0x757174	0x7570e1	0x16a1ae4	wealth	lea    rdx,[rip+0xf4a9fc]        # 0x1416a1ae4
literal	deity-sphere-noun-leaf	0x756690	0x757174	0x7570f6	0x1674ef0	weather	lea    rdx,[rip+0xf1ddf3]        # 0x141674ef0
literal	deity-sphere-noun-leaf	0x756690	0x757174	0x75710b	0x16a1aec	wind	lea    rdx,[rip+0xf4a9da]        # 0x1416a1aec
literal	deity-sphere-noun-leaf	0x756690	0x757174	0x757120	0x16a1af4	wisdom	lea    rdx,[rip+0xf4a9cd]        # 0x1416a1af4
literal	deity-sphere-noun-leaf	0x756690	0x757174	0x757135	0x15edca0	writing	lea    rdx,[rip+0xe96b64]        # 0x1415edca0
literal	deity-sphere-noun-leaf	0x756690	0x757174	0x75714a	0x16a1afc	youth	lea    rdx,[rip+0xf4a9ab]        # 0x1416a1afc
literal	deity-sphere-noun-leaf	0x756690	0x757174	0x75715f	0x16a1310	no sphere	lea    rdx,[rip+0xf4a1aa]        # 0x1416a1310
formatter	item-cloth-material	0xcacd70	0xcad269	-	-		
literal	item-cloth-material	0xcacd70	0xcad269	0xcacdcd	0x16ee7f8	It is made from 	lea    rdx,[rip+0xa41a24]        # 0x1416ee7f8
direct-call	item-cloth-material	0xcacd70	0xcad269	0xcacdd7	0x6f8d0		call   0x14006f8d0
literal	item-cloth-material	0xcacd70	0xcad269	0xcace02	0x16de158	masterful 	lea    rdx,[rip+0xa3134f]        # 0x1416de158
literal	item-cloth-material	0xcacd70	0xcad269	0xcace11	0x16eeb60	exceptional 	lea    rdx,[rip+0xa41d48]        # 0x1416eeb60
literal	item-cloth-material	0xcacd70	0xcad269	0xcace20	0x16ee0c0	superior quality 	lea    rdx,[rip+0xa41299]        # 0x1416ee0c0
literal	item-cloth-material	0xcacd70	0xcad269	0xcace2c	0x16ee070	finely-crafted 	lea    rdx,[rip+0xa4123d]        # 0x1416ee070
literal	item-cloth-material	0xcacd70	0xcad269	0xcace3b	0x16ee080	well-crafted 	lea    rdx,[rip+0xa4123e]        # 0x1416ee080
direct-call	item-cloth-material	0xcacd70	0xcad269	0xcace45	0x6fa10		call   0x14006fa10
direct-call	item-cloth-material	0xcacd70	0xcad269	0xcacf31	0x72570		call   0x140072570
direct-call	item-cloth-material	0xcacd70	0xcad269	0xcacf3e	0xc3a4f0		call   0x140c3a4f0
direct-call	item-cloth-material	0xcacd70	0xcad269	0xcacf61	0xa946e0		call   0x140a946e0
direct-call	item-cloth-material	0xcacd70	0xcad269	0xcacf82	0x6fa10		call   0x14006fa10
literal	item-cloth-material	0xcacd70	0xcad269	0xcacf8d	0x15edb24	's 	lea    rdx,[rip+0x940b90]        # 0x1415edb24
direct-call	item-cloth-material	0xcacd70	0xcad269	0xcacf98	0x6fa10		call   0x14006fa10
indirect-call	item-cloth-material	0xcacd70	0xcad269	0xcacfd0	-		call   QWORD PTR [rip+0x938b52]        # 0x1415e5b28
direct-call	item-cloth-material	0xcacd70	0xcad269	0xcacfd7	0x1539680		call   0x141539680
direct-call	item-cloth-material	0xcacd70	0xcad269	0xcacff0	0x14add70		call   0x1414add70
direct-call	item-cloth-material	0xcacd70	0xcad269	0xcad020	0x6fa10		call   0x14006fa10
literal	item-cloth-material	0xcacd70	0xcad269	0xcad02b	0x15e873c	 	lea    rdx,[rip+0x93b70a]        # 0x1415e873c
direct-call	item-cloth-material	0xcacd70	0xcad269	0xcad036	0x6fa10		call   0x14006fa10
literal	item-cloth-material	0xcacd70	0xcad269	0xcad052	0x1789108	unknown material	lea    rdx,[rip+0xadc0af]        # 0x141789108
direct-call	item-cloth-material	0xcacd70	0xcad269	0xcad060	0x6fa10		call   0x14006fa10
direct-call	item-cloth-material	0xcacd70	0xcad269	0xcad07a	0x6fa10		call   0x14006fa10
literal	item-cloth-material	0xcacd70	0xcad269	0xcad085	0x16deb08	 cloth	lea    rdx,[rip+0xa31a7c]        # 0x1416deb08
direct-call	item-cloth-material	0xcacd70	0xcad269	0xcad08f	0x6fa10		call   0x14006fa10
literal	item-cloth-material	0xcacd70	0xcad269	0xcad11b	0x16eeb50	 woven by 	lea    rdx,[rip+0xa41a2e]        # 0x1416eeb50
direct-call	item-cloth-material	0xcacd70	0xcad269	0xcad125	0x6fa10		call   0x14006fa10
literal	item-cloth-material	0xcacd70	0xcad269	0xcad138	0x15fdb08	[LPAGE:HF:	lea    rdx,[rip+0x9509c9]        # 0x1415fdb08
direct-call	item-cloth-material	0xcacd70	0xcad269	0xcad142	0x6fa10		call   0x14006fa10
direct-call	item-cloth-material	0xcacd70	0xcad269	0xcad150	0x52c130		call   0x14052c130
literal	item-cloth-material	0xcacd70	0xcad269	0xcad15b	0x15fd690	]	lea    rdx,[rip+0x95052e]        # 0x1415fd690
direct-call	item-cloth-material	0xcacd70	0xcad269	0xcad165	0x6fa10		call   0x14006fa10
direct-call	item-cloth-material	0xcacd70	0xcad269	0xcad18e	0x72570		call   0x140072570
direct-call	item-cloth-material	0xcacd70	0xcad269	0xcad19b	0xc3a4f0		call   0x140c3a4f0
direct-call	item-cloth-material	0xcacd70	0xcad269	0xcad1b8	0xa94030		call   0x140a94030
direct-call	item-cloth-material	0xcacd70	0xcad269	0xcad1d2	0x6fa10		call   0x14006fa10
literal	item-cloth-material	0xcacd70	0xcad269	0xcad1e1	0x15fda88	[/LPAGE]	lea    rdx,[rip+0x9508a0]        # 0x1415fda88
direct-call	item-cloth-material	0xcacd70	0xcad269	0xcad1eb	0x6fa10		call   0x14006fa10
literal	item-cloth-material	0xcacd70	0xcad269	0xcad1f6	0x15fd968	.  	lea    rdx,[rip+0x95076b]        # 0x1415fd968
direct-call	item-cloth-material	0xcacd70	0xcad269	0xcad200	0x6fa10		call   0x14006fa10
indirect-call	item-cloth-material	0xcacd70	0xcad269	0xcad238	-		call   QWORD PTR [rip+0x9388ea]        # 0x1415e5b28
direct-call	item-cloth-material	0xcacd70	0xcad269	0xcad23f	0x1539680		call   0x141539680
direct-call	item-cloth-material	0xcacd70	0xcad269	0xcad24b	0x1539660		call   0x141539660
formatter	item-thread-dye	0xcad270	0xcadcac	-	-		
literal	item-thread-dye	0xcad270	0xcadcac	0xcad2f7	0x16ee650	The thread is 	lea    rdx,[rip+0xa41352]        # 0x1416ee650
direct-call	item-thread-dye	0xcad270	0xcadcac	0xcad301	0x6fa10		call   0x14006fa10
direct-call	item-thread-dye	0xcad270	0xcadcac	0xcad317	0x145c2b0		call   0x14145c2b0
literal	item-thread-dye	0xcad270	0xcadcac	0xcad34f	0x16ee644	gray	lea    rdx,[rip+0xa412ee]        # 0x1416ee644
direct-call	item-thread-dye	0xcad270	0xcadcac	0xcad35f	0x6fa10		call   0x14006fa10
literal	item-thread-dye	0xcad270	0xcadcac	0xcad372	0x15e90d8	, 	lea    rdx,[rip+0x93bd5f]        # 0x1415e90d8
direct-call	item-thread-dye	0xcad270	0xcadcac	0xcad37c	0x6fa10		call   0x14006fa10
literal	item-thread-dye	0xcad270	0xcadcac	0xcad3a2	0x16ee158	masterfully 	lea    rdx,[rip+0xa40daf]        # 0x1416ee158
literal	item-thread-dye	0xcad270	0xcadcac	0xcad3b1	0x16ee168	exceptionally 	lea    rdx,[rip+0xa40db0]        # 0x1416ee168
literal	item-thread-dye	0xcad270	0xcadcac	0xcad3c0	0x16ee638	superbly 	lea    rdx,[rip+0xa41271]        # 0x1416ee638
literal	item-thread-dye	0xcad270	0xcadcac	0xcad3cf	0x16ee188	finely 	lea    rdx,[rip+0xa40db2]        # 0x1416ee188
literal	item-thread-dye	0xcad270	0xcadcac	0xcad3de	0x16ee190	well-	lea    rdx,[rip+0xa40dab]        # 0x1416ee190
direct-call	item-thread-dye	0xcad270	0xcadcac	0xcad3e8	0x6fa10		call   0x14006fa10
literal	item-thread-dye	0xcad270	0xcadcac	0xcad3f3	0x16ee630	colored	lea    rdx,[rip+0xa41236]        # 0x1416ee630
direct-call	item-thread-dye	0xcad270	0xcadcac	0xcad3fd	0x6fa10		call   0x14006fa10
direct-call	item-thread-dye	0xcad270	0xcadcac	0xcad4c9	0x70e20		call   0x140070e20
direct-call	item-thread-dye	0xcad270	0xcadcac	0xcad500	0x70e20		call   0x140070e20
literal	item-thread-dye	0xcad270	0xcadcac	0xcad540	0x15ee5e0	 with 	lea    rdx,[rip+0x941099]        # 0x1415ee5e0
direct-call	item-thread-dye	0xcad270	0xcadcac	0xcad54f	0x6fa10		call   0x14006fa10
literal	item-thread-dye	0xcad270	0xcadcac	0xcad56c	0x16ee620	a mixture of 	lea    rdx,[rip+0xa410ad]        # 0x1416ee620
direct-call	item-thread-dye	0xcad270	0xcadcac	0xcad576	0x6fa10		call   0x14006fa10
literal	item-thread-dye	0xcad270	0xcadcac	0xcad5a9	0x1789108	unknown material	lea    r15,[rip+0xadbb58]        # 0x141789108
direct-call	item-thread-dye	0xcad270	0xcadcac	0xcad6a7	0x72570		call   0x140072570
direct-call	item-thread-dye	0xcad270	0xcadcac	0xcad6b4	0xc3a4f0		call   0x140c3a4f0
direct-call	item-thread-dye	0xcad270	0xcadcac	0xcad6d7	0xa946e0		call   0x140a946e0
direct-call	item-thread-dye	0xcad270	0xcadcac	0xcad6f8	0x6fa10		call   0x14006fa10
literal	item-thread-dye	0xcad270	0xcadcac	0xcad703	0x15edb24	's 	lea    rdx,[rip+0x94041a]        # 0x1415edb24
direct-call	item-thread-dye	0xcad270	0xcadcac	0xcad70e	0x6fa10		call   0x14006fa10
direct-call	item-thread-dye	0xcad270	0xcadcac	0xcad74a	0x1539680		call   0x141539680
literal	item-thread-dye	0xcad270	0xcadcac	0xcad74f	0x1789108	unknown material	lea    r15,[rip+0xadb9b2]        # 0x141789108
direct-call	item-thread-dye	0xcad270	0xcadcac	0xcad76a	0x14add70		call   0x1414add70
direct-call	item-thread-dye	0xcad270	0xcadcac	0xcad79a	0x6fa10		call   0x14006fa10
literal	item-thread-dye	0xcad270	0xcadcac	0xcad7a5	0x15e873c	 	lea    rdx,[rip+0x93af90]        # 0x1415e873c
direct-call	item-thread-dye	0xcad270	0xcadcac	0xcad7b0	0x6fa10		call   0x14006fa10
direct-call	item-thread-dye	0xcad270	0xcadcac	0xcad7d9	0x6fa10		call   0x14006fa10
direct-call	item-thread-dye	0xcad270	0xcadcac	0xcad7f3	0x6fa10		call   0x14006fa10
literal	item-thread-dye	0xcad270	0xcadcac	0xcad811	0x15e90d8	, 	lea    rdx,[rip+0x93b8c0]        # 0x1415e90d8
direct-call	item-thread-dye	0xcad270	0xcadcac	0xcad81b	0x6fa10		call   0x14006fa10
literal	item-thread-dye	0xcad270	0xcadcac	0xcad834	0x15e873c	 	lea    rdx,[rip+0x93af01]        # 0x1415e873c
direct-call	item-thread-dye	0xcad270	0xcadcac	0xcad83e	0x6fa10		call   0x14006fa10
literal	item-thread-dye	0xcad270	0xcadcac	0xcad849	0x16ee614	and 	lea    rdx,[rip+0xa40dc4]        # 0x1416ee614
direct-call	item-thread-dye	0xcad270	0xcadcac	0xcad853	0x6fa10		call   0x14006fa10
direct-call	item-thread-dye	0xcad270	0xcadcac	0xcad85d	0x6f850		call   0x14006f850
indirect-call	item-thread-dye	0xcad270	0xcadcac	0xcad898	-		call   QWORD PTR [rip+0x93828a]        # 0x1415e5b28
direct-call	item-thread-dye	0xcad270	0xcadcac	0xcad8a4	0x6f750		call   0x14006f750
direct-call	item-thread-dye	0xcad270	0xcadcac	0xcad8af	0x6f750		call   0x14006f750
literal	item-thread-dye	0xcad270	0xcadcac	0xcad8bf	0x15ee5e0	 with 	lea    rdx,[rip+0x940d1a]        # 0x1415ee5e0
direct-call	item-thread-dye	0xcad270	0xcadcac	0xcad8c9	0x6fa10		call   0x14006fa10
direct-call	item-thread-dye	0xcad270	0xcadcac	0xcad9b6	0x72570		call   0x140072570
direct-call	item-thread-dye	0xcad270	0xcadcac	0xcad9c3	0xc3a4f0		call   0x140c3a4f0
direct-call	item-thread-dye	0xcad270	0xcadcac	0xcad9e6	0xa946e0		call   0x140a946e0
direct-call	item-thread-dye	0xcad270	0xcadcac	0xcada07	0x6fa10		call   0x14006fa10
literal	item-thread-dye	0xcad270	0xcadcac	0xcada12	0x15edb24	's 	lea    rdx,[rip+0x94010b]        # 0x1415edb24
direct-call	item-thread-dye	0xcad270	0xcadcac	0xcada1d	0x6fa10		call   0x14006fa10
indirect-call	item-thread-dye	0xcad270	0xcadcac	0xcada55	-		call   QWORD PTR [rip+0x9380cd]        # 0x1415e5b28
direct-call	item-thread-dye	0xcad270	0xcadcac	0xcada5c	0x1539680		call   0x141539680
direct-call	item-thread-dye	0xcad270	0xcadcac	0xcada6f	0x14add70		call   0x1414add70
direct-call	item-thread-dye	0xcad270	0xcadcac	0xcada9f	0x6fa10		call   0x14006fa10
literal	item-thread-dye	0xcad270	0xcadcac	0xcadaaa	0x15e873c	 	lea    rdx,[rip+0x93ac8b]        # 0x1415e873c
direct-call	item-thread-dye	0xcad270	0xcadcac	0xcadab5	0x6fa10		call   0x14006fa10
literal	item-thread-dye	0xcad270	0xcadcac	0xcadad1	0x1789108	unknown material	lea    rax,[rip+0xadb630]        # 0x141789108
direct-call	item-thread-dye	0xcad270	0xcadcac	0xcadae7	0x6fa10		call   0x14006fa10
direct-call	item-thread-dye	0xcad270	0xcadcac	0xcadb01	0x6fa10		call   0x14006fa10
literal	item-thread-dye	0xcad270	0xcadcac	0xcadb8e	0x15eda08	 by 	lea    rdx,[rip+0x93fe73]        # 0x1415eda08
direct-call	item-thread-dye	0xcad270	0xcadcac	0xcadb98	0x6fa10		call   0x14006fa10
literal	item-thread-dye	0xcad270	0xcadcac	0xcadbac	0x15fdb08	[LPAGE:HF:	lea    rdx,[rip+0x94ff55]        # 0x1415fdb08
direct-call	item-thread-dye	0xcad270	0xcadcac	0xcadbb6	0x6fa10		call   0x14006fa10
direct-call	item-thread-dye	0xcad270	0xcadcac	0xcadbc4	0x52c130		call   0x14052c130
literal	item-thread-dye	0xcad270	0xcadcac	0xcadbcf	0x15fd690	]	lea    rdx,[rip+0x94faba]        # 0x1415fd690
direct-call	item-thread-dye	0xcad270	0xcadcac	0xcadbd9	0x6fa10		call   0x14006fa10
direct-call	item-thread-dye	0xcad270	0xcadcac	0xcadc02	0x72570		call   0x140072570
direct-call	item-thread-dye	0xcad270	0xcadcac	0xcadc0f	0xc3a4f0		call   0x140c3a4f0
direct-call	item-thread-dye	0xcad270	0xcadcac	0xcadc2c	0xa94030		call   0x140a94030
direct-call	item-thread-dye	0xcad270	0xcadcac	0xcadc46	0x6fa10		call   0x14006fa10
literal	item-thread-dye	0xcad270	0xcadcac	0xcadc57	0x15fda88	[/LPAGE]	lea    rdx,[rip+0x94fe2a]        # 0x1415fda88
direct-call	item-thread-dye	0xcad270	0xcadcac	0xcadc61	0x6fa10		call   0x14006fa10
literal	item-thread-dye	0xcad270	0xcadcac	0xcadc6c	0x15fd968	.  	lea    rdx,[rip+0x94fcf5]        # 0x1415fd968
direct-call	item-thread-dye	0xcad270	0xcadcac	0xcadc76	0x6fa10		call   0x14006fa10
direct-call	item-thread-dye	0xcad270	0xcadcac	0xcadc80	0x6f850		call   0x14006f850
direct-call	item-thread-dye	0xcad270	0xcadcac	0xcadc8c	0x1539660		call   0x141539660
formatter	item-object-dye	0xcadcb0	0xcae6ec	-	-		
literal	item-object-dye	0xcadcb0	0xcae6ec	0xcadd37	0x16eeb40	The object is 	lea    rdx,[rip+0xa40e02]        # 0x1416eeb40
direct-call	item-object-dye	0xcadcb0	0xcae6ec	0xcadd41	0x6fa10		call   0x14006fa10
direct-call	item-object-dye	0xcadcb0	0xcae6ec	0xcadd57	0x145c2b0		call   0x14145c2b0
literal	item-object-dye	0xcadcb0	0xcae6ec	0xcadd8f	0x16ee644	gray	lea    rdx,[rip+0xa408ae]        # 0x1416ee644
direct-call	item-object-dye	0xcadcb0	0xcae6ec	0xcadd9f	0x6fa10		call   0x14006fa10
literal	item-object-dye	0xcadcb0	0xcae6ec	0xcaddb2	0x15e90d8	, 	lea    rdx,[rip+0x93b31f]        # 0x1415e90d8
direct-call	item-object-dye	0xcadcb0	0xcae6ec	0xcaddbc	0x6fa10		call   0x14006fa10
literal	item-object-dye	0xcadcb0	0xcae6ec	0xcadde2	0x16ee158	masterfully 	lea    rdx,[rip+0xa4036f]        # 0x1416ee158
literal	item-object-dye	0xcadcb0	0xcae6ec	0xcaddf1	0x16ee168	exceptionally 	lea    rdx,[rip+0xa40370]        # 0x1416ee168
literal	item-object-dye	0xcadcb0	0xcae6ec	0xcade00	0x16ee638	superbly 	lea    rdx,[rip+0xa40831]        # 0x1416ee638
literal	item-object-dye	0xcadcb0	0xcae6ec	0xcade0f	0x16ee188	finely 	lea    rdx,[rip+0xa40372]        # 0x1416ee188
literal	item-object-dye	0xcadcb0	0xcae6ec	0xcade1e	0x16ee190	well-	lea    rdx,[rip+0xa4036b]        # 0x1416ee190
direct-call	item-object-dye	0xcadcb0	0xcae6ec	0xcade28	0x6fa10		call   0x14006fa10
literal	item-object-dye	0xcadcb0	0xcae6ec	0xcade33	0x16ee630	colored	lea    rdx,[rip+0xa407f6]        # 0x1416ee630
direct-call	item-object-dye	0xcadcb0	0xcae6ec	0xcade3d	0x6fa10		call   0x14006fa10
direct-call	item-object-dye	0xcadcb0	0xcae6ec	0xcadf09	0x70e20		call   0x140070e20
direct-call	item-object-dye	0xcadcb0	0xcae6ec	0xcadf40	0x70e20		call   0x140070e20
literal	item-object-dye	0xcadcb0	0xcae6ec	0xcadf80	0x15ee5e0	 with 	lea    rdx,[rip+0x940659]        # 0x1415ee5e0
direct-call	item-object-dye	0xcadcb0	0xcae6ec	0xcadf8f	0x6fa10		call   0x14006fa10
literal	item-object-dye	0xcadcb0	0xcae6ec	0xcadfac	0x16ee620	a mixture of 	lea    rdx,[rip+0xa4066d]        # 0x1416ee620
direct-call	item-object-dye	0xcadcb0	0xcae6ec	0xcadfb6	0x6fa10		call   0x14006fa10
literal	item-object-dye	0xcadcb0	0xcae6ec	0xcadfe9	0x1789108	unknown material	lea    r15,[rip+0xadb118]        # 0x141789108
direct-call	item-object-dye	0xcadcb0	0xcae6ec	0xcae0e7	0x72570		call   0x140072570
direct-call	item-object-dye	0xcadcb0	0xcae6ec	0xcae0f4	0xc3a4f0		call   0x140c3a4f0
direct-call	item-object-dye	0xcadcb0	0xcae6ec	0xcae117	0xa946e0		call   0x140a946e0
direct-call	item-object-dye	0xcadcb0	0xcae6ec	0xcae138	0x6fa10		call   0x14006fa10
literal	item-object-dye	0xcadcb0	0xcae6ec	0xcae143	0x15edb24	's 	lea    rdx,[rip+0x93f9da]        # 0x1415edb24
direct-call	item-object-dye	0xcadcb0	0xcae6ec	0xcae14e	0x6fa10		call   0x14006fa10
direct-call	item-object-dye	0xcadcb0	0xcae6ec	0xcae18a	0x1539680		call   0x141539680
literal	item-object-dye	0xcadcb0	0xcae6ec	0xcae18f	0x1789108	unknown material	lea    r15,[rip+0xadaf72]        # 0x141789108
direct-call	item-object-dye	0xcadcb0	0xcae6ec	0xcae1aa	0x14add70		call   0x1414add70
direct-call	item-object-dye	0xcadcb0	0xcae6ec	0xcae1da	0x6fa10		call   0x14006fa10
literal	item-object-dye	0xcadcb0	0xcae6ec	0xcae1e5	0x15e873c	 	lea    rdx,[rip+0x93a550]        # 0x1415e873c
direct-call	item-object-dye	0xcadcb0	0xcae6ec	0xcae1f0	0x6fa10		call   0x14006fa10
direct-call	item-object-dye	0xcadcb0	0xcae6ec	0xcae219	0x6fa10		call   0x14006fa10
direct-call	item-object-dye	0xcadcb0	0xcae6ec	0xcae233	0x6fa10		call   0x14006fa10
literal	item-object-dye	0xcadcb0	0xcae6ec	0xcae251	0x15e90d8	, 	lea    rdx,[rip+0x93ae80]        # 0x1415e90d8
direct-call	item-object-dye	0xcadcb0	0xcae6ec	0xcae25b	0x6fa10		call   0x14006fa10
literal	item-object-dye	0xcadcb0	0xcae6ec	0xcae274	0x15e873c	 	lea    rdx,[rip+0x93a4c1]        # 0x1415e873c
direct-call	item-object-dye	0xcadcb0	0xcae6ec	0xcae27e	0x6fa10		call   0x14006fa10
literal	item-object-dye	0xcadcb0	0xcae6ec	0xcae289	0x16ee614	and 	lea    rdx,[rip+0xa40384]        # 0x1416ee614
direct-call	item-object-dye	0xcadcb0	0xcae6ec	0xcae293	0x6fa10		call   0x14006fa10
direct-call	item-object-dye	0xcadcb0	0xcae6ec	0xcae29d	0x6f850		call   0x14006f850
indirect-call	item-object-dye	0xcadcb0	0xcae6ec	0xcae2d8	-		call   QWORD PTR [rip+0x93784a]        # 0x1415e5b28
direct-call	item-object-dye	0xcadcb0	0xcae6ec	0xcae2e4	0x6f750		call   0x14006f750
direct-call	item-object-dye	0xcadcb0	0xcae6ec	0xcae2ef	0x6f750		call   0x14006f750
literal	item-object-dye	0xcadcb0	0xcae6ec	0xcae2ff	0x15ee5e0	 with 	lea    rdx,[rip+0x9402da]        # 0x1415ee5e0
direct-call	item-object-dye	0xcadcb0	0xcae6ec	0xcae309	0x6fa10		call   0x14006fa10
direct-call	item-object-dye	0xcadcb0	0xcae6ec	0xcae3f6	0x72570		call   0x140072570
direct-call	item-object-dye	0xcadcb0	0xcae6ec	0xcae403	0xc3a4f0		call   0x140c3a4f0
direct-call	item-object-dye	0xcadcb0	0xcae6ec	0xcae426	0xa946e0		call   0x140a946e0
direct-call	item-object-dye	0xcadcb0	0xcae6ec	0xcae447	0x6fa10		call   0x14006fa10
literal	item-object-dye	0xcadcb0	0xcae6ec	0xcae452	0x15edb24	's 	lea    rdx,[rip+0x93f6cb]        # 0x1415edb24
direct-call	item-object-dye	0xcadcb0	0xcae6ec	0xcae45d	0x6fa10		call   0x14006fa10
indirect-call	item-object-dye	0xcadcb0	0xcae6ec	0xcae495	-		call   QWORD PTR [rip+0x93768d]        # 0x1415e5b28
direct-call	item-object-dye	0xcadcb0	0xcae6ec	0xcae49c	0x1539680		call   0x141539680
direct-call	item-object-dye	0xcadcb0	0xcae6ec	0xcae4af	0x14add70		call   0x1414add70
direct-call	item-object-dye	0xcadcb0	0xcae6ec	0xcae4df	0x6fa10		call   0x14006fa10
literal	item-object-dye	0xcadcb0	0xcae6ec	0xcae4ea	0x15e873c	 	lea    rdx,[rip+0x93a24b]        # 0x1415e873c
direct-call	item-object-dye	0xcadcb0	0xcae6ec	0xcae4f5	0x6fa10		call   0x14006fa10
literal	item-object-dye	0xcadcb0	0xcae6ec	0xcae511	0x1789108	unknown material	lea    rax,[rip+0xadabf0]        # 0x141789108
direct-call	item-object-dye	0xcadcb0	0xcae6ec	0xcae527	0x6fa10		call   0x14006fa10
direct-call	item-object-dye	0xcadcb0	0xcae6ec	0xcae541	0x6fa10		call   0x14006fa10
literal	item-object-dye	0xcadcb0	0xcae6ec	0xcae5ce	0x15eda08	 by 	lea    rdx,[rip+0x93f433]        # 0x1415eda08
direct-call	item-object-dye	0xcadcb0	0xcae6ec	0xcae5d8	0x6fa10		call   0x14006fa10
literal	item-object-dye	0xcadcb0	0xcae6ec	0xcae5ec	0x15fdb08	[LPAGE:HF:	lea    rdx,[rip+0x94f515]        # 0x1415fdb08
direct-call	item-object-dye	0xcadcb0	0xcae6ec	0xcae5f6	0x6fa10		call   0x14006fa10
direct-call	item-object-dye	0xcadcb0	0xcae6ec	0xcae604	0x52c130		call   0x14052c130
literal	item-object-dye	0xcadcb0	0xcae6ec	0xcae60f	0x15fd690	]	lea    rdx,[rip+0x94f07a]        # 0x1415fd690
direct-call	item-object-dye	0xcadcb0	0xcae6ec	0xcae619	0x6fa10		call   0x14006fa10
direct-call	item-object-dye	0xcadcb0	0xcae6ec	0xcae642	0x72570		call   0x140072570
direct-call	item-object-dye	0xcadcb0	0xcae6ec	0xcae64f	0xc3a4f0		call   0x140c3a4f0
direct-call	item-object-dye	0xcadcb0	0xcae6ec	0xcae66c	0xa94030		call   0x140a94030
direct-call	item-object-dye	0xcadcb0	0xcae6ec	0xcae686	0x6fa10		call   0x14006fa10
literal	item-object-dye	0xcadcb0	0xcae6ec	0xcae697	0x15fda88	[/LPAGE]	lea    rdx,[rip+0x94f3ea]        # 0x1415fda88
direct-call	item-object-dye	0xcadcb0	0xcae6ec	0xcae6a1	0x6fa10		call   0x14006fa10
literal	item-object-dye	0xcadcb0	0xcae6ec	0xcae6ac	0x15fd968	.  	lea    rdx,[rip+0x94f2b5]        # 0x1415fd968
direct-call	item-object-dye	0xcadcb0	0xcae6ec	0xcae6b6	0x6fa10		call   0x14006fa10
direct-call	item-object-dye	0xcadcb0	0xcae6ec	0xcae6c0	0x6f850		call   0x14006f850
direct-call	item-object-dye	0xcadcb0	0xcae6ec	0xcae6cc	0x1539660		call   0x141539660
formatter	item-writing-introduction	0xcc6a10	0xcc7020	-	-		
literal	item-writing-introduction	0xcc6a10	0xcc7020	0xcc6ae1	0x16efc60	There used to be writing on the item.  	lea    rdx,[rip+0xa29178]        # 0x1416efc60
direct-call	item-writing-introduction	0xcc6a10	0xcc7020	0xcc6aeb	0x6fa10		call   0x14006fa10
direct-call	item-writing-introduction	0xcc6a10	0xcc7020	0xcc6af8	0x1539660		call   0x141539660
literal	item-writing-introduction	0xcc6a10	0xcc7020	0xcc6b38	0x16efc48	Written on the item is 	lea    rdx,[rip+0xa29109]        # 0x1416efc48
direct-call	item-writing-introduction	0xcc6a10	0xcc7020	0xcc6b42	0x6fa10		call   0x14006fa10
literal	item-writing-introduction	0xcc6a10	0xcc7020	0xcc6b55	0x16efc38	an untitled	lea    rdx,[rip+0xa290dc]        # 0x1416efc38
literal	item-writing-introduction	0xcc6a10	0xcc7020	0xcc6b81	0x1602db8	an	lea    rdx,[rip+0x93c230]        # 0x141602db8
literal	item-writing-introduction	0xcc6a10	0xcc7020	0xcc6b90	0x1602db4	a	lea    rdx,[rip+0x93c21d]        # 0x141602db4
direct-call	item-writing-introduction	0xcc6a10	0xcc7020	0xcc6ba0	0x6fa10		call   0x14006fa10
literal	item-writing-introduction	0xcc6a10	0xcc7020	0xcc6bab	0x15e873c	 	lea    rdx,[rip+0x921b8a]        # 0x1415e873c
direct-call	item-writing-introduction	0xcc6a10	0xcc7020	0xcc6bb5	0x6fa10		call   0x14006fa10
literal	item-writing-introduction	0xcc6a10	0xcc7020	0xcc6be3	0x1602d94	manual	lea    rdx,[rip+0x93c1aa]        # 0x141602d94
literal	item-writing-introduction	0xcc6a10	0xcc7020	0xcc6bef	0x1602d8c	guide	lea    rdx,[rip+0x93c196]        # 0x141602d8c
literal	item-writing-introduction	0xcc6a10	0xcc7020	0xcc6c01	0x1602d80	chronicle	lea    rdx,[rip+0x93c178]        # 0x141602d80
literal	item-writing-introduction	0xcc6a10	0xcc7020	0xcc6c13	0x1602d70	short story	lea    rdx,[rip+0x93c156]        # 0x141602d70
literal	item-writing-introduction	0xcc6a10	0xcc7020	0xcc6c1f	0x1602d64	novel	lea    rdx,[rip+0x93c13e]        # 0x141602d64
literal	item-writing-introduction	0xcc6a10	0xcc7020	0xcc6c31	0x1602d58	biography	lea    rdx,[rip+0x93c120]        # 0x141602d58
literal	item-writing-introduction	0xcc6a10	0xcc7020	0xcc6c43	0x1602d48	autobiography	lea    rdx,[rip+0x93c0fe]        # 0x141602d48
literal	item-writing-introduction	0xcc6a10	0xcc7020	0xcc6c55	0x1602d3c	poem	lea    rdx,[rip+0x93c0e0]        # 0x141602d3c
literal	item-writing-introduction	0xcc6a10	0xcc7020	0xcc6c67	0x1602d34	play	lea    rdx,[rip+0x93c0c6]        # 0x141602d34
literal	item-writing-introduction	0xcc6a10	0xcc7020	0xcc6c79	0x1602d2c	letter	lea    rdx,[rip+0x93c0ac]        # 0x141602d2c
literal	item-writing-introduction	0xcc6a10	0xcc7020	0xcc6c85	0x1602d24	essay	lea    rdx,[rip+0x93c098]        # 0x141602d24
literal	item-writing-introduction	0xcc6a10	0xcc7020	0xcc6c97	0x1602d1c	dialog	lea    rdx,[rip+0x93c07e]        # 0x141602d1c
literal	item-writing-introduction	0xcc6a10	0xcc7020	0xcc6ca9	0x1602ef0	musical composition	lea    rdx,[rip+0x93c240]        # 0x141602ef0
literal	item-writing-introduction	0xcc6a10	0xcc7020	0xcc6cbb	0x1602ee0	choreography	lea    rdx,[rip+0x93c21e]        # 0x141602ee0
literal	item-writing-introduction	0xcc6a10	0xcc7020	0xcc6ccd	0x1602ec8	comparative biography	lea    rdx,[rip+0x93c1f4]        # 0x141602ec8
literal	item-writing-introduction	0xcc6a10	0xcc7020	0xcc6cdf	0x1602eb0	biographical dictionary	lea    rdx,[rip+0x93c1ca]        # 0x141602eb0
literal	item-writing-introduction	0xcc6a10	0xcc7020	0xcc6cf1	0x1602ea0	genealogy	lea    rdx,[rip+0x93c1a8]        # 0x141602ea0
literal	item-writing-introduction	0xcc6a10	0xcc7020	0xcc6d03	0x1602e90	encyclopedia	lea    rdx,[rip+0x93c186]        # 0x141602e90
literal	item-writing-introduction	0xcc6a10	0xcc7020	0xcc6d12	0x1602e78	cultural history	lea    rdx,[rip+0x93c15f]        # 0x141602e78
literal	item-writing-introduction	0xcc6a10	0xcc7020	0xcc6d21	0x1602e60	cultural comparison	lea    rdx,[rip+0x93c138]        # 0x141602e60
literal	item-writing-introduction	0xcc6a10	0xcc7020	0xcc6d30	0x1602e48	alternate history	lea    rdx,[rip+0x93c111]        # 0x141602e48
literal	item-writing-introduction	0xcc6a10	0xcc7020	0xcc6d3f	0x1602e20	treatise on technological evolution	lea    rdx,[rip+0x93c0da]        # 0x141602e20
literal	item-writing-introduction	0xcc6a10	0xcc7020	0xcc6d4e	0x1602e10	dictionary	lea    rdx,[rip+0x93c0bb]        # 0x141602e10
literal	item-writing-introduction	0xcc6a10	0xcc7020	0xcc6d5d	0x1602e00	star chart	lea    rdx,[rip+0x93c09c]        # 0x141602e00
literal	item-writing-introduction	0xcc6a10	0xcc7020	0xcc6d6c	0x1602df0	star catalogue	lea    rdx,[rip+0x93c07d]        # 0x141602df0
literal	item-writing-introduction	0xcc6a10	0xcc7020	0xcc6d75	0x1602de8	atlas	lea    rdx,[rip+0x93c06c]        # 0x141602de8
direct-call	item-writing-introduction	0xcc6a10	0xcc7020	0xcc6d85	0x6fa10		call   0x14006fa10
literal	item-writing-introduction	0xcc6a10	0xcc7020	0xcc6d97	0x16efc28	 entitled 	lea    rdx,[rip+0xa28e8a]        # 0x1416efc28
direct-call	item-writing-introduction	0xcc6a10	0xcc7020	0xcc6da1	0x6fa10		call   0x14006fa10
direct-call	item-writing-introduction	0xcc6a10	0xcc7020	0xcc6dbb	0x6fa10		call   0x14006fa10
literal	item-writing-introduction	0xcc6a10	0xcc7020	0xcc6e2f	0x1602dd8	, authored by 	lea    rdx,[rip+0x93bfa2]        # 0x141602dd8
direct-call	item-writing-introduction	0xcc6a10	0xcc7020	0xcc6e39	0x6fa10		call   0x14006fa10
literal	item-writing-introduction	0xcc6a10	0xcc7020	0xcc6e6b	0x15fdb08	[LPAGE:HF:	lea    rdx,[rip+0x936c96]        # 0x1415fdb08
direct-call	item-writing-introduction	0xcc6a10	0xcc7020	0xcc6e75	0x6fa10		call   0x14006fa10
direct-call	item-writing-introduction	0xcc6a10	0xcc7020	0xcc6e83	0x52c130		call   0x14052c130
literal	item-writing-introduction	0xcc6a10	0xcc7020	0xcc6e8e	0x15fd690	]	lea    rdx,[rip+0x9367fb]        # 0x1415fd690
direct-call	item-writing-introduction	0xcc6a10	0xcc7020	0xcc6e98	0x6fa10		call   0x14006fa10
direct-call	item-writing-introduction	0xcc6a10	0xcc7020	0xcc6ec1	0x72570		call   0x140072570
direct-call	item-writing-introduction	0xcc6a10	0xcc7020	0xcc6ece	0xc3a4f0		call   0x140c3a4f0
direct-call	item-writing-introduction	0xcc6a10	0xcc7020	0xcc6eec	0xa94030		call   0x140a94030
direct-call	item-writing-introduction	0xcc6a10	0xcc7020	0xcc6f0a	0x6fa10		call   0x14006fa10
literal	item-writing-introduction	0xcc6a10	0xcc7020	0xcc6f19	0x15fda88	[/LPAGE]	lea    rdx,[rip+0x936b68]        # 0x1415fda88
direct-call	item-writing-introduction	0xcc6a10	0xcc7020	0xcc6f23	0x6fa10		call   0x14006fa10
indirect-call	item-writing-introduction	0xcc6a10	0xcc7020	0xcc6f5d	-		call   QWORD PTR [rip+0x91ebc5]        # 0x1415e5b28
direct-call	item-writing-introduction	0xcc6a10	0xcc7020	0xcc6f64	0x1539680		call   0x141539680
literal	item-writing-introduction	0xcc6a10	0xcc7020	0xcc6f6f	0x15fd968	.  	lea    rdx,[rip+0x9369f2]        # 0x1415fd968
direct-call	item-writing-introduction	0xcc6a10	0xcc7020	0xcc6f79	0x6fa10		call   0x14006fa10
direct-call	item-writing-introduction	0xcc6a10	0xcc7020	0xcc6f87	0xcc5d50		call   0x140cc5d50
formatter	item-writing-portion	0xcc7020	0xcc75f8	-	-		
literal	item-writing-portion	0xcc7020	0xcc75f8	0xcc7050	0x16efc00	The written portion consists of 	lea    rdx,[rip+0xa28ba9]        # 0x1416efc00
direct-call	item-writing-portion	0xcc7020	0xcc75f8	0xcc705a	0x6fa10		call   0x14006fa10
literal	item-writing-portion	0xcc7020	0xcc75f8	0xcc7101	0x161be38	nothing.	lea    rdx,[rip+0x954d30]        # 0x14161be38
direct-call	item-writing-portion	0xcc7020	0xcc75f8	0xcc710b	0x6fa10		call   0x14006fa10
direct-call	item-writing-portion	0xcc7020	0xcc75f8	0xcc7118	0x1539660		call   0x141539660
literal	item-writing-portion	0xcc7020	0xcc75f8	0xcc715a	0x15ed620	a 	lea    rdx,[rip+0x9264bf]        # 0x1415ed620
direct-call	item-writing-portion	0xcc7020	0xcc75f8	0xcc7164	0x6fa10		call   0x14006fa10
direct-call	item-writing-portion	0xcc7020	0xcc75f8	0xcc7174	0x52c130		call   0x14052c130
literal	item-writing-portion	0xcc7020	0xcc75f8	0xcc717f	0x16efbf4	 page 	lea    rdx,[rip+0xa28a6e]        # 0x1416efbf4
direct-call	item-writing-portion	0xcc7020	0xcc75f8	0xcc7189	0x6fa10		call   0x14006fa10
literal	item-writing-portion	0xcc7020	0xcc75f8	0xcc719b	0x16efbe8	untitled 	lea    rdx,[rip+0xa28a46]        # 0x1416efbe8
direct-call	item-writing-portion	0xcc7020	0xcc75f8	0xcc71a5	0x6fa10		call   0x14006fa10
literal	item-writing-portion	0xcc7020	0xcc75f8	0xcc71d0	0x1602d94	manual	lea    rdx,[rip+0x93bbbd]        # 0x141602d94
literal	item-writing-portion	0xcc7020	0xcc75f8	0xcc71dc	0x1602d8c	guide	lea    rdx,[rip+0x93bba9]        # 0x141602d8c
literal	item-writing-portion	0xcc7020	0xcc75f8	0xcc71ee	0x1602d80	chronicle	lea    rdx,[rip+0x93bb8b]        # 0x141602d80
literal	item-writing-portion	0xcc7020	0xcc75f8	0xcc7200	0x1602d70	short story	lea    rdx,[rip+0x93bb69]        # 0x141602d70
literal	item-writing-portion	0xcc7020	0xcc75f8	0xcc720c	0x1602d64	novel	lea    rdx,[rip+0x93bb51]        # 0x141602d64
literal	item-writing-portion	0xcc7020	0xcc75f8	0xcc721e	0x1602d58	biography	lea    rdx,[rip+0x93bb33]        # 0x141602d58
literal	item-writing-portion	0xcc7020	0xcc75f8	0xcc7230	0x1602d48	autobiography	lea    rdx,[rip+0x93bb11]        # 0x141602d48
literal	item-writing-portion	0xcc7020	0xcc75f8	0xcc7242	0x1602d3c	poem	lea    rdx,[rip+0x93baf3]        # 0x141602d3c
literal	item-writing-portion	0xcc7020	0xcc75f8	0xcc7254	0x1602d34	play	lea    rdx,[rip+0x93bad9]        # 0x141602d34
literal	item-writing-portion	0xcc7020	0xcc75f8	0xcc7266	0x1602d2c	letter	lea    rdx,[rip+0x93babf]        # 0x141602d2c
literal	item-writing-portion	0xcc7020	0xcc75f8	0xcc7272	0x1602d24	essay	lea    rdx,[rip+0x93baab]        # 0x141602d24
literal	item-writing-portion	0xcc7020	0xcc75f8	0xcc7284	0x1602d1c	dialog	lea    rdx,[rip+0x93ba91]        # 0x141602d1c
literal	item-writing-portion	0xcc7020	0xcc75f8	0xcc7296	0x1602ef0	musical composition	lea    rdx,[rip+0x93bc53]        # 0x141602ef0
literal	item-writing-portion	0xcc7020	0xcc75f8	0xcc72a8	0x1602ee0	choreography	lea    rdx,[rip+0x93bc31]        # 0x141602ee0
literal	item-writing-portion	0xcc7020	0xcc75f8	0xcc72ba	0x1602ec8	comparative biography	lea    rdx,[rip+0x93bc07]        # 0x141602ec8
literal	item-writing-portion	0xcc7020	0xcc75f8	0xcc72cc	0x1602eb0	biographical dictionary	lea    rdx,[rip+0x93bbdd]        # 0x141602eb0
literal	item-writing-portion	0xcc7020	0xcc75f8	0xcc72de	0x1602ea0	genealogy	lea    rdx,[rip+0x93bbbb]        # 0x141602ea0
literal	item-writing-portion	0xcc7020	0xcc75f8	0xcc72f0	0x1602e90	encyclopedia	lea    rdx,[rip+0x93bb99]        # 0x141602e90
literal	item-writing-portion	0xcc7020	0xcc75f8	0xcc72ff	0x1602e78	cultural history	lea    rdx,[rip+0x93bb72]        # 0x141602e78
literal	item-writing-portion	0xcc7020	0xcc75f8	0xcc730e	0x1602e60	cultural comparison	lea    rdx,[rip+0x93bb4b]        # 0x141602e60
literal	item-writing-portion	0xcc7020	0xcc75f8	0xcc731d	0x1602e48	alternate history	lea    rdx,[rip+0x93bb24]        # 0x141602e48
literal	item-writing-portion	0xcc7020	0xcc75f8	0xcc732c	0x1602e20	treatise on technological evolution	lea    rdx,[rip+0x93baed]        # 0x141602e20
literal	item-writing-portion	0xcc7020	0xcc75f8	0xcc733b	0x1602e10	dictionary	lea    rdx,[rip+0x93bace]        # 0x141602e10
literal	item-writing-portion	0xcc7020	0xcc75f8	0xcc734a	0x1602e00	star chart	lea    rdx,[rip+0x93baaf]        # 0x141602e00
literal	item-writing-portion	0xcc7020	0xcc75f8	0xcc7359	0x1602df0	star catalogue	lea    rdx,[rip+0x93ba90]        # 0x141602df0
literal	item-writing-portion	0xcc7020	0xcc75f8	0xcc7362	0x1602de8	atlas	lea    rdx,[rip+0x93ba7f]        # 0x141602de8
direct-call	item-writing-portion	0xcc7020	0xcc75f8	0xcc7372	0x6fa10		call   0x14006fa10
literal	item-writing-portion	0xcc7020	0xcc75f8	0xcc7389	0x16efc28	 entitled 	lea    rdx,[rip+0xa28898]        # 0x1416efc28
direct-call	item-writing-portion	0xcc7020	0xcc75f8	0xcc7393	0x6fa10		call   0x14006fa10
direct-call	item-writing-portion	0xcc7020	0xcc75f8	0xcc73ad	0x6fa10		call   0x14006fa10
literal	item-writing-portion	0xcc7020	0xcc75f8	0xcc742c	0x1602dd8	, authored by 	lea    rdx,[rip+0x93b9a5]        # 0x141602dd8
direct-call	item-writing-portion	0xcc7020	0xcc75f8	0xcc7436	0x6fa10		call   0x14006fa10
literal	item-writing-portion	0xcc7020	0xcc75f8	0xcc7468	0x15fdb08	[LPAGE:HF:	lea    rdx,[rip+0x936699]        # 0x1415fdb08
direct-call	item-writing-portion	0xcc7020	0xcc75f8	0xcc7472	0x6fa10		call   0x14006fa10
direct-call	item-writing-portion	0xcc7020	0xcc75f8	0xcc7480	0x52c130		call   0x14052c130
literal	item-writing-portion	0xcc7020	0xcc75f8	0xcc748b	0x15fd690	]	lea    rdx,[rip+0x9361fe]        # 0x1415fd690
direct-call	item-writing-portion	0xcc7020	0xcc75f8	0xcc7495	0x6fa10		call   0x14006fa10
direct-call	item-writing-portion	0xcc7020	0xcc75f8	0xcc74be	0x72570		call   0x140072570
direct-call	item-writing-portion	0xcc7020	0xcc75f8	0xcc74cb	0xc3a4f0		call   0x140c3a4f0
direct-call	item-writing-portion	0xcc7020	0xcc75f8	0xcc74e9	0xa94030		call   0x140a94030
direct-call	item-writing-portion	0xcc7020	0xcc75f8	0xcc7507	0x6fa10		call   0x14006fa10
literal	item-writing-portion	0xcc7020	0xcc75f8	0xcc7516	0x15fda88	[/LPAGE]	lea    rdx,[rip+0x93656b]        # 0x1415fda88
direct-call	item-writing-portion	0xcc7020	0xcc75f8	0xcc7520	0x6fa10		call   0x14006fa10
indirect-call	item-writing-portion	0xcc7020	0xcc75f8	0xcc755a	-		call   QWORD PTR [rip+0x91e5c8]        # 0x1415e5b28
direct-call	item-writing-portion	0xcc7020	0xcc75f8	0xcc7561	0x1539680		call   0x141539680
literal	item-writing-portion	0xcc7020	0xcc75f8	0xcc756c	0x15fd968	.  	lea    rdx,[rip+0x9363f5]        # 0x1415fd968
direct-call	item-writing-portion	0xcc7020	0xcc75f8	0xcc7576	0x6fa10		call   0x14006fa10
direct-call	item-writing-portion	0xcc7020	0xcc75f8	0xcc7584	0xcc5d50		call   0x140cc5d50
formatter	item-writing-details	0xcc5d50	0xcc6a0e	-	-		
literal	item-writing-details	0xcc5d50	0xcc6a0e	0xcc5e0d	0x16ef3b8	It asks the question, "What if 	lea    rdx,[rip+0xa295a4]        # 0x1416ef3b8
direct-call	item-writing-details	0xcc5d50	0xcc6a0e	0xcc5e17	0x6fa10		call   0x14006fa10
indirect-call	item-writing-details	0xcc5d50	0xcc6a0e	0xcc5e40	-		call   QWORD PTR [rax+0x90]
direct-call	item-writing-details	0xcc5d50	0xcc6a0e	0xcc5e5b	0x6fa10		call   0x14006fa10
literal	item-writing-details	0xcc5d50	0xcc6a0e	0xcc5e66	0x16ef398	 had unfolded differently?"  	lea    rdx,[rip+0xa2952b]        # 0x1416ef398
direct-call	item-writing-details	0xcc5d50	0xcc6a0e	0xcc5e70	0x6fa10		call   0x14006fa10
direct-call	item-writing-details	0xcc5d50	0xcc6a0e	0xcc5e7a	0x6f850		call   0x14006f850
literal	item-writing-details	0xcc5d50	0xcc6a0e	0xcc5eb4	0x16ef378	It concerns the lineage of 	lea    rdx,[rip+0xa294bd]        # 0x1416ef378
direct-call	item-writing-details	0xcc5d50	0xcc6a0e	0xcc5ebe	0x6fa10		call   0x14006fa10
indirect-call	item-writing-details	0xcc5d50	0xcc6a0e	0xcc5ee7	-		call   QWORD PTR [rax+0x90]
direct-call	item-writing-details	0xcc5d50	0xcc6a0e	0xcc5f02	0x6fa10		call   0x14006fa10
literal	item-writing-details	0xcc5d50	0xcc6a0e	0xcc5f0d	0x15fd968	.  	lea    rdx,[rip+0x937a54]        # 0x1415fd968
direct-call	item-writing-details	0xcc5d50	0xcc6a0e	0xcc5f17	0x6fa10		call   0x14006fa10
direct-call	item-writing-details	0xcc5d50	0xcc6a0e	0xcc5f21	0x6f850		call   0x14006f850
literal	item-writing-details	0xcc5d50	0xcc6a0e	0xcc5f31	0x16ef368	It concerns 	lea    rdx,[rip+0xa29430]        # 0x1416ef368
direct-call	item-writing-details	0xcc5d50	0xcc6a0e	0xcc5f3b	0x6fa10		call   0x14006fa10
indirect-call	item-writing-details	0xcc5d50	0xcc6a0e	0xcc5f8b	-		call   QWORD PTR [rax+0x90]
direct-call	item-writing-details	0xcc5d50	0xcc6a0e	0xcc5fa6	0x6fa10		call   0x14006fa10
literal	item-writing-details	0xcc5d50	0xcc6a0e	0xcc5fba	0x15e90d8	, 	lea    rdx,[rip+0x923117]        # 0x1415e90d8
literal	item-writing-details	0xcc5d50	0xcc6a0e	0xcc5fcf	0x15e9110	 and 	lea    rdx,[rip+0x92313a]        # 0x1415e9110
literal	item-writing-details	0xcc5d50	0xcc6a0e	0xcc5fde	0x15fd968	.  	lea    rdx,[rip+0x937983]        # 0x1415fd968
direct-call	item-writing-details	0xcc5d50	0xcc6a0e	0xcc5fe8	0x6fa10		call   0x14006fa10
direct-call	item-writing-details	0xcc5d50	0xcc6a0e	0xcc5ff2	0x6f850		call   0x14006f850
literal	item-writing-details	0xcc5d50	0xcc6a0e	0xcc600a	0x16ef340	The work has no particular subject.  	lea    rdx,[rip+0xa2932f]        # 0x1416ef340
direct-call	item-writing-details	0xcc5d50	0xcc6a0e	0xcc6014	0x6fa10		call   0x14006fa10
literal	item-writing-details	0xcc5d50	0xcc6a0e	0xcc6045	0x16ef310	The writing conveys a moral lesson regarding 	lea    rdx,[rip+0xa292c4]        # 0x1416ef310
direct-call	item-writing-details	0xcc5d50	0xcc6a0e	0xcc604f	0x6fa10		call   0x14006fa10
indirect-call	item-writing-details	0xcc5d50	0xcc6a0e	0xcc607d	-		call   QWORD PTR [rax+0x90]
direct-call	item-writing-details	0xcc5d50	0xcc6a0e	0xcc6098	0x6fa10		call   0x14006fa10
literal	item-writing-details	0xcc5d50	0xcc6a0e	0xcc60a3	0x15fd968	.  	lea    rdx,[rip+0x9378be]        # 0x1415fd968
direct-call	item-writing-details	0xcc5d50	0xcc6a0e	0xcc60ad	0x6fa10		call   0x14006fa10
direct-call	item-writing-details	0xcc5d50	0xcc6a0e	0xcc60e9	0x1539680		call   0x141539680
literal	item-writing-details	0xcc5d50	0xcc6a0e	0xcc60fd	0x16f02c0	The overall text emphasizes 	lea    rdx,[rip+0xa2a1bc]        # 0x1416f02c0
direct-call	item-writing-details	0xcc5d50	0xcc6a0e	0xcc6107	0x6fa10		call   0x14006fa10
indirect-call	item-writing-details	0xcc5d50	0xcc6a0e	0xcc6135	-		call   QWORD PTR [rax+0x90]
direct-call	item-writing-details	0xcc5d50	0xcc6a0e	0xcc6150	0x6fa10		call   0x14006fa10
literal	item-writing-details	0xcc5d50	0xcc6a0e	0xcc615b	0x15fd968	.  	lea    rdx,[rip+0x937806]        # 0x1415fd968
direct-call	item-writing-details	0xcc5d50	0xcc6a0e	0xcc6165	0x6fa10		call   0x14006fa10
direct-call	item-writing-details	0xcc5d50	0xcc6a0e	0xcc61a1	0x1539680		call   0x141539680
literal	item-writing-details	0xcc5d50	0xcc6a0e	0xcc61b5	0x16f0298	For lyrics, the composer has selected 	lea    rdx,[rip+0xa2a0dc]        # 0x1416f0298
direct-call	item-writing-details	0xcc5d50	0xcc6a0e	0xcc61bf	0x6fa10		call   0x14006fa10
indirect-call	item-writing-details	0xcc5d50	0xcc6a0e	0xcc61ed	-		call   QWORD PTR [rax+0x90]
direct-call	item-writing-details	0xcc5d50	0xcc6a0e	0xcc6208	0x6fa10		call   0x14006fa10
literal	item-writing-details	0xcc5d50	0xcc6a0e	0xcc6213	0x15fd968	.  	lea    rdx,[rip+0x93774e]        # 0x1415fd968
direct-call	item-writing-details	0xcc5d50	0xcc6a0e	0xcc621d	0x6fa10		call   0x14006fa10
direct-call	item-writing-details	0xcc5d50	0xcc6a0e	0xcc6259	0x1539680		call   0x141539680
literal	item-writing-details	0xcc5d50	0xcc6a0e	0xcc626d	0x16f0258	For musical accompaniment, the choreographer has selected 	lea    rdx,[rip+0xa29fe4]        # 0x1416f0258
direct-call	item-writing-details	0xcc5d50	0xcc6a0e	0xcc6277	0x6fa10		call   0x14006fa10
indirect-call	item-writing-details	0xcc5d50	0xcc6a0e	0xcc62a5	-		call   QWORD PTR [rax+0x90]
direct-call	item-writing-details	0xcc5d50	0xcc6a0e	0xcc62c0	0x6fa10		call   0x14006fa10
literal	item-writing-details	0xcc5d50	0xcc6a0e	0xcc62cb	0x15fd968	.  	lea    rdx,[rip+0x937696]        # 0x1415fd968
direct-call	item-writing-details	0xcc5d50	0xcc6a0e	0xcc62d5	0x6fa10		call   0x14006fa10
direct-call	item-writing-details	0xcc5d50	0xcc6a0e	0xcc630d	0x1539680		call   0x141539680
indirect-call	item-writing-details	0xcc5d50	0xcc6a0e	0xcc631f	-		call   QWORD PTR [rip+0x91f803]        # 0x1415e5b28
indirect-call	item-writing-details	0xcc5d50	0xcc6a0e	0xcc6326	-		call   QWORD PTR [rip+0x91f7fc]        # 0x1415e5b28
indirect-call	item-writing-details	0xcc5d50	0xcc6a0e	0xcc632d	-		call   QWORD PTR [rip+0x91f7f5]        # 0x1415e5b28
indirect-call	item-writing-details	0xcc5d50	0xcc6a0e	0xcc6334	-		call   QWORD PTR [rip+0x91f7ee]        # 0x1415e5b28
literal	item-writing-details	0xcc5d50	0xcc6a0e	0xcc635d	0x16f0248	The writing 	lea    rdx,[rip+0xa29ee4]        # 0x1416f0248
direct-call	item-writing-details	0xcc5d50	0xcc6a0e	0xcc6367	0x6fa10		call   0x14006fa10
direct-call	item-writing-details	0xcc5d50	0xcc6a0e	0xcc6389	0xcc5520		call   0x140cc5520
literal	item-writing-details	0xcc5d50	0xcc6a0e	0xcc6417	0x16f0228	 and it 	lea    rcx,[rip+0xa29e0a]        # 0x1416f0228
literal	item-writing-details	0xcc5d50	0xcc6a0e	0xcc641e	0x16f0238	 yet it 	lea    rdx,[rip+0xa29e13]        # 0x1416f0238
direct-call	item-writing-details	0xcc5d50	0xcc6a0e	0xcc6435	0x6fa10		call   0x14006fa10
direct-call	item-writing-details	0xcc5d50	0xcc6a0e	0xcc6449	0xcc5520		call   0x140cc5520
literal	item-writing-details	0xcc5d50	0xcc6a0e	0xcc645b	0x15fd968	.  	lea    rdx,[rip+0x937506]        # 0x1415fd968
direct-call	item-writing-details	0xcc5d50	0xcc6a0e	0xcc6465	0x6fa10		call   0x14006fa10
literal	item-writing-details	0xcc5d50	0xcc6a0e	0xcc6497	0x16f01f0	Overall, the information is compiled masterfully	lea    rdx,[rip+0xa29d52]        # 0x1416f01f0
literal	item-writing-details	0xcc5d50	0xcc6a0e	0xcc64ae	0x16f01c0	Overall, the splendid source of information	lea    rdx,[rip+0xa29d0b]        # 0x1416f01c0
literal	item-writing-details	0xcc5d50	0xcc6a0e	0xcc64c5	0x16f0190	Overall, this is a great source of information	lea    rdx,[rip+0xa29cc4]        # 0x1416f0190
literal	item-writing-details	0xcc5d50	0xcc6a0e	0xcc64dc	0x16f0160	Overall, this is a good source of information	lea    rdx,[rip+0xa29c7d]        # 0x1416f0160
literal	item-writing-details	0xcc5d50	0xcc6a0e	0xcc64f0	0x16f0128	Overall, the information is not compiled very well	lea    rdx,[rip+0xa29c31]        # 0x1416f0128
literal	item-writing-details	0xcc5d50	0xcc6a0e	0xcc6502	0x16f00f0	Overall, this is a terrible compilation of information	lea    rdx,[rip+0xa29be7]        # 0x1416f00f0
literal	item-writing-details	0xcc5d50	0xcc6a0e	0xcc6520	0x16f00c8	Overall, the poetry is masterful	lea    rdx,[rip+0xa29ba1]        # 0x1416f00c8
literal	item-writing-details	0xcc5d50	0xcc6a0e	0xcc6537	0x16f00a8	Overall, the poetry is inspired	lea    rdx,[rip+0xa29b6a]        # 0x1416f00a8
literal	item-writing-details	0xcc5d50	0xcc6a0e	0xcc654e	0x16f0088	Overall, the poetry is great	lea    rdx,[rip+0xa29b33]        # 0x1416f0088
literal	item-writing-details	0xcc5d50	0xcc6a0e	0xcc6565	0x16f0068	Overall, the poetry is passable	lea    rdx,[rip+0xa29afc]        # 0x1416f0068
literal	item-writing-details	0xcc5d50	0xcc6a0e	0xcc657f	0x16f0028	Overall, the poetry is not awful, but not very good either	lea    rdx,[rip+0xa29aa2]        # 0x1416f0028
literal	item-writing-details	0xcc5d50	0xcc6a0e	0xcc6591	0x16f0000	Overall, the poetry is very, very bad	lea    rdx,[rip+0xa29a68]        # 0x1416f0000
literal	item-writing-details	0xcc5d50	0xcc6a0e	0xcc65af	0x16effd8	Overall, the composition is masterful	lea    rdx,[rip+0xa29a22]        # 0x1416effd8
literal	item-writing-details	0xcc5d50	0xcc6a0e	0xcc65c6	0x16effb0	Overall, the composition is inspired	lea    rdx,[rip+0xa299e3]        # 0x1416effb0
literal	item-writing-details	0xcc5d50	0xcc6a0e	0xcc65dd	0x16eff88	Overall, the composition is great	lea    rdx,[rip+0xa299a4]        # 0x1416eff88
literal	item-writing-details	0xcc5d50	0xcc6a0e	0xcc65f4	0x16eff60	Overall, the composition is passable	lea    rdx,[rip+0xa29965]        # 0x1416eff60
literal	item-writing-details	0xcc5d50	0xcc6a0e	0xcc660e	0x16eff20	Overall, the composition is not awful, but not very good either	lea    rdx,[rip+0xa2990b]        # 0x1416eff20
literal	item-writing-details	0xcc5d50	0xcc6a0e	0xcc6620	0x16efef8	Overall, the composition is atrocious	lea    rdx,[rip+0xa298d1]        # 0x1416efef8
literal	item-writing-details	0xcc5d50	0xcc6a0e	0xcc663e	0x16efed0	Overall, the choreography is masterful	lea    rdx,[rip+0xa2988b]        # 0x1416efed0
literal	item-writing-details	0xcc5d50	0xcc6a0e	0xcc6655	0x16efea8	Overall, the choreography is inspired	lea    rdx,[rip+0xa2984c]        # 0x1416efea8
literal	item-writing-details	0xcc5d50	0xcc6a0e	0xcc666c	0x16efe80	Overall, the choreography is great	lea    rdx,[rip+0xa2980d]        # 0x1416efe80
literal	item-writing-details	0xcc5d50	0xcc6a0e	0xcc6683	0x16efe58	Overall, the choreography is passable	lea    rdx,[rip+0xa297ce]        # 0x1416efe58
literal	item-writing-details	0xcc5d50	0xcc6a0e	0xcc669d	0x16efe10	Overall, the choreography is not awful, but not very good either	lea    rdx,[rip+0xa2976c]        # 0x1416efe10
literal	item-writing-details	0xcc5d50	0xcc6a0e	0xcc66af	0x16efde0	Overall, the choreography is just terrible	lea    rdx,[rip+0xa2972a]        # 0x1416efde0
literal	item-writing-details	0xcc5d50	0xcc6a0e	0xcc66ca	0x16efdc0	Overall, the prose is masterful	lea    rdx,[rip+0xa296ef]        # 0x1416efdc0
literal	item-writing-details	0xcc5d50	0xcc6a0e	0xcc66de	0x16efda0	Overall, the prose is splendid	lea    rdx,[rip+0xa296bb]        # 0x1416efda0
literal	item-writing-details	0xcc5d50	0xcc6a0e	0xcc66f2	0x16efd80	Overall, the prose is great	lea    rdx,[rip+0xa29687]        # 0x1416efd80
literal	item-writing-details	0xcc5d50	0xcc6a0e	0xcc6706	0x16efd60	Overall, the prose is passable	lea    rdx,[rip+0xa29653]        # 0x1416efd60
literal	item-writing-details	0xcc5d50	0xcc6a0e	0xcc671a	0x16efd20	Overall, the prose is not awful, but not very good either	lea    rdx,[rip+0xa295ff]        # 0x1416efd20
literal	item-writing-details	0xcc5d50	0xcc6a0e	0xcc6729	0x16efcf0	Overall, the prose is amateurish at best	lea    rdx,[rip+0xa295c0]        # 0x1416efcf0
direct-call	item-writing-details	0xcc5d50	0xcc6a0e	0xcc673c	0x6fa10		call   0x14006fa10
literal	item-writing-details	0xcc5d50	0xcc6a0e	0xcc6747	0x15fd968	.  	lea    rdx,[rip+0x93721a]        # 0x1415fd968
direct-call	item-writing-details	0xcc5d50	0xcc6a0e	0xcc6751	0x6fa10		call   0x14006fa10
literal	item-writing-details	0xcc5d50	0xcc6a0e	0xcc676e	0x16efcc8	The work has a single chapter.  	lea    rdx,[rip+0xa29553]        # 0x1416efcc8
direct-call	item-writing-details	0xcc5d50	0xcc6a0e	0xcc6775	0x6fa10		call   0x14006fa10
literal	item-writing-details	0xcc5d50	0xcc6a0e	0xcc6785	0x16efcb8	The work has 	lea    rdx,[rip+0xa2952c]        # 0x1416efcb8
direct-call	item-writing-details	0xcc5d50	0xcc6a0e	0xcc678c	0x6fa10		call   0x14006fa10
direct-call	item-writing-details	0xcc5d50	0xcc6a0e	0xcc67b3	0x52e360		call   0x14052e360
direct-call	item-writing-details	0xcc5d50	0xcc6a0e	0xcc67cd	0x6fa10		call   0x14006fa10
literal	item-writing-details	0xcc5d50	0xcc6a0e	0xcc67d8	0x16efca8	 chapters.  	lea    rdx,[rip+0xa294c9]        # 0x1416efca8
direct-call	item-writing-details	0xcc5d50	0xcc6a0e	0xcc67e2	0x6fa10		call   0x14006fa10
indirect-call	item-writing-details	0xcc5d50	0xcc6a0e	0xcc681a	-		call   QWORD PTR [rip+0x91f308]        # 0x1415e5b28
direct-call	item-writing-details	0xcc5d50	0xcc6a0e	0xcc6821	0x1539680		call   0x141539680
literal	item-writing-details	0xcc5d50	0xcc6a0e	0xcc6861	0x15ee548	It	lea    rdx,[rip+0x927ce0]        # 0x1415ee548
direct-call	item-writing-details	0xcc5d50	0xcc6a0e	0xcc6868	0x6fa10		call   0x14006fa10
literal	item-writing-details	0xcc5d50	0xcc6a0e	0xcc6875	0x15ed9bc	The 	lea    rdx,[rip+0x927140]        # 0x1415ed9bc
direct-call	item-writing-details	0xcc5d50	0xcc6a0e	0xcc687c	0x6fa10		call   0x14006fa10
direct-call	item-writing-details	0xcc5d50	0xcc6a0e	0xcc68a6	0x52eb70		call   0x14052eb70
direct-call	item-writing-details	0xcc5d50	0xcc6a0e	0xcc68af	0x52d080		call   0x14052d080
direct-call	item-writing-details	0xcc5d50	0xcc6a0e	0xcc68c9	0x6fa10		call   0x14006fa10
literal	item-writing-details	0xcc5d50	0xcc6a0e	0xcc68d4	0x16efc98	 chapter	lea    rdx,[rip+0xa293bd]        # 0x1416efc98
direct-call	item-writing-details	0xcc5d50	0xcc6a0e	0xcc68de	0x6fa10		call   0x14006fa10
direct-call	item-writing-details	0xcc5d50	0xcc6a0e	0xcc68e8	0x6f850		call   0x14006f850
literal	item-writing-details	0xcc5d50	0xcc6a0e	0xcc68f3	0x16efc88	 covers 	lea    rdx,[rip+0xa2938e]        # 0x1416efc88
direct-call	item-writing-details	0xcc5d50	0xcc6a0e	0xcc68fd	0x6fa10		call   0x14006fa10
indirect-call	item-writing-details	0xcc5d50	0xcc6a0e	0xcc692b	-		call   QWORD PTR [rax+0x90]
direct-call	item-writing-details	0xcc5d50	0xcc6a0e	0xcc6946	0x6fa10		call   0x14006fa10
literal	item-writing-details	0xcc5d50	0xcc6a0e	0xcc6954	0x15fd968	.  	lea    rdx,[rip+0x93700d]        # 0x1415fd968
direct-call	item-writing-details	0xcc5d50	0xcc6a0e	0xcc695e	0x6fa10		call   0x14006fa10
direct-call	item-writing-details	0xcc5d50	0xcc6a0e	0xcc6968	0x6f850		call   0x14006f850
direct-call	item-writing-details	0xcc5d50	0xcc6a0e	0xcc6981	0x1539660		call   0x141539660
formatter	item-writing-style-leaf	0xcc5520	0xcc5d08	-	-		
literal	item-writing-style-leaf	0xcc5520	0xcc5d08	0xcc5551	0x16ef000	rapidly shifts between topics	lea    rdx,[rip+0xa29aa8]        # 0x1416ef000
literal	item-writing-style-leaf	0xcc5520	0xcc5d08	0xcc5569	0x16eefd8	moves quickly from subject to subject	lea    rdx,[rip+0xa29a68]        # 0x1416eefd8
literal	item-writing-style-leaf	0xcc5520	0xcc5d08	0xcc5585	0x16eefb0	takes frequent interesting tangents	lea    rdx,[rip+0xa29a24]        # 0x1416eefb0
literal	item-writing-style-leaf	0xcc5520	0xcc5d08	0xcc559c	0x16eef98	hopelessly meanders	lea    rdx,[rip+0xa299f5]        # 0x1416eef98
literal	item-writing-style-leaf	0xcc5520	0xcc5d08	0xcc55b4	0x16eef80	meanders somewhat	lea    rdx,[rip+0xa299c5]        # 0x1416eef80
literal	item-writing-style-leaf	0xcc5520	0xcc5d08	0xcc55d0	0x16eef58	gets off track from time to time	lea    rdx,[rip+0xa29981]        # 0x1416eef58
literal	item-writing-style-leaf	0xcc5520	0xcc5d08	0xcc55e7	0x16eef38	bubbles over with cheerfulness	lea    rdx,[rip+0xa2994a]        # 0x1416eef38
literal	item-writing-style-leaf	0xcc5520	0xcc5d08	0xcc55ff	0x16eef20	is quite cheerful	lea    rdx,[rip+0xa2991a]        # 0x1416eef20
literal	item-writing-style-leaf	0xcc5520	0xcc5d08	0xcc561b	0x16eef08	is fairly cheerful	lea    rdx,[rip+0xa298e6]        # 0x1416eef08
literal	item-writing-style-leaf	0xcc5520	0xcc5d08	0xcc5632	0x16eeef0	overflows with sadness	lea    rdx,[rip+0xa298b7]        # 0x1416eeef0
literal	item-writing-style-leaf	0xcc5520	0xcc5d08	0xcc564a	0x16eeee0	is depressing	lea    rdx,[rip+0xa2988f]        # 0x1416eeee0
literal	item-writing-style-leaf	0xcc5520	0xcc5d08	0xcc5666	0x16eeec0	has a touch of melancholy	lea    rdx,[rip+0xa29853]        # 0x1416eeec0
literal	item-writing-style-leaf	0xcc5520	0xcc5d08	0xcc5683	0x16eeea8	is thoroughly organized	lea    rdx,[rip+0xa2981e]        # 0x1416eeea8
literal	item-writing-style-leaf	0xcc5520	0xcc5d08	0xcc569b	0x16eee90	is clearly organized	lea    rdx,[rip+0xa297ee]        # 0x1416eee90
literal	item-writing-style-leaf	0xcc5520	0xcc5d08	0xcc56b7	0x16eee80	is organized	lea    rdx,[rip+0xa297c2]        # 0x1416eee80
literal	item-writing-style-leaf	0xcc5520	0xcc5d08	0xcc56ce	0x16eee60	is thoroughly mechanical	lea    rdx,[rip+0xa2978b]        # 0x1416eee60
literal	item-writing-style-leaf	0xcc5520	0xcc5d08	0xcc56e6	0x16eee50	is very rigid	lea    rdx,[rip+0xa29763]        # 0x1416eee50
literal	item-writing-style-leaf	0xcc5520	0xcc5d08	0xcc5702	0x16eee40	is a bit stiff	lea    rdx,[rip+0xa29737]        # 0x1416eee40
literal	item-writing-style-leaf	0xcc5520	0xcc5d08	0xcc5719	0x16eee28	is completely serious	lea    rdx,[rip+0xa29708]        # 0x1416eee28
literal	item-writing-style-leaf	0xcc5520	0xcc5d08	0xcc5731	0x16eee10	has a very serious tone	lea    rdx,[rip+0xa296d8]        # 0x1416eee10
literal	item-writing-style-leaf	0xcc5520	0xcc5d08	0xcc574d	0x16efbd0	is reasonably serious	lea    rdx,[rip+0xa2a47c]        # 0x1416efbd0
literal	item-writing-style-leaf	0xcc5520	0xcc5d08	0xcc576a	0x16efb98	artfully flashes through seemingly disjoint topics	lea    rdx,[rip+0xa2a427]        # 0x1416efb98
literal	item-writing-style-leaf	0xcc5520	0xcc5d08	0xcc5782	0x16efb68	breaks sharply between topics with regularity	lea    rdx,[rip+0xa2a3df]        # 0x1416efb68
literal	item-writing-style-leaf	0xcc5520	0xcc5d08	0xcc579e	0x16efb38	has some particularly crisp changes in topic	lea    rdx,[rip+0xa2a393]        # 0x1416efb38
literal	item-writing-style-leaf	0xcc5520	0xcc5d08	0xcc57b5	0x16efb20	is utterly disjointed	lea    rdx,[rip+0xa2a364]        # 0x1416efb20
literal	item-writing-style-leaf	0xcc5520	0xcc5d08	0xcc57cd	0x16efb08	skips around a lot	lea    rdx,[rip+0xa2a334]        # 0x1416efb08
literal	item-writing-style-leaf	0xcc5520	0xcc5d08	0xcc57e9	0x16efae0	occasionally changes topic abruptly	lea    rdx,[rip+0xa2a2f0]        # 0x1416efae0
literal	item-writing-style-leaf	0xcc5520	0xcc5d08	0xcc5806	0x16efaa8	uses only artful words and phrases selected with care	lea    rdx,[rip+0xa2a29b]        # 0x1416efaa8
literal	item-writing-style-leaf	0xcc5520	0xcc5d08	0xcc581e	0x16efa80	is throughout ornate and refined	lea    rdx,[rip+0xa2a25b]        # 0x1416efa80
literal	item-writing-style-leaf	0xcc5520	0xcc5d08	0xcc583a	0x16efa48	has rare but particularly exquisite turns of phrase	lea    rdx,[rip+0xa2a207]        # 0x1416efa48
literal	item-writing-style-leaf	0xcc5520	0xcc5d08	0xcc5851	0x16efa30	is excessively ornate	lea    rdx,[rip+0xa2a1d8]        # 0x1416efa30
literal	item-writing-style-leaf	0xcc5520	0xcc5d08	0xcc5869	0x16efa20	is quite florid	lea    rdx,[rip+0xa2a1b0]        # 0x1416efa20
literal	item-writing-style-leaf	0xcc5520	0xcc5d08	0xcc5885	0x16efa08	is somewhat showy	lea    rdx,[rip+0xa2a17c]        # 0x1416efa08
literal	item-writing-style-leaf	0xcc5520	0xcc5d08	0xcc589c	0x16ef9e8	drives forward relentlessly	lea    rdx,[rip+0xa2a145]        # 0x1416ef9e8
literal	item-writing-style-leaf	0xcc5520	0xcc5d08	0xcc58b4	0x16ef9d0	is full of force	lea    rdx,[rip+0xa2a115]        # 0x1416ef9d0
literal	item-writing-style-leaf	0xcc5520	0xcc5d08	0xcc58d0	0x16ef9c0	is forceful	lea    rdx,[rip+0xa2a0e9]        # 0x1416ef9c0
literal	item-writing-style-leaf	0xcc5520	0xcc5d08	0xcc58ed	0x16ef9a0	is a comedy treasure trove	lea    rdx,[rip+0xa2a0ac]        # 0x1416ef9a0
literal	item-writing-style-leaf	0xcc5520	0xcc5d08	0xcc5905	0x16ef988	is quite humorous	lea    rdx,[rip+0xa2a07c]        # 0x1416ef988
literal	item-writing-style-leaf	0xcc5520	0xcc5d08	0xcc5921	0x16ef970	has a touch of humor	lea    rdx,[rip+0xa2a048]        # 0x1416ef970
literal	item-writing-style-leaf	0xcc5520	0xcc5d08	0xcc5938	0x16ef940	is littered with terrible jokes inartfully told	lea    rdx,[rip+0xa2a001]        # 0x1416ef940
literal	item-writing-style-leaf	0xcc5520	0xcc5d08	0xcc5950	0x16ef920	has poorly-executed humor	lea    rdx,[rip+0xa29fc9]        # 0x1416ef920
literal	item-writing-style-leaf	0xcc5520	0xcc5d08	0xcc596c	0x16ef8f8	tries and fails to be funny at times	lea    rdx,[rip+0xa29f85]        # 0x1416ef8f8
literal	item-writing-style-leaf	0xcc5520	0xcc5d08	0xcc5989	0x16ef8a0	is artfully suffused with what would otherwise be childish and immature material	lea    rdx,[rip+0xa29f10]        # 0x1416ef8a0
literal	item-writing-style-leaf	0xcc5520	0xcc5d08	0xcc59a1	0x16ef850	contains a deft use throughout of what might be considered immature material	lea    rdx,[rip+0xa29ea8]        # 0x1416ef850
literal	item-writing-style-leaf	0xcc5520	0xcc5d08	0xcc59bd	0x16ef810	manages an artful inclusion here and there of childish material	lea    rdx,[rip+0xa29e4c]        # 0x1416ef810
literal	item-writing-style-leaf	0xcc5520	0xcc5d08	0xcc59d4	0x16ef7f0	is absolutely puerile	lea    rdx,[rip+0xa29e15]        # 0x1416ef7f0
literal	item-writing-style-leaf	0xcc5520	0xcc5d08	0xcc59ec	0x16ef7d8	is very childish	lea    rdx,[rip+0xa29de5]        # 0x1416ef7d8
literal	item-writing-style-leaf	0xcc5520	0xcc5d08	0xcc5a08	0x16ef7c0	is a bit immature	lea    rdx,[rip+0xa29db1]        # 0x1416ef7c0
literal	item-writing-style-leaf	0xcc5520	0xcc5d08	0xcc5a25	0x16ef798	indulges the author's every whim	lea    rdx,[rip+0xa29d6c]        # 0x1416ef798
literal	item-writing-style-leaf	0xcc5520	0xcc5d08	0xcc5a3d	0x16ef770	artfully indulges the author's fancies	lea    rdx,[rip+0xa29d2c]        # 0x1416ef770
literal	item-writing-style-leaf	0xcc5520	0xcc5d08	0xcc5a59	0x16ef730	contains some asides related to the author's preferences	lea    rdx,[rip+0xa29cd0]        # 0x1416ef730
literal	item-writing-style-leaf	0xcc5520	0xcc5d08	0xcc5a6a	0x16ef710	is stunningly self-indulgent	lea    rdx,[rip+0xa29c9f]        # 0x1416ef710
literal	item-writing-style-leaf	0xcc5520	0xcc5d08	0xcc5a88	0x16ef6f8	is quite self-indulgent	lea    rdx,[rip+0xa29c69]        # 0x1416ef6f8
literal	item-writing-style-leaf	0xcc5520	0xcc5d08	0xcc5aa4	0x16ef6d8	is somewhat self-indulgent	lea    rdx,[rip+0xa29c2d]        # 0x1416ef6d8
literal	item-writing-style-leaf	0xcc5520	0xcc5d08	0xcc5abb	0x16ef6a0	could only have been produced by a merciful spirit	lea    rdx,[rip+0xa29bde]        # 0x1416ef6a0
literal	item-writing-style-leaf	0xcc5520	0xcc5d08	0xcc5ad3	0x16ef688	is quite touching	lea    rdx,[rip+0xa29bae]        # 0x1416ef688
literal	item-writing-style-leaf	0xcc5520	0xcc5d08	0xcc5aef	0x16ef668	shows a hint of tenderness	lea    rdx,[rip+0xa29b72]        # 0x1416ef668
literal	item-writing-style-leaf	0xcc5520	0xcc5d08	0xcc5b06	0x16ef638	is clear evidence of a compassionate being	lea    rdx,[rip+0xa29b2b]        # 0x1416ef638
literal	item-writing-style-leaf	0xcc5520	0xcc5d08	0xcc5b1e	0x16ef620	is very compassionate	lea    rdx,[rip+0xa29afb]        # 0x1416ef620
literal	item-writing-style-leaf	0xcc5520	0xcc5d08	0xcc5b3a	0x16ef5f0	gives a feeling of compassion here and there	lea    rdx,[rip+0xa29aaf]        # 0x1416ef5f0
literal	item-writing-style-leaf	0xcc5520	0xcc5d08	0xcc5b51	0x16ef5d8	is as vicious as can be	lea    rdx,[rip+0xa29a80]        # 0x1416ef5d8
literal	item-writing-style-leaf	0xcc5520	0xcc5d08	0xcc5b69	0x16ef5c8	is quite cruel	lea    rdx,[rip+0xa29a58]        # 0x1416ef5c8
literal	item-writing-style-leaf	0xcc5520	0xcc5d08	0xcc5b85	0x16ef5a8	has a hint of viciousness to it	lea    rdx,[rip+0xa29a1c]        # 0x1416ef5a8
literal	item-writing-style-leaf	0xcc5520	0xcc5d08	0xcc5b9c	0x16ef588	is a monument to concision	lea    rdx,[rip+0xa299e5]        # 0x1416ef588
literal	item-writing-style-leaf	0xcc5520	0xcc5d08	0xcc5bb4	0x16ef578	is very concise	lea    rdx,[rip+0xa299bd]        # 0x1416ef578
literal	item-writing-style-leaf	0xcc5520	0xcc5d08	0xcc5bd0	0x16ef568	is fairly crisp	lea    rdx,[rip+0xa29991]        # 0x1416ef568
literal	item-writing-style-leaf	0xcc5520	0xcc5d08	0xcc5be7	0x16ef548	is a pit of bitter scorn	lea    rdx,[rip+0xa2995a]        # 0x1416ef548
literal	item-writing-style-leaf	0xcc5520	0xcc5d08	0xcc5bff	0x16ef528	is quite mocking in tone	lea    rdx,[rip+0xa29922]        # 0x1416ef528
literal	item-writing-style-leaf	0xcc5520	0xcc5d08	0xcc5c1b	0x16ef500	contains the occasional biting remark	lea    rdx,[rip+0xa298de]        # 0x1416ef500
literal	item-writing-style-leaf	0xcc5520	0xcc5d08	0xcc5c32	0x16ef4d0	is a reservoir of amusingly clever quips	lea    rdx,[rip+0xa29897]        # 0x1416ef4d0
literal	item-writing-style-leaf	0xcc5520	0xcc5d08	0xcc5c4a	0x16ef4b8	is refreshingly witty	lea    rdx,[rip+0xa29867]        # 0x1416ef4b8
literal	item-writing-style-leaf	0xcc5520	0xcc5d08	0xcc5c66	0x16ef498	has its moments of cleverness	lea    rdx,[rip+0xa2982b]        # 0x1416ef498
literal	item-writing-style-leaf	0xcc5520	0xcc5d08	0xcc5c83	0x16ef478	is an awe-inspiring wild rant	lea    rdx,[rip+0xa297ee]        # 0x1416ef478
literal	item-writing-style-leaf	0xcc5520	0xcc5d08	0xcc5c9b	0x16ef458	careens forward as a rant	lea    rdx,[rip+0xa297b6]        # 0x1416ef458
literal	item-writing-style-leaf	0xcc5520	0xcc5d08	0xcc5cb3	0x16ef430	tumbles out almost as a rant at times	lea    rdx,[rip+0xa29776]        # 0x1416ef430
literal	item-writing-style-leaf	0xcc5520	0xcc5d08	0xcc5cca	0x16ef410	is a completely unhinged rant	lea    rdx,[rip+0xa2973f]        # 0x1416ef410
literal	item-writing-style-leaf	0xcc5520	0xcc5d08	0xcc5ce2	0x16ef3f8	is a rant more or less	lea    rdx,[rip+0xa2970f]        # 0x1416ef3f8
literal	item-writing-style-leaf	0xcc5520	0xcc5d08	0xcc5cf4	0x16ef3d8	descends to a rant in places	lea    rdx,[rip+0xa296dd]        # 0x1416ef3d8
formatter	item-dice-face	0x85da20	0x85e1a8	-	-		
direct-call	item-dice-face	0x85da20	0x85e1a8	0x85da91	0x52e360		call   0x14052e360
literal	item-dice-face	0x85da20	0x85e1a8	0x85daa9	0x15ed620	a 	lea    rdx,[rip+0xd8fb70]        # 0x1415ed620
direct-call	item-dice-face	0x85da20	0x85e1a8	0x85dab3	0x6fa10		call   0x14006fa10
direct-call	item-dice-face	0x85da20	0x85e1a8	0x85dad8	0x52e360		call   0x14052e360
direct-call	item-dice-face	0x85da20	0x85e1a8	0x85daf2	0x6fa10		call   0x14006fa10
literal	item-dice-face	0x85da20	0x85e1a8	0x85dafd	0x15e873c	 	lea    rdx,[rip+0xd8ac38]        # 0x1415e873c
direct-call	item-dice-face	0x85da20	0x85e1a8	0x85db07	0x6fa10		call   0x14006fa10
indirect-call	item-dice-face	0x85da20	0x85e1a8	0x85db3f	-		call   QWORD PTR [rip+0xd87fe3]        # 0x1415e5b28
direct-call	item-dice-face	0x85da20	0x85e1a8	0x85db46	0x1539680		call   0x141539680
direct-call	item-dice-face	0x85da20	0x85e1a8	0x85db90	0x6fa10		call   0x14006fa10
literal	item-dice-face	0x85da20	0x85e1a8	0x85db9b	0x15e873c	 	lea    rdx,[rip+0xd8ab9a]        # 0x1415e873c
direct-call	item-dice-face	0x85da20	0x85e1a8	0x85dba5	0x6fa10		call   0x14006fa10
direct-call	item-dice-face	0x85da20	0x85e1a8	0x85dbc9	0x6fa10		call   0x14006fa10
literal	item-dice-face	0x85da20	0x85e1a8	0x85dbe1	0x16b1a58	the word	lea    rdx,[rip+0xe53e70]        # 0x1416b1a58
direct-call	item-dice-face	0x85da20	0x85e1a8	0x85dbeb	0x6fa10		call   0x14006fa10
direct-call	item-dice-face	0x85da20	0x85e1a8	0x85dc0d	0x52e360		call   0x14052e360
direct-call	item-dice-face	0x85da20	0x85e1a8	0x85dc27	0x6fa10		call   0x14006fa10
direct-call	item-dice-face	0x85da20	0x85e1a8	0x85dc31	0x6f850		call   0x14006f850
literal	item-dice-face	0x85da20	0x85e1a8	0x85dc3c	0x16b1ba0	 "	lea    rdx,[rip+0xe53f5d]        # 0x1416b1ba0
direct-call	item-dice-face	0x85da20	0x85e1a8	0x85dc46	0x6fa10		call   0x14006fa10
direct-call	item-dice-face	0x85da20	0x85e1a8	0x85dd04	0x6fa10		call   0x14006fa10
literal	item-dice-face	0x85da20	0x85e1a8	0x85dd0f	0x15e9718	"	lea    rdx,[rip+0xd8ba02]        # 0x1415e9718
direct-call	item-dice-face	0x85da20	0x85e1a8	0x85dd19	0x6fa10		call   0x14006fa10
literal	item-dice-face	0x85da20	0x85e1a8	0x85dd2e	0x15e9298	s	lea    rdx,[rip+0xd8b563]        # 0x1415e9298
direct-call	item-dice-face	0x85da20	0x85e1a8	0x85dd38	0x6fa10		call   0x14006fa10
direct-call	item-dice-face	0x85da20	0x85e1a8	0x85dd51	0x1458b0		call   0x1401458b0
literal	item-dice-face	0x85da20	0x85e1a8	0x85dd9c	0x15ed620	a 	lea    rdx,[rip+0xd8f87d]        # 0x1415ed620
direct-call	item-dice-face	0x85da20	0x85e1a8	0x85dda6	0x6fa10		call   0x14006fa10
direct-call	item-dice-face	0x85da20	0x85e1a8	0x85ddc8	0x52e360		call   0x14052e360
direct-call	item-dice-face	0x85da20	0x85e1a8	0x85dde2	0x6fa10		call   0x14006fa10
literal	item-dice-face	0x85da20	0x85e1a8	0x85dded	0x15e873c	 	lea    rdx,[rip+0xd8a948]        # 0x1415e873c
direct-call	item-dice-face	0x85da20	0x85e1a8	0x85ddf7	0x6fa10		call   0x14006fa10
direct-call	item-dice-face	0x85da20	0x85e1a8	0x85de01	0x6f850		call   0x14006f850
indirect-call	item-dice-face	0x85da20	0x85e1a8	0x85de0f	-		call   QWORD PTR [rax+0x10]
direct-call	item-dice-face	0x85da20	0x85e1a8	0x85de8e	0xa82c10		call   0x140a82c10
direct-call	item-dice-face	0x85da20	0x85e1a8	0x85dea8	0x6fa10		call   0x14006fa10
indirect-call	item-dice-face	0x85da20	0x85e1a8	0x85deec	-		call   QWORD PTR [rip+0xd87c36]        # 0x1415e5b28
indirect-call	item-dice-face	0x85da20	0x85e1a8	0x85df11	-		call   QWORD PTR [rax+0x10]
literal	item-dice-face	0x85da20	0x85e1a8	0x85df59	0x15fdb38	laboring	lea    rdx,[rip+0xd9fbd8]        # 0x1415fdb38
literal	item-dice-face	0x85da20	0x85e1a8	0x85df6b	0x16b1ab8	menacing	lea    rdx,[rip+0xe53b46]        # 0x1416b1ab8
literal	item-dice-face	0x85da20	0x85e1a8	0x85df7d	0x15fdb28	traveling	lea    rdx,[rip+0xd9fba4]        # 0x1415fdb28
literal	item-dice-face	0x85da20	0x85e1a8	0x85df8f	0x1602630	confused	lea    rdx,[rip+0xda469a]        # 0x141602630
literal	item-dice-face	0x85da20	0x85e1a8	0x85dfa1	0x1602a60	terrified	lea    rdx,[rip+0xda4ab8]        # 0x141602a60
literal	item-dice-face	0x85da20	0x85e1a8	0x85dfb3	0x15fda58	burning	lea    rdx,[rip+0xd9fa9e]        # 0x1415fda58
literal	item-dice-face	0x85da20	0x85e1a8	0x85dfc2	0x15fd898	weeping	lea    rdx,[rip+0xd9f8cf]        # 0x1415fd898
literal	item-dice-face	0x85da20	0x85e1a8	0x85dfd1	0x15fd878	screaming	lea    rdx,[rip+0xd9f8a0]        # 0x1415fd878
literal	item-dice-face	0x85da20	0x85e1a8	0x85dfda	0x16b1aa8	submitting	lea    rdx,[rip+0xe53ac7]        # 0x1416b1aa8
literal	item-dice-face	0x85da20	0x85e1a8	0x85dfe9	0x15fda3c	dead	lea    rdx,[rip+0xd9fa4c]        # 0x1415fda3c
literal	item-dice-face	0x85da20	0x85e1a8	0x85dff8	0x15fda30	laughing	lea    rdx,[rip+0xd9fa31]        # 0x1415fda30
literal	item-dice-face	0x85da20	0x85e1a8	0x85e007	0x16b1a48	offended	lea    rdx,[rip+0xe53a3a]        # 0x1416b1a48
literal	item-dice-face	0x85da20	0x85e1a8	0x85e016	0x16b1a38	plaintive	lea    rdx,[rip+0xe53a1b]        # 0x1416b1a38
literal	item-dice-face	0x85da20	0x85e1a8	0x85e025	0x15fd960	praying	lea    rdx,[rip+0xd9f934]        # 0x1415fd960
literal	item-dice-face	0x85da20	0x85e1a8	0x85e02e	0x16b1a68	triumphant	lea    rdx,[rip+0xe53a33]        # 0x1416b1a68
direct-call	item-dice-face	0x85da20	0x85e1a8	0x85e03e	0x6fa10		call   0x14006fa10
literal	item-dice-face	0x85da20	0x85e1a8	0x85e049	0x15e873c	 	lea    rdx,[rip+0xd8a6ec]        # 0x1415e873c
direct-call	item-dice-face	0x85da20	0x85e1a8	0x85e053	0x6fa10		call   0x14006fa10
direct-call	item-dice-face	0x85da20	0x85e1a8	0x85e096	0xb94ed0		call   0x140b94ed0
direct-call	item-dice-face	0x85da20	0x85e1a8	0x85e0b0	0x6fa10		call   0x14006fa10
indirect-call	item-dice-face	0x85da20	0x85e1a8	0x85e0e8	-		call   QWORD PTR [rip+0xd87a3a]        # 0x1415e5b28
direct-call	item-dice-face	0x85da20	0x85e1a8	0x85e0ef	0x1539680		call   0x141539680
direct-call	item-dice-face	0x85da20	0x85e1a8	0x85e0fb	0x1539660		call   0x141539660
formatter	item-dice-creature	0xb94ed0	0xb9501c	-	-		
direct-call	item-dice-creature	0xb94ed0	0xb9501c	0xb94f45	0xaa3770		call   0x140aa3770
direct-call	item-dice-creature	0xb94ed0	0xb9501c	0xb94f5e	0xaa3bd0		call   0x140aa3bd0
direct-call	item-dice-creature	0xb94ed0	0xb9501c	0xb94f7c	0x6fa10		call   0x14006fa10
indirect-call	item-dice-creature	0xb94ed0	0xb9501c	0xb94fb6	-		call   QWORD PTR [rip+0xa50b6c]        # 0x1415e5b28
direct-call	item-dice-creature	0xb94ed0	0xb9501c	0xb94fbd	0x1539680		call   0x141539680
direct-call	item-dice-creature	0xb94ed0	0xb9501c	0xb94fca	0x1539660		call   0x141539660
literal	item-dice-creature	0xb94ed0	0xb9501c	0xb94fdb	0x1662fa8	creature	lea    rdx,[rip+0xacdfc6]        # 0x141662fa8
direct-call	item-dice-creature	0xb94ed0	0xb9501c	0xb94fe5	0x6fa10		call   0x14006fa10
literal	item-dice-creature	0xb94ed0	0xb9501c	0xb94ffa	0x15e9298	s	lea    rdx,[rip+0xa54297]        # 0x1415e9298
direct-call	item-dice-creature	0xb94ed0	0xb9501c	0xb95004	0x6fa10		call   0x14006fa10
direct-call	item-dice-creature	0xb94ed0	0xb9501c	0xb95011	0x1539660		call   0x141539660
formatter	gem-material-shape	0x14e1ec0	0x14e2a28	-	-		
literal	gem-material-shape	0x14e1ec0	0x14e2a28	0x14e1f64	0x16cead8	green glass 	lea    rdx,[rip+0x1ecb6d]        # 0x1416cead8
direct-call	gem-material-shape	0x14e1ec0	0x14e2a28	0x14e1f6e	0x6fa10		call   0x14006fa10
literal	gem-material-shape	0x14e1ec0	0x14e2a28	0x14e1f84	0x16ceac8	clear glass 	lea    rdx,[rip+0x1ecb3d]        # 0x1416ceac8
direct-call	gem-material-shape	0x14e1ec0	0x14e2a28	0x14e1f8e	0x6fa10		call   0x14006fa10
literal	gem-material-shape	0x14e1ec0	0x14e2a28	0x14e1fa4	0x16ceab8	crystal glass 	lea    rdx,[rip+0x1ecb0d]        # 0x1416ceab8
direct-call	gem-material-shape	0x14e1ec0	0x14e2a28	0x14e1fae	0x6fa10		call   0x14006fa10
direct-call	gem-material-shape	0x14e1ec0	0x14e2a28	0x14e1fef	0x14add70		call   0x1414add70
direct-call	gem-material-shape	0x14e1ec0	0x14e2a28	0x14e201f	0x6f8d0		call   0x14006f8d0
direct-call	gem-material-shape	0x14e1ec0	0x14e2a28	0x14e2048	0x14d1920		call   0x1414d1920
direct-call	gem-material-shape	0x14e1ec0	0x14e2a28	0x14e2062	0x6fa10		call   0x14006fa10
literal	gem-material-shape	0x14e1ec0	0x14e2a28	0x14e206d	0x15e873c	 	lea    rdx,[rip+0x1066c8]        # 0x1415e873c
direct-call	gem-material-shape	0x14e1ec0	0x14e2a28	0x14e2077	0x6fa10		call   0x14006fa10
indirect-call	gem-material-shape	0x14e1ec0	0x14e2a28	0x14e20af	-		call   QWORD PTR [rip+0x103a73]        # 0x1415e5b28
direct-call	gem-material-shape	0x14e1ec0	0x14e2a28	0x14e20b6	0x1539680		call   0x141539680
direct-call	gem-material-shape	0x14e1ec0	0x14e2a28	0x14e20d0	0x6fa10		call   0x14006fa10
direct-call	gem-material-shape	0x14e1ec0	0x14e2a28	0x14e2112	0x6fa10		call   0x14006fa10
literal	gem-material-shape	0x14e1ec0	0x14e2a28	0x14e211d	0x15e873c	 	lea    rdx,[rip+0x106618]        # 0x1415e873c
direct-call	gem-material-shape	0x14e1ec0	0x14e2a28	0x14e2127	0x6fa10		call   0x14006fa10
literal	gem-material-shape	0x14e1ec0	0x14e2a28	0x14e2138	0x16cead8	green glass 	lea    rdx,[rip+0x1ec999]        # 0x1416cead8
direct-call	gem-material-shape	0x14e1ec0	0x14e2a28	0x14e2142	0x6fa10		call   0x14006fa10
literal	gem-material-shape	0x14e1ec0	0x14e2a28	0x14e2158	0x16ceac8	clear glass 	lea    rdx,[rip+0x1ec969]        # 0x1416ceac8
direct-call	gem-material-shape	0x14e1ec0	0x14e2a28	0x14e2162	0x6fa10		call   0x14006fa10
literal	gem-material-shape	0x14e1ec0	0x14e2a28	0x14e2178	0x16ceab8	crystal glass 	lea    rdx,[rip+0x1ec939]        # 0x1416ceab8
direct-call	gem-material-shape	0x14e1ec0	0x14e2a28	0x14e2182	0x6fa10		call   0x14006fa10
direct-call	gem-material-shape	0x14e1ec0	0x14e2a28	0x14e21c3	0x14add70		call   0x1414add70
direct-call	gem-material-shape	0x14e1ec0	0x14e2a28	0x14e21f3	0x6f8d0		call   0x14006f8d0
direct-call	gem-material-shape	0x14e1ec0	0x14e2a28	0x14e221c	0x14d1920		call   0x1414d1920
direct-call	gem-material-shape	0x14e1ec0	0x14e2a28	0x14e2236	0x6fa10		call   0x14006fa10
literal	gem-material-shape	0x14e1ec0	0x14e2a28	0x14e2241	0x15e873c	 	lea    rdx,[rip+0x1064f4]        # 0x1415e873c
direct-call	gem-material-shape	0x14e1ec0	0x14e2a28	0x14e224b	0x6fa10		call   0x14006fa10
direct-call	gem-material-shape	0x14e1ec0	0x14e2a28	0x14e2255	0x6f850		call   0x14006f850
direct-call	gem-material-shape	0x14e1ec0	0x14e2a28	0x14e226f	0x6fa10		call   0x14006fa10
direct-call	gem-material-shape	0x14e1ec0	0x14e2a28	0x14e22b1	0x6fa10		call   0x14006fa10
literal	gem-material-shape	0x14e1ec0	0x14e2a28	0x14e22bc	0x15e873c	 	lea    rdx,[rip+0x106479]        # 0x1415e873c
direct-call	gem-material-shape	0x14e1ec0	0x14e2a28	0x14e22c6	0x6fa10		call   0x14006fa10
literal	gem-material-shape	0x14e1ec0	0x14e2a28	0x14e22d7	0x1789478	green glass gems	lea    rdx,[rip+0x2a719a]        # 0x141789478
direct-call	gem-material-shape	0x14e1ec0	0x14e2a28	0x14e22e1	0x6fa10		call   0x14006fa10
literal	gem-material-shape	0x14e1ec0	0x14e2a28	0x14e22f9	0x1789490	clear glass gems	lea    rdx,[rip+0x2a7190]        # 0x141789490
direct-call	gem-material-shape	0x14e1ec0	0x14e2a28	0x14e2303	0x6fa10		call   0x14006fa10
literal	gem-material-shape	0x14e1ec0	0x14e2a28	0x14e231b	0x1789440	crystal glass gems	lea    rdx,[rip+0x2a711e]        # 0x141789440
direct-call	gem-material-shape	0x14e1ec0	0x14e2a28	0x14e2325	0x6fa10		call   0x14006fa10
direct-call	gem-material-shape	0x14e1ec0	0x14e2a28	0x14e2377	0x14d1790		call   0x1414d1790
direct-call	gem-material-shape	0x14e1ec0	0x14e2a28	0x14e2395	0x6fa10		call   0x14006fa10
indirect-call	gem-material-shape	0x14e1ec0	0x14e2a28	0x14e23db	-		call   QWORD PTR [rip+0x103747]        # 0x1415e5b28
literal	gem-material-shape	0x14e1ec0	0x14e2a28	0x14e23e8	0x16ce760	gems	lea    rdx,[rip+0x1ec371]        # 0x1416ce760
direct-call	gem-material-shape	0x14e1ec0	0x14e2a28	0x14e23f2	0x6fa10		call   0x14006fa10
literal	gem-material-shape	0x14e1ec0	0x14e2a28	0x14e2412	0x16cead8	green glass 	lea    rdx,[rip+0x1ec6bf]        # 0x1416cead8
direct-call	gem-material-shape	0x14e1ec0	0x14e2a28	0x14e241c	0x6fa10		call   0x14006fa10
literal	gem-material-shape	0x14e1ec0	0x14e2a28	0x14e2432	0x16ceac8	clear glass 	lea    rdx,[rip+0x1ec68f]        # 0x1416ceac8
direct-call	gem-material-shape	0x14e1ec0	0x14e2a28	0x14e243c	0x6fa10		call   0x14006fa10
literal	gem-material-shape	0x14e1ec0	0x14e2a28	0x14e2452	0x16ceab8	crystal glass 	lea    rdx,[rip+0x1ec65f]        # 0x1416ceab8
direct-call	gem-material-shape	0x14e1ec0	0x14e2a28	0x14e245c	0x6fa10		call   0x14006fa10
direct-call	gem-material-shape	0x14e1ec0	0x14e2a28	0x14e249d	0x14add70		call   0x1414add70
direct-call	gem-material-shape	0x14e1ec0	0x14e2a28	0x14e24cd	0x6f8d0		call   0x14006f8d0
direct-call	gem-material-shape	0x14e1ec0	0x14e2a28	0x14e24f6	0x14d1920		call   0x1414d1920
direct-call	gem-material-shape	0x14e1ec0	0x14e2a28	0x14e2510	0x6fa10		call   0x14006fa10
literal	gem-material-shape	0x14e1ec0	0x14e2a28	0x14e251b	0x15e873c	 	lea    rdx,[rip+0x10621a]        # 0x1415e873c
direct-call	gem-material-shape	0x14e1ec0	0x14e2a28	0x14e2525	0x6fa10		call   0x14006fa10
indirect-call	gem-material-shape	0x14e1ec0	0x14e2a28	0x14e255d	-		call   QWORD PTR [rip+0x1035c5]        # 0x1415e5b28
direct-call	gem-material-shape	0x14e1ec0	0x14e2a28	0x14e2564	0x1539680		call   0x141539680
direct-call	gem-material-shape	0x14e1ec0	0x14e2a28	0x14e2588	0x6fa10		call   0x14006fa10
direct-call	gem-material-shape	0x14e1ec0	0x14e2a28	0x14e25ca	0x6fa10		call   0x14006fa10
literal	gem-material-shape	0x14e1ec0	0x14e2a28	0x14e25d5	0x15e873c	 	lea    rdx,[rip+0x106160]        # 0x1415e873c
direct-call	gem-material-shape	0x14e1ec0	0x14e2a28	0x14e25df	0x6fa10		call   0x14006fa10
literal	gem-material-shape	0x14e1ec0	0x14e2a28	0x14e25f0	0x16cead8	green glass 	lea    rdx,[rip+0x1ec4e1]        # 0x1416cead8
direct-call	gem-material-shape	0x14e1ec0	0x14e2a28	0x14e25fa	0x6fa10		call   0x14006fa10
literal	gem-material-shape	0x14e1ec0	0x14e2a28	0x14e2610	0x16ceac8	clear glass 	lea    rdx,[rip+0x1ec4b1]        # 0x1416ceac8
direct-call	gem-material-shape	0x14e1ec0	0x14e2a28	0x14e261a	0x6fa10		call   0x14006fa10
literal	gem-material-shape	0x14e1ec0	0x14e2a28	0x14e2630	0x16ceab8	crystal glass 	lea    rdx,[rip+0x1ec481]        # 0x1416ceab8
direct-call	gem-material-shape	0x14e1ec0	0x14e2a28	0x14e263a	0x6fa10		call   0x14006fa10
direct-call	gem-material-shape	0x14e1ec0	0x14e2a28	0x14e267b	0x14add70		call   0x1414add70
direct-call	gem-material-shape	0x14e1ec0	0x14e2a28	0x14e26ab	0x6f8d0		call   0x14006f8d0
direct-call	gem-material-shape	0x14e1ec0	0x14e2a28	0x14e26d4	0x14d1920		call   0x1414d1920
direct-call	gem-material-shape	0x14e1ec0	0x14e2a28	0x14e26ee	0x6fa10		call   0x14006fa10
literal	gem-material-shape	0x14e1ec0	0x14e2a28	0x14e26f9	0x15e873c	 	lea    rdx,[rip+0x10603c]        # 0x1415e873c
direct-call	gem-material-shape	0x14e1ec0	0x14e2a28	0x14e2703	0x6fa10		call   0x14006fa10
indirect-call	gem-material-shape	0x14e1ec0	0x14e2a28	0x14e273b	-		call   QWORD PTR [rip+0x1033e7]        # 0x1415e5b28
direct-call	gem-material-shape	0x14e1ec0	0x14e2a28	0x14e2742	0x1539680		call   0x141539680
direct-call	gem-material-shape	0x14e1ec0	0x14e2a28	0x14e2766	0x6fa10		call   0x14006fa10
direct-call	gem-material-shape	0x14e1ec0	0x14e2a28	0x14e27a8	0x6fa10		call   0x14006fa10
literal	gem-material-shape	0x14e1ec0	0x14e2a28	0x14e27b3	0x15e873c	 	lea    rdx,[rip+0x105f82]        # 0x1415e873c
direct-call	gem-material-shape	0x14e1ec0	0x14e2a28	0x14e27bd	0x6fa10		call   0x14006fa10
literal	gem-material-shape	0x14e1ec0	0x14e2a28	0x14e27ce	0x16cead8	green glass 	lea    rdx,[rip+0x1ec303]        # 0x1416cead8
direct-call	gem-material-shape	0x14e1ec0	0x14e2a28	0x14e27d8	0x6fa10		call   0x14006fa10
literal	gem-material-shape	0x14e1ec0	0x14e2a28	0x14e27eb	0x16ceac8	clear glass 	lea    rdx,[rip+0x1ec2d6]        # 0x1416ceac8
direct-call	gem-material-shape	0x14e1ec0	0x14e2a28	0x14e27f5	0x6fa10		call   0x14006fa10
literal	gem-material-shape	0x14e1ec0	0x14e2a28	0x14e2808	0x16ceab8	crystal glass 	lea    rdx,[rip+0x1ec2a9]        # 0x1416ceab8
direct-call	gem-material-shape	0x14e1ec0	0x14e2a28	0x14e2812	0x6fa10		call   0x14006fa10
literal	gem-material-shape	0x14e1ec0	0x14e2a28	0x14e2833	0x16158fc	gem	lea    rdx,[rip+0x1330c2]        # 0x1416158fc
direct-call	gem-material-shape	0x14e1ec0	0x14e2a28	0x14e283d	0x6fa10		call   0x14006fa10
direct-call	gem-material-shape	0x14e1ec0	0x14e2a28	0x14e2851	0xb9b80		call   0x1400b9b80
direct-call	gem-material-shape	0x14e1ec0	0x14e2a28	0x14e289e	0x14d1790		call   0x1414d1790
direct-call	gem-material-shape	0x14e1ec0	0x14e2a28	0x14e28aa	0x14add70		call   0x1414add70
direct-call	gem-material-shape	0x14e1ec0	0x14e2a28	0x14e28dc	0x6f8d0		call   0x14006f8d0
direct-call	gem-material-shape	0x14e1ec0	0x14e2a28	0x14e2905	0x14d1920		call   0x1414d1920
direct-call	gem-material-shape	0x14e1ec0	0x14e2a28	0x14e2923	0x6fa10		call   0x14006fa10
indirect-call	gem-material-shape	0x14e1ec0	0x14e2a28	0x14e2961	-		call   QWORD PTR [rip+0x1031c1]        # 0x1415e5b28
direct-call	gem-material-shape	0x14e1ec0	0x14e2a28	0x14e2968	0x1539680		call   0x141539680
direct-call	gem-material-shape	0x14e1ec0	0x14e2a28	0x14e29b1	0x14d1920		call   0x1414d1920
direct-call	gem-material-shape	0x14e1ec0	0x14e2a28	0x14e29cf	0x6fa10		call   0x14006fa10
literal	gem-material-shape	0x14e1ec0	0x14e2a28	0x14e29da	0x16ceab0	 gem	lea    rdx,[rip+0x1ec0cf]        # 0x1416ceab0
direct-call	gem-material-shape	0x14e1ec0	0x14e2a28	0x14e29e4	0x6fa10		call   0x14006fa10
direct-call	gem-material-shape	0x14e1ec0	0x14e2a28	0x14e29f4	0xb9b80		call   0x1400b9b80
direct-call	gem-material-shape	0x14e1ec0	0x14e2a28	0x14e29ff	0x6f850		call   0x14006f850
direct-call	gem-material-shape	0x14e1ec0	0x14e2a28	0x14e2a11	0x1539660		call   0x141539660
formatter	material-raw-selection	0x14add70	0x14ade9f	-	-		
direct-call	material-raw-selection	0x14add70	0x14ade9f	0x14ade88	0x701e70		call   0x140701e70
formatter	material-state-selection	0x14d16f0	0x14d1781	-	-		
direct-call	material-state-selection	0x14d16f0	0x14d1781	0x14d1717	0x14add70		call   0x1414add70
direct-call	material-state-selection	0x14d16f0	0x14d1781	0x14d1742	0x6f8d0		call   0x14006f8d0
direct-call	material-state-selection	0x14d16f0	0x14d1781	0x14d1765	0x14d1920		call   0x1414d1920
formatter	material-adjective-selection	0x14d1790	0x14d1911	-	-		
direct-call	material-adjective-selection	0x14d1790	0x14d1911	0x14d17bd	0x14add70		call   0x1414add70
literal	material-adjective-selection	0x14d1790	0x14d1911	0x14d1808	0x167c5d0	NP	lea    rdx,[rip+0x1aadc1]        # 0x14167c5d0
direct-call	material-adjective-selection	0x14d1790	0x14d1911	0x14d180f	0x153ae14		call   0x14153ae14
direct-call	material-adjective-selection	0x14d1790	0x14d1911	0x14d1836	0x6f8d0		call   0x14006f8d0
literal	material-adjective-selection	0x14d1790	0x14d1911	0x14d1852	0x167c5cc	STP	lea    rdx,[rip+0x1aad73]        # 0x14167c5cc
direct-call	material-adjective-selection	0x14d1790	0x14d1911	0x14d185c	0x153ae14		call   0x14153ae14
direct-call	material-adjective-selection	0x14d1790	0x14d1911	0x14d1871	0x724a30		call   0x140724a30
direct-call	material-adjective-selection	0x14d1790	0x14d1911	0x14d187c	0x1f9bd0		call   0x1401f9bd0
direct-call	material-adjective-selection	0x14d1790	0x14d1911	0x14d1886	0x6f850		call   0x14006f850
direct-call	material-adjective-selection	0x14d1790	0x14d1911	0x14d18a7	0x6f8d0		call   0x14006f8d0
direct-call	material-adjective-selection	0x14d1790	0x14d1911	0x14d18cf	0x6f8d0		call   0x14006f8d0
direct-call	material-adjective-selection	0x14d1790	0x14d1911	0x14d18f2	0x14d1920		call   0x1414d1920
direct-call	material-adjective-selection	0x14d1790	0x14d1911	0x14d1901	0x1539660		call   0x141539660
formatter	craft-profession-name	0x1bb330	0x1bb3fc	-	-		
direct-call	craft-profession-name	0x1bb330	0x1bb3fc	0x1bb3a7	0x6f8d0		call   0x14006f8d0
action-singular	transitive:1	0x146750	0x146ea4	0x146dec	0x146a7f	{subject} is surrounded by {object}.	count == 1
action-plural	transitive:1	0x146750	0x146ea4	0x146dec	0x146a7f	{subject} are surrounded by {object}.	count != 1
action-singular	transitive:2	0x146750	0x146ea4	0x146df0	0x146aa0	{subject} is massacring {object}.	count == 1
action-plural	transitive:2	0x146750	0x146ea4	0x146df0	0x146aa0	{subject} are massacring {object}.	count != 1
action-singular	transitive:3	0x146750	0x146ea4	0x146df4	0x146ac1	{subject} is fighting with {object}.	count == 1
action-plural	transitive:3	0x146750	0x146ea4	0x146df4	0x146ac1	{subject} are fighting with {object}.	count != 1
action-empty	transitive:4	0x146750	0x146ea4	0x146df8	0x146ce8	{subject}.	no predicate/object; invalid subject OR transitive object indexes return empty
action-singular	transitive:5	0x146750	0x146ea4	0x146dfc	0x146ae2	{subject} is greeting {object}.	count == 1
action-plural	transitive:5	0x146750	0x146ea4	0x146dfc	0x146ae2	{subject} are greeting {object}.	count != 1
action-singular	transitive:6	0x146750	0x146ea4	0x146e00	0x146b03	{subject} is refusing {object}.	count == 1
action-plural	transitive:6	0x146750	0x146ea4	0x146e00	0x146b03	{subject} are refusing {object}.	count != 1
action-singular	transitive:7	0x146750	0x146ea4	0x146e04	0x146b24	{subject} is speaking with {object}.	count == 1
action-plural	transitive:7	0x146750	0x146ea4	0x146e04	0x146b24	{subject} are speaking with {object}.	count != 1
action-singular	transitive:8	0x146750	0x146ea4	0x146e08	0x146b45	{subject} is embracing {object}.	count == 1
action-plural	transitive:8	0x146750	0x146ea4	0x146e08	0x146b45	{subject} are embracing {object}.	count != 1
action-singular	transitive:9	0x146750	0x146ea4	0x146e0c	0x146b66	{subject} is striking down {object}.	count == 1
action-plural	transitive:9	0x146750	0x146ea4	0x146e0c	0x146b66	{subject} are striking down {object}.	count != 1
action-empty	transitive:10	0x146750	0x146ea4	0x146e10	0x146ce8	{subject}.	no predicate/object; invalid subject OR transitive object indexes return empty
action-empty	transitive:11	0x146750	0x146ea4	0x146e14	0x146ce8	{subject}.	no predicate/object; invalid subject OR transitive object indexes return empty
action-singular	transitive:12	0x146750	0x146ea4	0x146e18	0x146b87	{subject} is raising {object}.	count == 1
action-plural	transitive:12	0x146750	0x146ea4	0x146e18	0x146b87	{subject} are raising {object}.	count != 1
action-singular	transitive:13	0x146750	0x146ea4	0x146e1c	0x146ba8	{subject} is hiding {object}.	count == 1
action-plural	transitive:13	0x146750	0x146ea4	0x146e1c	0x146ba8	{subject} are hiding {object}.	count != 1
action-empty	transitive:14	0x146750	0x146ea4	0x146e20	0x146ce8	{subject}.	no predicate/object; invalid subject OR transitive object indexes return empty
action-empty	transitive:15	0x146750	0x146ea4	0x146e24	0x146ce8	{subject}.	no predicate/object; invalid subject OR transitive object indexes return empty
action-singular	transitive:16	0x146750	0x146ea4	0x146e28	0x1469fb	{subject} is devouring {object}.	count == 1
action-plural	transitive:16	0x146750	0x146ea4	0x146e28	0x1469fb	{subject} are devouring {object}.	count != 1
action-singular	transitive:17	0x146750	0x146ea4	0x146e2c	0x146a1c	{subject} is admiring {object}.	count == 1
action-plural	transitive:17	0x146750	0x146ea4	0x146e2c	0x146a1c	{subject} are admiring {object}.	count != 1
action-singular	transitive:18	0x146750	0x146ea4	0x146e30	0x146a3d	{subject} is burning {object}.	count == 1
action-plural	transitive:18	0x146750	0x146ea4	0x146e30	0x146a3d	{subject} are burning {object}.	count != 1
action-empty	transitive:19	0x146750	0x146ea4	0x146e34	0x146ce8	{subject}.	no predicate/object; invalid subject OR transitive object indexes return empty
action-empty	transitive:20	0x146750	0x146ea4	0x146e38	0x146ce8	{subject}.	no predicate/object; invalid subject OR transitive object indexes return empty
action-empty	transitive:21	0x146750	0x146ea4	0x146e3c	0x146ce8	{subject}.	no predicate/object; invalid subject OR transitive object indexes return empty
action-empty	transitive:22	0x146750	0x146ea4	0x146e40	0x146ce8	{subject}.	no predicate/object; invalid subject OR transitive object indexes return empty
action-empty	transitive:23	0x146750	0x146ea4	0x146e44	0x146ce8	{subject}.	no predicate/object; invalid subject OR transitive object indexes return empty
action-empty	transitive:24	0x146750	0x146ea4	0x146e48	0x146ce8	{subject}.	no predicate/object; invalid subject OR transitive object indexes return empty
action-empty	transitive:25	0x146750	0x146ea4	0x146e4c	0x146ce8	{subject}.	no predicate/object; invalid subject OR transitive object indexes return empty
action-empty	transitive:26	0x146750	0x146ea4	0x146e50	0x146ce8	{subject}.	no predicate/object; invalid subject OR transitive object indexes return empty
action-empty	transitive:27	0x146750	0x146ea4	0x146e54	0x146ce8	{subject}.	no predicate/object; invalid subject OR transitive object indexes return empty
action-empty	transitive:28	0x146750	0x146ea4	0x146e58	0x146ce8	{subject}.	no predicate/object; invalid subject OR transitive object indexes return empty
action-empty	transitive:29	0x146750	0x146ea4	0x146e5c	0x146ce8	{subject}.	no predicate/object; invalid subject OR transitive object indexes return empty
action-empty	transitive:30	0x146750	0x146ea4	0x146e60	0x146ce8	{subject}.	no predicate/object; invalid subject OR transitive object indexes return empty
action-empty	transitive:31	0x146750	0x146ea4	0x146e64	0x146ce8	{subject}.	no predicate/object; invalid subject OR transitive object indexes return empty
action-empty	transitive:32	0x146750	0x146ea4	0x146e68	0x146ce8	{subject}.	no predicate/object; invalid subject OR transitive object indexes return empty
action-singular	transitive:33	0x146750	0x146ea4	0x146e6c	0x146a5e	{subject} is shooting {object}.	count == 1
action-plural	transitive:33	0x146750	0x146ea4	0x146e6c	0x146a5e	{subject} are shooting {object}.	count != 1
action-singular	transitive:34	0x146750	0x146ea4	0x146e70	0x1469b9	{subject} is torturing {object}.	count == 1
action-plural	transitive:34	0x146750	0x146ea4	0x146e70	0x1469b9	{subject} are torturing {object}.	count != 1
action-singular	transitive:35	0x146750	0x146ea4	0x146e74	0x1469da	{subject} is committing a depraved act upon {object}.	count == 1
action-plural	transitive:35	0x146750	0x146ea4	0x146e74	0x1469da	{subject} are committing a depraved act upon {object}.	count != 1
action-singular	transitive:36	0x146750	0x146ea4	0x146e78	0x146bc9	{subject} is praying to {object}.	count == 1
action-plural	transitive:36	0x146750	0x146ea4	0x146e78	0x146bc9	{subject} are praying to {object}.	count != 1
action-singular	transitive:37	0x146750	0x146ea4	0x146e7c	0x146bea	{subject} is contemplating {object}.	count == 1
action-plural	transitive:37	0x146750	0x146ea4	0x146e7c	0x146bea	{subject} are contemplating {object}.	count != 1
action-singular	transitive:38	0x146750	0x146ea4	0x146e80	0x146c0b	{subject} is cooking {object}.	count == 1
action-plural	transitive:38	0x146750	0x146ea4	0x146e80	0x146c0b	{subject} are cooking {object}.	count != 1
action-singular	transitive:39	0x146750	0x146ea4	0x146e84	0x146c2c	{subject} is engraving {object}.	count == 1
action-plural	transitive:39	0x146750	0x146ea4	0x146e84	0x146c2c	{subject} are engraving {object}.	count != 1
action-singular	transitive:40	0x146750	0x146ea4	0x146e88	0x1468d6	{subject} is prostrating itself before {object}.	count == 1
action-plural	transitive:40	0x146750	0x146ea4	0x146e88	0x1468d6	{subject} are prostrating themselves before {object}.	count != 1
action-empty	transitive:41	0x146750	0x146ea4	0x146e8c	0x146ce8	{subject}.	no predicate/object; invalid subject OR transitive object indexes return empty
action-singular	transitive:42	0x146750	0x146ea4	0x146e90	0x146c4a	{subject} is impaled on {object}.	count == 1
action-plural	transitive:42	0x146750	0x146ea4	0x146e90	0x146c4a	{subject} are impaled on {object}.	count != 1
action-empty	transitive:43	0x146750	0x146ea4	0x146e94	0x146ce8	{subject}.	no predicate/object; invalid subject OR transitive object indexes return empty
action-singular	transitive:44	0x146750	0x146ea4	0x146e98	0x146c68	{subject} is being flayed by {object}.	count == 1
action-plural	transitive:44	0x146750	0x146ea4	0x146e98	0x146c68	{subject} are being flayed by {object}.	count != 1
action-singular	transitive:45	0x146750	0x146ea4	0x146e9c	0x146c86	{subject} is hanging from {object}.	count == 1
action-plural	transitive:45	0x146750	0x146ea4	0x146e9c	0x146c86	{subject} are hanging from {object}.	count != 1
action-singular	transitive:46	0x146750	0x146ea4	0x146ea0	0x146ca4	{subject} is being mutilated by {object}.	count == 1
action-plural	transitive:46	0x146750	0x146ea4	0x146ea0	0x146ca4	{subject} are being mutilated by {object}.	count != 1
action-singular	intransitive:0	0x146eb0	0x147640	0x147580	0x147364	{subject} is withering away.	count == 1
action-plural	intransitive:0	0x146eb0	0x147640	0x147580	0x147364	{subject} are withering away.	count != 1
action-empty	intransitive:1	0x146eb0	0x147640	0x147584	0x1474c7	{subject}.	no predicate/object; invalid subject OR transitive object indexes return empty
action-empty	intransitive:2	0x146eb0	0x147640	0x147588	0x1474c7	{subject}.	no predicate/object; invalid subject OR transitive object indexes return empty
action-empty	intransitive:3	0x146eb0	0x147640	0x14758c	0x1474c7	{subject}.	no predicate/object; invalid subject OR transitive object indexes return empty
action-singular	intransitive:4	0x146eb0	0x147640	0x147590	0x1473c7	{subject} is laboring.	count == 1
action-plural	intransitive:4	0x146eb0	0x147640	0x147590	0x1473c7	{subject} are laboring.	count != 1
action-empty	intransitive:5	0x146eb0	0x147640	0x147594	0x1474c7	{subject}.	no predicate/object; invalid subject OR transitive object indexes return empty
action-empty	intransitive:6	0x146eb0	0x147640	0x147598	0x1474c7	{subject}.	no predicate/object; invalid subject OR transitive object indexes return empty
action-empty	intransitive:7	0x146eb0	0x147640	0x14759c	0x1474c7	{subject}.	no predicate/object; invalid subject OR transitive object indexes return empty
action-empty	intransitive:8	0x146eb0	0x147640	0x1475a0	0x1474c7	{subject}.	no predicate/object; invalid subject OR transitive object indexes return empty
action-empty	intransitive:9	0x146eb0	0x147640	0x1475a4	0x1474c7	{subject}.	no predicate/object; invalid subject OR transitive object indexes return empty
action-singular	intransitive:10	0x146eb0	0x147640	0x1475a8	0x147385	{subject} is striking a menacing pose.	count == 1
action-plural	intransitive:10	0x146eb0	0x147640	0x1475a8	0x147385	{subject} are striking a menacing pose.	count != 1
action-singular	intransitive:11	0x146eb0	0x147640	0x1475ac	0x1473e8	{subject} is traveling.	count == 1
action-plural	intransitive:11	0x146eb0	0x147640	0x1475ac	0x1473e8	{subject} are traveling.	count != 1
action-empty	intransitive:12	0x146eb0	0x147640	0x1475b0	0x1474c7	{subject}.	no predicate/object; invalid subject OR transitive object indexes return empty
action-empty	intransitive:13	0x146eb0	0x147640	0x1475b4	0x1474c7	{subject}.	no predicate/object; invalid subject OR transitive object indexes return empty
action-singular	intransitive:14	0x146eb0	0x147640	0x1475b8	0x1472ee	{subject} looks confused.	count == 1
action-plural	intransitive:14	0x146eb0	0x147640	0x1475b8	0x1472ee	{subject} look confused.	count != 1
action-singular	intransitive:15	0x146eb0	0x147640	0x1475bc	0x147244	{subject} looks terrified.	count == 1
action-plural	intransitive:15	0x146eb0	0x147640	0x1475bc	0x147244	{subject} look terrified.	count != 1
action-empty	intransitive:16	0x146eb0	0x147640	0x1475c0	0x1474c7	{subject}.	no predicate/object; invalid subject OR transitive object indexes return empty
action-empty	intransitive:17	0x146eb0	0x147640	0x1475c4	0x1474c7	{subject}.	no predicate/object; invalid subject OR transitive object indexes return empty
action-singular	intransitive:18	0x146eb0	0x147640	0x1475c8	0x1471ce	{subject} is burning.	count == 1
action-plural	intransitive:18	0x146eb0	0x147640	0x1475c8	0x1471ce	{subject} are burning.	count != 1
action-singular	intransitive:19	0x146eb0	0x147640	0x1475cc	0x147000	{subject} is weeping.	count == 1
action-plural	intransitive:19	0x146eb0	0x147640	0x1475cc	0x147000	{subject} are weeping.	count != 1
action-singular	intransitive:20	0x146eb0	0x147640	0x1475d0	0x1471ef	{subject} looks dejected.	count == 1
action-plural	intransitive:20	0x146eb0	0x147640	0x1475d0	0x1471ef	{subject} look dejected.	count != 1
action-singular	intransitive:21	0x146eb0	0x147640	0x1475d4	0x147021	{subject} is cringing.	count == 1
action-plural	intransitive:21	0x146eb0	0x147640	0x1475d4	0x147021	{subject} are cringing.	count != 1
action-singular	intransitive:22	0x146eb0	0x147640	0x1475d8	0x147042	{subject} is screaming.	count == 1
action-plural	intransitive:22	0x146eb0	0x147640	0x1475d8	0x147042	{subject} are screaming.	count != 1
action-singular	intransitive:23	0x146eb0	0x147640	0x1475dc	0x1470a5	{subject} is making a submissive gesture.	count == 1
action-plural	intransitive:23	0x146eb0	0x147640	0x1475dc	0x1470a5	{subject} are making a submissive gesture.	count != 1
action-singular	intransitive:24	0x146eb0	0x147640	0x1475e0	0x1470c6	{subject} is in a fetal position.	count == 1
action-plural	intransitive:24	0x146eb0	0x147640	0x1475e0	0x1470c6	{subject} are in a fetal position.	count != 1
action-singular	intransitive:25	0x146eb0	0x147640	0x1475e4	0x1470e7	{subject} is smeared out into a spiral.	count == 1
action-plural	intransitive:25	0x146eb0	0x147640	0x1475e4	0x1470e7	{subject} are smeared out into a spiral.	count != 1
action-singular	intransitive:26	0x146eb0	0x147640	0x1475e8	0x147108	{subject} is falling.	count == 1
action-plural	intransitive:26	0x146eb0	0x147640	0x1475e8	0x147108	{subject} are falling.	count != 1
action-singular	intransitive:27	0x146eb0	0x147640	0x1475ec	0x147129	{subject} is dead.	count == 1
action-plural	intransitive:27	0x146eb0	0x147640	0x1475ec	0x147129	{subject} are dead.	count != 1
action-singular	intransitive:28	0x146eb0	0x147640	0x1475f0	0x14714a	{subject} is laughing.	count == 1
action-plural	intransitive:28	0x146eb0	0x147640	0x1475f0	0x14714a	{subject} are laughing.	count != 1
action-singular	intransitive:29	0x146eb0	0x147640	0x1475f4	0x147299	{subject} looks offended.	count == 1
action-plural	intransitive:29	0x146eb0	0x147640	0x1475f4	0x147299	{subject} look offended.	count != 1
action-singular	intransitive:30	0x146eb0	0x147640	0x1475f8	0x14716b	{subject} is being shot.	count == 1
action-plural	intransitive:30	0x146eb0	0x147640	0x1475f8	0x14716b	{subject} are being shot.	count != 1
action-singular	intransitive:31	0x146eb0	0x147640	0x1475fc	0x14718c	{subject} is making a plaintive gesture.	count == 1
action-plural	intransitive:31	0x146eb0	0x147640	0x1475fc	0x14718c	{subject} are making a plaintive gesture.	count != 1
action-singular	intransitive:32	0x146eb0	0x147640	0x147600	0x1471ad	{subject} is melting.	count == 1
action-plural	intransitive:32	0x146eb0	0x147640	0x147600	0x1471ad	{subject} are melting.	count != 1
action-empty	intransitive:33	0x146eb0	0x147640	0x147604	0x1474c7	{subject}.	no predicate/object; invalid subject OR transitive object indexes return empty
action-singular	intransitive:34	0x146eb0	0x147640	0x147608	0x147063	{subject} is being tortured.	count == 1
action-plural	intransitive:34	0x146eb0	0x147640	0x147608	0x147063	{subject} are being tortured.	count != 1
action-singular	intransitive:35	0x146eb0	0x147640	0x14760c	0x147084	{subject} is committing a depraved act.	count == 1
action-plural	intransitive:35	0x146eb0	0x147640	0x14760c	0x147084	{subject} are committing a depraved act.	count != 1
action-singular	intransitive:36	0x146eb0	0x147640	0x147610	0x146fdf	{subject} is praying.	count == 1
action-plural	intransitive:36	0x146eb0	0x147640	0x147610	0x146fdf	{subject} are praying.	count != 1
action-singular	intransitive:37	0x146eb0	0x147640	0x147614	0x147409	{subject} is contemplating.	count == 1
action-plural	intransitive:37	0x146eb0	0x147640	0x147614	0x147409	{subject} are contemplating.	count != 1
action-singular	intransitive:38	0x146eb0	0x147640	0x147618	0x14742a	{subject} is cooking.	count == 1
action-plural	intransitive:38	0x146eb0	0x147640	0x147618	0x14742a	{subject} are cooking.	count != 1
action-singular	intransitive:39	0x146eb0	0x147640	0x14761c	0x147448	{subject} is engraving.	count == 1
action-plural	intransitive:39	0x146eb0	0x147640	0x14761c	0x147448	{subject} are engraving.	count != 1
action-empty	intransitive:40	0x146eb0	0x147640	0x147620	0x1474c7	{subject}.	no predicate/object; invalid subject OR transitive object indexes return empty
action-singular	intransitive:41	0x146eb0	0x147640	0x147624	0x147343	{subject} is suffering.	count == 1
action-plural	intransitive:41	0x146eb0	0x147640	0x147624	0x147343	{subject} are suffering.	count != 1
action-empty	intransitive:42	0x146eb0	0x147640	0x147628	0x1474c7	{subject}.	no predicate/object; invalid subject OR transitive object indexes return empty
action-singular	intransitive:43	0x146eb0	0x147640	0x14762c	0x147466	{subject} is unnaturally contorted.	count == 1
action-plural	intransitive:43	0x146eb0	0x147640	0x14762c	0x147466	{subject} are unnaturally contorted.	count != 1
action-singular	intransitive:44	0x146eb0	0x147640	0x147630	0x147484	{subject} is being flayed.	count == 1
action-plural	intransitive:44	0x146eb0	0x147640	0x147630	0x147484	{subject} are being flayed.	count != 1
action-empty	intransitive:45	0x146eb0	0x147640	0x147634	0x1474c7	{subject}.	no predicate/object; invalid subject OR transitive object indexes return empty
action-singular	intransitive:46	0x146eb0	0x147640	0x147638	0x1474a2	{subject} is being mutilated.	count == 1
action-plural	intransitive:46	0x146eb0	0x147640	0x147638	0x1474a2	{subject} are being mutilated.	count != 1
action-singular	intransitive:47	0x146eb0	0x147640	0x14763c	0x1473a6	{subject} is striking a triumphant pose.	count == 1
action-plural	intransitive:47	0x146eb0	0x147640	0x14763c	0x1473a6	{subject} are striking a triumphant pose.	count != 1
sphere	0	0x756690	0x757174	0x757174	0x7566b5	agriculture	noun RVA=0x16a1b08; article selector at 0x75661c
sphere	1	0x756690	0x757174	0x757178	0x7566ca	animals	noun RVA=0x16a1250; article selector at 0x75661c
sphere	2	0x756690	0x757174	0x75717c	0x7566df	art	noun RVA=0x16a1258; article selector at 0x75661c
sphere	3	0x756690	0x757174	0x757180	0x7566f4	balance	noun RVA=0x16a1260; article selector at 0x75661c
sphere	4	0x756690	0x757174	0x757184	0x756709	beauty	noun RVA=0x16a1268; article selector at 0x75661c
sphere	5	0x756690	0x757174	0x757188	0x75671e	birth	noun RVA=0x16a1270; article selector at 0x75661c
sphere	6	0x756690	0x757174	0x75718c	0x756733	blight	noun RVA=0x16a1278; article selector at 0x75661c
sphere	7	0x756690	0x757174	0x757190	0x756748	boundaries	noun RVA=0x16a1280; article selector at 0x75661c
sphere	8	0x756690	0x757174	0x757194	0x75675d	caverns	noun RVA=0x16a1290; article selector at 0x75661c
sphere	9	0x756690	0x757174	0x757198	0x756772	chaos	noun RVA=0x16a1298; article selector at 0x75661c
sphere	10	0x756690	0x757174	0x75719c	0x756787	charity	noun RVA=0x16a12a0; article selector at 0x75661c
sphere	11	0x756690	0x757174	0x7571a0	0x75679c	children	noun RVA=0x16a12a8; article selector at 0x75661c
sphere	12	0x756690	0x757174	0x7571a4	0x7567b1	coasts	noun RVA=0x16a12b4; article selector at 0x75661c
sphere	13	0x756690	0x757174	0x7571a8	0x7567c6	consolation	noun RVA=0x16a12c0; article selector at 0x75661c
sphere	14	0x756690	0x757174	0x7571ac	0x7567db	courage	noun RVA=0x16a12d0; article selector at 0x75661c
sphere	15	0x756690	0x757174	0x7571b0	0x7567f0	crafts	noun RVA=0x16a12d8; article selector at 0x75661c
sphere	16	0x756690	0x757174	0x7571b4	0x756805	creation	noun RVA=0x16a12e0; article selector at 0x75661c
sphere	17	0x756690	0x757174	0x7571b8	0x75681a	dance	noun RVA=0x15edfc0; article selector at 0x75661c
sphere	18	0x756690	0x757174	0x7571bc	0x75682f	darkness	noun RVA=0x16a1530; article selector at 0x75661c
sphere	19	0x756690	0x757174	0x7571c0	0x756844	the dawn	noun RVA=0x16706fc; article selector at 0x75661c
sphere	20	0x756690	0x757174	0x7571c4	0x756859	day	noun RVA=0x1670704; article selector at 0x75661c
sphere	21	0x756690	0x757174	0x7571c8	0x75686e	death	noun RVA=0x15eddb4; article selector at 0x75661c
sphere	22	0x756690	0x757174	0x7571cc	0x756883	deformity	noun RVA=0x16a1540; article selector at 0x75661c
sphere	23	0x756690	0x757174	0x7571d0	0x756898	depravity	noun RVA=0x16a1550; article selector at 0x75661c
sphere	24	0x756690	0x757174	0x7571d4	0x7568ad	discipline	noun RVA=0x16a1560; article selector at 0x75661c
sphere	25	0x756690	0x757174	0x7571d8	0x7568c2	disease	noun RVA=0x16a1570; article selector at 0x75661c
sphere	26	0x756690	0x757174	0x7571dc	0x7568d7	dreams	noun RVA=0x16a1578; article selector at 0x75661c
sphere	27	0x756690	0x757174	0x7571e0	0x7568ec	dusk	noun RVA=0x16a1580; article selector at 0x75661c
sphere	28	0x756690	0x757174	0x7571e4	0x756901	duty	noun RVA=0x1674c00; article selector at 0x75661c
sphere	29	0x756690	0x757174	0x7571e8	0x756916	earth	noun RVA=0x16a1588; article selector at 0x75661c
sphere	30	0x756690	0x757174	0x7571ec	0x75692b	family	noun RVA=0x16415fc; article selector at 0x75661c
sphere	31	0x756690	0x757174	0x7571f0	0x756940	fame	noun RVA=0x16a1590; article selector at 0x75661c
sphere	32	0x756690	0x757174	0x7571f4	0x756955	fate	noun RVA=0x16a1598; article selector at 0x75661c
sphere	33	0x756690	0x757174	0x7571f8	0x75696a	fertility	noun RVA=0x16a15a0; article selector at 0x75661c
sphere	34	0x756690	0x757174	0x7571fc	0x75697f	festivals	noun RVA=0x16a15b0; article selector at 0x75661c
sphere	35	0x756690	0x757174	0x757200	0x756994	fire	noun RVA=0x16a15bc; article selector at 0x75661c
sphere	36	0x756690	0x757174	0x757204	0x7569a9	fish	noun RVA=0x16a11f0; article selector at 0x75661c
sphere	37	0x756690	0x757174	0x757208	0x7569be	fishing	noun RVA=0x16a15c8; article selector at 0x75661c
sphere	38	0x756690	0x757174	0x75720c	0x7569d3	food	noun RVA=0x16a15d0; article selector at 0x75661c
sphere	39	0x756690	0x757174	0x757210	0x7569e8	forgiveness	noun RVA=0x16a15d8; article selector at 0x75661c
sphere	40	0x756690	0x757174	0x757214	0x7569fd	fortresses	noun RVA=0x16a1470; article selector at 0x75661c
sphere	41	0x756690	0x757174	0x757218	0x756a12	freedom	noun RVA=0x16a1480; article selector at 0x75661c
sphere	42	0x756690	0x757174	0x75721c	0x756a27	gambling	noun RVA=0x16a11f8; article selector at 0x75661c
sphere	43	0x756690	0x757174	0x757220	0x756a3c	games	noun RVA=0x16a1488; article selector at 0x75661c
sphere	44	0x756690	0x757174	0x757224	0x756a51	generosity	noun RVA=0x16a1490; article selector at 0x75661c
sphere	45	0x756690	0x757174	0x757228	0x756a66	happiness	noun RVA=0x1670a58; article selector at 0x75661c
sphere	46	0x756690	0x757174	0x75722c	0x756a7b	healing	noun RVA=0x16a1208; article selector at 0x75661c
sphere	47	0x756690	0x757174	0x757230	0x756a90	hospitality	noun RVA=0x16a14a0; article selector at 0x75661c
sphere	48	0x756690	0x757174	0x757234	0x756aa5	hunting	noun RVA=0x16a1210; article selector at 0x75661c
sphere	49	0x756690	0x757174	0x757238	0x756aba	inspiration	noun RVA=0x16a14b0; article selector at 0x75661c
sphere	50	0x756690	0x757174	0x75723c	0x756acf	jealousy	noun RVA=0x16a14c0; article selector at 0x75661c
sphere	51	0x756690	0x757174	0x757240	0x756ae4	jewels	noun RVA=0x16a14cc; article selector at 0x75661c
sphere	52	0x756690	0x757174	0x757244	0x756af9	justice	noun RVA=0x16a14d8; article selector at 0x75661c
sphere	53	0x756690	0x757174	0x757248	0x756b0e	labor	noun RVA=0x15ede6c; article selector at 0x75661c
sphere	54	0x756690	0x757174	0x75724c	0x756b23	lakes	noun RVA=0x16a14e0; article selector at 0x75661c
sphere	55	0x756690	0x757174	0x757250	0x756b38	laws	noun RVA=0x16a14e8; article selector at 0x75661c
sphere	56	0x756690	0x757174	0x757254	0x756b4d	lies	noun RVA=0x16a14f0; article selector at 0x75661c
sphere	57	0x756690	0x757174	0x757258	0x756b62	light	noun RVA=0x167607c; article selector at 0x75661c
sphere	58	0x756690	0x757174	0x75725c	0x756b77	lightning	noun RVA=0x16a14f8; article selector at 0x75661c
sphere	59	0x756690	0x757174	0x757260	0x756b8c	longevity	noun RVA=0x16a1508; article selector at 0x75661c
sphere	60	0x756690	0x757174	0x757264	0x756ba1	love	noun RVA=0x16025ec; article selector at 0x75661c
sphere	61	0x756690	0x757174	0x757268	0x756bb6	loyalty	noun RVA=0x16415b0; article selector at 0x75661c
sphere	62	0x756690	0x757174	0x75726c	0x756bcb	luck	noun RVA=0x16a1514; article selector at 0x75661c
sphere	63	0x756690	0x757174	0x757270	0x756be0	lust	noun RVA=0x1670fac; article selector at 0x75661c
sphere	64	0x756690	0x757174	0x757274	0x756bf5	marriage	noun RVA=0x16a1520; article selector at 0x75661c
sphere	65	0x756690	0x757174	0x757278	0x756c0a	mercy	noun RVA=0x16a13bc; article selector at 0x75661c
sphere	66	0x756690	0x757174	0x75727c	0x756c1f	metals	noun RVA=0x16a13c4; article selector at 0x75661c
sphere	67	0x756690	0x757174	0x757280	0x756c34	minerals	noun RVA=0x16a13d0; article selector at 0x75661c
sphere	68	0x756690	0x757174	0x757284	0x756c49	misery	noun RVA=0x1670f84; article selector at 0x75661c
sphere	69	0x756690	0x757174	0x757288	0x756c5e	mist	noun RVA=0x16a13dc; article selector at 0x75661c
sphere	70	0x756690	0x757174	0x75728c	0x756c73	the moon	noun RVA=0x16a13e4; article selector at 0x75661c
sphere	71	0x756690	0x757174	0x757290	0x756c88	mountains	noun RVA=0x164c4a8; article selector at 0x75661c
sphere	72	0x756690	0x757174	0x757294	0x756c9d	muck	noun RVA=0x16a13ec; article selector at 0x75661c
sphere	73	0x756690	0x757174	0x757298	0x756cb2	murder	noun RVA=0x15ede54; article selector at 0x75661c
sphere	74	0x756690	0x757174	0x75729c	0x756cc7	music	noun RVA=0x15eb50c; article selector at 0x75661c
sphere	75	0x756690	0x757174	0x7572a0	0x756cdc	nature	noun RVA=0x16416ec; article selector at 0x75661c
sphere	76	0x756690	0x757174	0x7572a4	0x756cf1	the night	noun RVA=0x1670434; article selector at 0x75661c
sphere	77	0x756690	0x757174	0x7572a8	0x756d06	nightmares	noun RVA=0x16a13f8; article selector at 0x75661c
sphere	78	0x756690	0x757174	0x7572ac	0x756d1b	oaths	noun RVA=0x16a1404; article selector at 0x75661c
sphere	79	0x756690	0x757174	0x7572b0	0x756d30	oceans	noun RVA=0x16a140c; article selector at 0x75661c
sphere	80	0x756690	0x757174	0x7572b4	0x756d45	order	noun RVA=0x15eddcc; article selector at 0x75661c
sphere	81	0x756690	0x757174	0x7572b8	0x756d5a	painting	noun RVA=0x16a1418; article selector at 0x75661c
sphere	82	0x756690	0x757174	0x7572bc	0x756d6f	peace	noun RVA=0x15ee0cc; article selector at 0x75661c
sphere	83	0x756690	0x757174	0x7572c0	0x756d84	persuasion	noun RVA=0x16a1428; article selector at 0x75661c
sphere	84	0x756690	0x757174	0x7572c4	0x756d99	plants	noun RVA=0x16a1434; article selector at 0x75661c
sphere	85	0x756690	0x757174	0x7572c8	0x756dae	poetry	noun RVA=0x161b6dc; article selector at 0x75661c
sphere	86	0x756690	0x757174	0x7572cc	0x756dc3	pregnancy	noun RVA=0x16a1440; article selector at 0x75661c
sphere	87	0x756690	0x757174	0x7572d0	0x756dd8	the rain	noun RVA=0x164bfac; article selector at 0x75661c
sphere	88	0x756690	0x757174	0x7572d4	0x756ded	rainbows	noun RVA=0x16a1450; article selector at 0x75661c
sphere	89	0x756690	0x757174	0x7572d8	0x756e02	rebirth	noun RVA=0x16a1460; article selector at 0x75661c
sphere	90	0x756690	0x757174	0x7572dc	0x756e17	revelry	noun RVA=0x16a1468; article selector at 0x75661c
sphere	91	0x756690	0x757174	0x7572e0	0x756e2c	revenge	noun RVA=0x16a1320; article selector at 0x75661c
sphere	92	0x756690	0x757174	0x7572e4	0x756e41	rivers	noun RVA=0x16a1328; article selector at 0x75661c
sphere	93	0x756690	0x757174	0x7572e8	0x756e56	rulership	noun RVA=0x16a1330; article selector at 0x75661c
sphere	94	0x756690	0x757174	0x7572ec	0x756e6b	rumors	noun RVA=0x16a133c; article selector at 0x75661c
sphere	95	0x756690	0x757174	0x7572f0	0x756e80	sacrifice	noun RVA=0x1641708; article selector at 0x75661c
sphere	96	0x756690	0x757174	0x7572f4	0x756e95	salt	noun RVA=0x16a1344; article selector at 0x75661c
sphere	97	0x756690	0x757174	0x7572f8	0x756eaa	scholarship	noun RVA=0x16a1350; article selector at 0x75661c
sphere	98	0x756690	0x757174	0x7572fc	0x756ebf	the seasons	noun RVA=0x16a1360; article selector at 0x75661c
sphere	99	0x756690	0x757174	0x757300	0x756ed4	silence	noun RVA=0x16a1368; article selector at 0x75661c
sphere	100	0x756690	0x757174	0x757304	0x756ee9	the sky	noun RVA=0x164c52c; article selector at 0x75661c
sphere	101	0x756690	0x757174	0x757308	0x756efe	song	noun RVA=0x15e9510; article selector at 0x75661c
sphere	102	0x756690	0x757174	0x75730c	0x756f13	speech	noun RVA=0x16a1370; article selector at 0x75661c
sphere	103	0x756690	0x757174	0x757310	0x756f28	the stars	noun RVA=0x16a1378; article selector at 0x75661c
sphere	104	0x756690	0x757174	0x757314	0x756f3d	storms	noun RVA=0x16a1380; article selector at 0x75661c
sphere	105	0x756690	0x757174	0x757318	0x756f52	strength	noun RVA=0x1661fd8; article selector at 0x75661c
sphere	106	0x756690	0x757174	0x75731c	0x756f67	suicide	noun RVA=0x16a1388; article selector at 0x75661c
sphere	107	0x756690	0x757174	0x757320	0x756f7c	the sun	noun RVA=0x16a1390; article selector at 0x75661c
sphere	108	0x756690	0x757174	0x757324	0x756f91	theft	noun RVA=0x15edefc; article selector at 0x75661c
sphere	109	0x756690	0x757174	0x757328	0x756fa6	thralldom	noun RVA=0x16a1398; article selector at 0x75661c
sphere	110	0x756690	0x757174	0x75732c	0x756fbb	thunder	noun RVA=0x16a13a8; article selector at 0x75661c
sphere	111	0x756690	0x757174	0x757330	0x756fd0	torture	noun RVA=0x1643a58; article selector at 0x75661c
sphere	112	0x756690	0x757174	0x757334	0x756fe5	trade	noun RVA=0x164fbc4; article selector at 0x75661c
sphere	113	0x756690	0x757174	0x757338	0x756ffa	travelers	noun RVA=0x16a13b0; article selector at 0x75661c
sphere	114	0x756690	0x757174	0x75733c	0x75700f	treachery	noun RVA=0x16a1aa0; article selector at 0x75661c
sphere	115	0x756690	0x757174	0x757340	0x757024	trees	noun RVA=0x16a1aac; article selector at 0x75661c
sphere	116	0x756690	0x757174	0x757344	0x757039	trickery	noun RVA=0x16a1ab8; article selector at 0x75661c
sphere	117	0x756690	0x757174	0x757348	0x75704e	truth	noun RVA=0x16415dc; article selector at 0x75661c
sphere	118	0x756690	0x757174	0x75734c	0x757063	twilight	noun RVA=0x16a12f8; article selector at 0x75661c
sphere	119	0x756690	0x757174	0x757350	0x757078	valor	noun RVA=0x16a1ac4; article selector at 0x75661c
sphere	120	0x756690	0x757174	0x757354	0x75708d	victory	noun RVA=0x16a1ad0; article selector at 0x75661c
sphere	121	0x756690	0x757174	0x757358	0x7570a2	volcanos	noun RVA=0x16a1ad8; article selector at 0x75661c
sphere	122	0x756690	0x757174	0x75735c	0x7570b7	war	noun RVA=0x1649be4; article selector at 0x75661c
sphere	123	0x756690	0x757174	0x757360	0x7570cc	water	noun RVA=0x164b874; article selector at 0x75661c
sphere	124	0x756690	0x757174	0x757364	0x7570e1	wealth	noun RVA=0x16a1ae4; article selector at 0x75661c
sphere	125	0x756690	0x757174	0x757368	0x7570f6	the weather	noun RVA=0x1674ef0; article selector at 0x75661c
sphere	126	0x756690	0x757174	0x75736c	0x75710b	the wind	noun RVA=0x16a1aec; article selector at 0x75661c
sphere	127	0x756690	0x757174	0x757370	0x757120	wisdom	noun RVA=0x16a1af4; article selector at 0x75661c
sphere	128	0x756690	0x757174	0x757374	0x757135	writing	noun RVA=0x15edca0; article selector at 0x75661c
sphere	129	0x756690	0x757174	0x757378	0x75714a	youth	noun RVA=0x16a1afc; article selector at 0x75661c
entity-type	0	0x1451b10	0x145312c	0x1453100	0x1452ecc	{species} civilization	species/name may be absent; category 0=symbol, 1=commission
entity-type	1	0x1451b10	0x145312c	0x1453104	0x1453033	local {species} government	species/name may be absent; category 0=symbol, 1=commission
entity-type	2	0x1451b10	0x145312c	0x1453108	0x1453042	{species} vessel	species/name may be absent; category 0=symbol, 1=commission
entity-type	3	0x1451b10	0x145312c	0x145310c	0x145306f	migrating {species} group	species/name may be absent; category 0=symbol, 1=commission
entity-type	4	0x1451b10	0x145312c	0x1453110	0x145306f	nomadic {species} group	species/name may be absent; category 0=symbol, 1=commission
entity-type	5	0x1451b10	0x145312c	0x1453114	0x1453051	{species} religion	species/name may be absent; category 0=symbol, 1=commission
entity-type	6	0x1451b10	0x145312c	0x1453118	0x1453060	{species} military organization	species/name may be absent; category 0=symbol, 1=commission
entity-type	7	0x1451b10	0x145312c	0x145311c	0x145306f	outcast {species} group	species/name may be absent; category 0=symbol, 1=commission
entity-type	8	0x1451b10	0x145312c	0x1453120	0x1453024	{species} performance troupe	species/name may be absent; category 0=symbol, 1=commission
entity-type	9	0x1451b10	0x145312c	0x1453124	0x1452ede	{species} merchant company	species/name may be absent; category 0=symbol, 1=commission
entity-type	10	0x1451b10	0x145312c	0x1453128	0x1452ef0	{species} {profession} guild|craft guild	species/name may be absent; category 0=symbol, 1=commission
finite-dispatch	item-type:0	0xa82c10	0xa882fc	0xa880e0	0xa83249		native jump-table entry; target literals retained with the owning formatter
finite-dispatch	item-type:1	0xa82c10	0xa882fc	0xa880e4	0xa833de		native jump-table entry; target literals retained with the owning formatter
finite-dispatch	item-type:2	0xa82c10	0xa882fc	0xa880e8	0xa835c5		native jump-table entry; target literals retained with the owning formatter
finite-dispatch	item-type:3	0xa82c10	0xa882fc	0xa880ec	0xa82f11		native jump-table entry; target literals retained with the owning formatter
finite-dispatch	item-type:4	0xa82c10	0xa882fc	0xa880f0	0xa83172		native jump-table entry; target literals retained with the owning formatter
finite-dispatch	item-type:5	0xa82c10	0xa882fc	0xa880f4	0xa82de5		native jump-table entry; target literals retained with the owning formatter
finite-dispatch	item-type:6	0xa82c10	0xa882fc	0xa880f8	0xa83680		native jump-table entry; target literals retained with the owning formatter
finite-dispatch	item-type:7	0xa82c10	0xa882fc	0xa880fc	0xa83736		native jump-table entry; target literals retained with the owning formatter
finite-dispatch	item-type:8	0xa82c10	0xa882fc	0xa88100	0xa86522		native jump-table entry; target literals retained with the owning formatter
finite-dispatch	item-type:9	0xa82c10	0xa882fc	0xa88104	0xa84a81		native jump-table entry; target literals retained with the owning formatter
finite-dispatch	item-type:10	0xa82c10	0xa882fc	0xa88108	0xa840cb		native jump-table entry; target literals retained with the owning formatter
finite-dispatch	item-type:11	0xa82c10	0xa882fc	0xa8810c	0xa841f4		native jump-table entry; target literals retained with the owning formatter
finite-dispatch	item-type:12	0xa82c10	0xa882fc	0xa88110	0xa84736		native jump-table entry; target literals retained with the owning formatter
finite-dispatch	item-type:13	0xa82c10	0xa882fc	0xa88114	0xa8435c		native jump-table entry; target literals retained with the owning formatter
finite-dispatch	item-type:14	0xa82c10	0xa882fc	0xa88118	0xa84669		native jump-table entry; target literals retained with the owning formatter
finite-dispatch	item-type:15	0xa82c10	0xa882fc	0xa8811c	0xa84807		native jump-table entry; target literals retained with the owning formatter
finite-dispatch	item-type:16	0xa82c10	0xa882fc	0xa88120	0xa84877		native jump-table entry; target literals retained with the owning formatter
finite-dispatch	item-type:17	0xa82c10	0xa882fc	0xa88124	0xa84931		native jump-table entry; target literals retained with the owning formatter
finite-dispatch	item-type:18	0xa82c10	0xa882fc	0xa88128	0xa849a1		native jump-table entry; target literals retained with the owning formatter
finite-dispatch	item-type:19	0xa82c10	0xa882fc	0xa8812c	0xa84a11		native jump-table entry; target literals retained with the owning formatter
finite-dispatch	item-type:20	0xa82c10	0xa882fc	0xa88130	0xa83886		native jump-table entry; target literals retained with the owning formatter
finite-dispatch	item-type:21	0xa82c10	0xa882fc	0xa88134	0xa83fc7		native jump-table entry; target literals retained with the owning formatter
finite-dispatch	item-type:22	0xa82c10	0xa882fc	0xa88138	0xa866e2		native jump-table entry; target literals retained with the owning formatter
finite-dispatch	item-type:23	0xa82c10	0xa882fc	0xa8813c	0xa86a02		native jump-table entry; target literals retained with the owning formatter
finite-dispatch	item-type:24	0xa82c10	0xa882fc	0xa88140	0xa87584		native jump-table entry; target literals retained with the owning formatter
finite-dispatch	item-type:25	0xa82c10	0xa882fc	0xa88144	0xa876bd		native jump-table entry; target literals retained with the owning formatter
finite-dispatch	item-type:26	0xa82c10	0xa882fc	0xa88148	0xa87b5b		native jump-table entry; target literals retained with the owning formatter
finite-dispatch	item-type:27	0xa82c10	0xa882fc	0xa8814c	0xa87a87		native jump-table entry; target literals retained with the owning formatter
finite-dispatch	item-type:28	0xa82c10	0xa882fc	0xa88150	0xa87ccb		native jump-table entry; target literals retained with the owning formatter
finite-dispatch	item-type:29	0xa82c10	0xa882fc	0xa88154	0xa8789a		native jump-table entry; target literals retained with the owning formatter
finite-dispatch	item-type:30	0xa82c10	0xa882fc	0xa88158	0xa83ab6		native jump-table entry; target literals retained with the owning formatter
finite-dispatch	item-type:31	0xa82c10	0xa882fc	0xa8815c	0xa83c00		native jump-table entry; target literals retained with the owning formatter
finite-dispatch	item-type:32	0xa82c10	0xa882fc	0xa88160	0xa83a46		native jump-table entry; target literals retained with the owning formatter
finite-dispatch	item-type:33	0xa82c10	0xa882fc	0xa88164	0xa839d6		native jump-table entry; target literals retained with the owning formatter
finite-dispatch	item-type:34	0xa82c10	0xa882fc	0xa88168	0xa83966		native jump-table entry; target literals retained with the owning formatter
finite-dispatch	item-type:35	0xa82c10	0xa882fc	0xa8816c	0xa838f6		native jump-table entry; target literals retained with the owning formatter
finite-dispatch	item-type:36	0xa82c10	0xa882fc	0xa88170	0xa84efc		native jump-table entry; target literals retained with the owning formatter
finite-dispatch	item-type:37	0xa82c10	0xa882fc	0xa88174	0xa85d2e		native jump-table entry; target literals retained with the owning formatter
finite-dispatch	item-type:38	0xa82c10	0xa882fc	0xa88178	0xa86007		native jump-table entry; target literals retained with the owning formatter
finite-dispatch	item-type:39	0xa82c10	0xa882fc	0xa8817c	0xa85eea		native jump-table entry; target literals retained with the owning formatter
finite-dispatch	item-type:40	0xa82c10	0xa882fc	0xa88180	0xa86077		native jump-table entry; target literals retained with the owning formatter
finite-dispatch	item-type:41	0xa82c10	0xa882fc	0xa88184	0xa863d8		native jump-table entry; target literals retained with the owning formatter
finite-dispatch	item-type:42	0xa82c10	0xa882fc	0xa88188	0xa86442		native jump-table entry; target literals retained with the owning formatter
finite-dispatch	item-type:43	0xa82c10	0xa882fc	0xa8818c	0xa864b2		native jump-table entry; target literals retained with the owning formatter
finite-dispatch	item-type:44	0xa82c10	0xa882fc	0xa88190	0xa86151		native jump-table entry; target literals retained with the owning formatter
finite-dispatch	item-type:45	0xa82c10	0xa882fc	0xa88194	0xa85cbe		native jump-table entry; target literals retained with the owning formatter
finite-dispatch	item-type:46	0xa82c10	0xa882fc	0xa88198	0xa86a35		native jump-table entry; target literals retained with the owning formatter
finite-dispatch	item-type:47	0xa82c10	0xa882fc	0xa8819c	0xa86ba6		native jump-table entry; target literals retained with the owning formatter
finite-dispatch	item-type:48	0xa82c10	0xa882fc	0xa881a0	0xa87427		native jump-table entry; target literals retained with the owning formatter
finite-dispatch	item-type:49	0xa82c10	0xa882fc	0xa881a4	0xa8727a		native jump-table entry; target literals retained with the owning formatter
finite-dispatch	item-type:50	0xa82c10	0xa882fc	0xa881a8	0xa86f2a		native jump-table entry; target literals retained with the owning formatter
finite-dispatch	item-type:51	0xa82c10	0xa882fc	0xa881ac	0xa8739f		native jump-table entry; target literals retained with the owning formatter
finite-dispatch	item-type:52	0xa82c10	0xa882fc	0xa881b0	0xa873f2		native jump-table entry; target literals retained with the owning formatter
finite-dispatch	item-type:53	0xa82c10	0xa882fc	0xa881b4	0xa86d36		native jump-table entry; target literals retained with the owning formatter
finite-dispatch	item-type:54	0xa82c10	0xa882fc	0xa881b8	0xa86e98		native jump-table entry; target literals retained with the owning formatter
finite-dispatch	item-type:55	0xa82c10	0xa882fc	0xa881bc	0xa84de3		native jump-table entry; target literals retained with the owning formatter
finite-dispatch	item-type:56	0xa82c10	0xa882fc	0xa881c0	0xa86de0		native jump-table entry; target literals retained with the owning formatter
finite-dispatch	item-type:57	0xa82c10	0xa882fc	0xa881c4	0xa84b17		native jump-table entry; target literals retained with the owning formatter
finite-dispatch	item-type:58	0xa82c10	0xa882fc	0xa881c8	0xa84c61		native jump-table entry; target literals retained with the owning formatter
finite-dispatch	item-type:59	0xa82c10	0xa882fc	0xa881cc	0xa84e4f		native jump-table entry; target literals retained with the owning formatter
finite-dispatch	item-type:60	0xa82c10	0xa882fc	0xa881d0	0xa87e00		native jump-table entry; target literals retained with the owning formatter
finite-dispatch	item-type:61	0xa82c10	0xa882fc	0xa881d4	0xa83c70		native jump-table entry; target literals retained with the owning formatter
finite-dispatch	item-type:62	0xa82c10	0xa882fc	0xa881d8	0xa83f2c		native jump-table entry; target literals retained with the owning formatter
finite-dispatch	item-type:63	0xa82c10	0xa882fc	0xa881dc	0xa858dc		native jump-table entry; target literals retained with the owning formatter
finite-dispatch	item-type:64	0xa82c10	0xa882fc	0xa881e0	0xa85c46		native jump-table entry; target literals retained with the owning formatter
finite-dispatch	item-type:65	0xa82c10	0xa882fc	0xa881e4	0xa85e0e		native jump-table entry; target literals retained with the owning formatter
finite-dispatch	item-type:66	0xa82c10	0xa882fc	0xa881e8	0xa85d9e		native jump-table entry; target literals retained with the owning formatter
finite-dispatch	item-type:67	0xa82c10	0xa882fc	0xa881ec	0xa859cc		native jump-table entry; target literals retained with the owning formatter
finite-dispatch	item-type:68	0xa82c10	0xa882fc	0xa881f0	0xa85b0d		native jump-table entry; target literals retained with the owning formatter
finite-dispatch	item-type:69	0xa82c10	0xa882fc	0xa881f4	0xa84f6c		native jump-table entry; target literals retained with the owning formatter
finite-dispatch	item-type:70	0xa82c10	0xa882fc	0xa881f8	0xa85769		native jump-table entry; target literals retained with the owning formatter
finite-dispatch	item-type:71	0xa82c10	0xa882fc	0xa881fc	0xa8588a		native jump-table entry; target literals retained with the owning formatter
finite-dispatch	item-type:72	0xa82c10	0xa882fc	0xa88200	0xa87415		native jump-table entry; target literals retained with the owning formatter
finite-dispatch	item-type:73	0xa82c10	0xa882fc	0xa88204	0xa84fc7		native jump-table entry; target literals retained with the owning formatter
finite-dispatch	item-type:74	0xa82c10	0xa882fc	0xa88208	0xa860e7		native jump-table entry; target literals retained with the owning formatter
finite-dispatch	item-type:75	0xa82c10	0xa882fc	0xa8820c	0xa84fc7		native jump-table entry; target literals retained with the owning formatter
finite-dispatch	item-type:76	0xa82c10	0xa882fc	0xa88210	0xa82fee		native jump-table entry; target literals retained with the owning formatter
finite-dispatch	item-type:77	0xa82c10	0xa882fc	0xa88214	0xa85a44		native jump-table entry; target literals retained with the owning formatter
finite-dispatch	item-type:78	0xa82c10	0xa882fc	0xa88218	0xa837a6		native jump-table entry; target literals retained with the owning formatter
finite-dispatch	item-type:79	0xa82c10	0xa882fc	0xa8821c	0xa83816		native jump-table entry; target literals retained with the owning formatter
finite-dispatch	item-type:80	0xa82c10	0xa882fc	0xa88220	0xa86602		native jump-table entry; target literals retained with the owning formatter
finite-dispatch	item-type:81	0xa82c10	0xa882fc	0xa88224	0xa86672		native jump-table entry; target literals retained with the owning formatter
finite-dispatch	item-type:82	0xa82c10	0xa882fc	0xa88228	0xa83e52		native jump-table entry; target literals retained with the owning formatter
finite-dispatch	item-type:83	0xa82c10	0xa882fc	0xa8822c	0xa83ec2		native jump-table entry; target literals retained with the owning formatter
finite-dispatch	item-type:84	0xa82c10	0xa882fc	0xa88230	0xa86592		native jump-table entry; target literals retained with the owning formatter
finite-dispatch	item-type:85	0xa82c10	0xa882fc	0xa88234	0xa83d0b		native jump-table entry; target literals retained with the owning formatter
finite-dispatch	item-type:86	0xa82c10	0xa882fc	0xa88238	0xa84432		native jump-table entry; target literals retained with the owning formatter
finite-dispatch	item-type:87	0xa82c10	0xa882fc	0xa8823c	0xa86752		native jump-table entry; target literals retained with the owning formatter
finite-dispatch	item-type:88	0xa82c10	0xa882fc	0xa88240	0xa87118		native jump-table entry; target literals retained with the owning formatter
finite-dispatch	item-type:89	0xa82c10	0xa882fc	0xa88244	0xa84e61		native jump-table entry; target literals retained with the owning formatter
finite-dispatch	item-type:90	0xa82c10	0xa882fc	0xa88248	0xa84cd9		native jump-table entry; target literals retained with the owning formatter
finite-dispatch	item-type:91	0xa82c10	0xa882fc	0xa8824c	0xa82e7a		native jump-table entry; target literals retained with the owning formatter
finite-dispatch	item-type:92	0xa82c10	0xa882fc	0xa88250	0xa85954		native jump-table entry; target literals retained with the owning formatter
finite-dispatch	written-form-on-item:0	0xcc6a10	0xcc7020	0xcc6fb8	0xcc6bdd		native jump-table entry; target literals retained with the owning formatter
finite-dispatch	written-form-on-item:1	0xcc6a10	0xcc7020	0xcc6fbc	0xcc6bef		native jump-table entry; target literals retained with the owning formatter
finite-dispatch	written-form-on-item:2	0xcc6a10	0xcc7020	0xcc6fc0	0xcc6bfb		native jump-table entry; target literals retained with the owning formatter
finite-dispatch	written-form-on-item:3	0xcc6a10	0xcc7020	0xcc6fc4	0xcc6c0d		native jump-table entry; target literals retained with the owning formatter
finite-dispatch	written-form-on-item:4	0xcc6a10	0xcc7020	0xcc6fc8	0xcc6c1f		native jump-table entry; target literals retained with the owning formatter
finite-dispatch	written-form-on-item:5	0xcc6a10	0xcc7020	0xcc6fcc	0xcc6c2b		native jump-table entry; target literals retained with the owning formatter
finite-dispatch	written-form-on-item:6	0xcc6a10	0xcc7020	0xcc6fd0	0xcc6c3d		native jump-table entry; target literals retained with the owning formatter
finite-dispatch	written-form-on-item:7	0xcc6a10	0xcc7020	0xcc6fd4	0xcc6c4f		native jump-table entry; target literals retained with the owning formatter
finite-dispatch	written-form-on-item:8	0xcc6a10	0xcc7020	0xcc6fd8	0xcc6c61		native jump-table entry; target literals retained with the owning formatter
finite-dispatch	written-form-on-item:9	0xcc6a10	0xcc7020	0xcc6fdc	0xcc6c73		native jump-table entry; target literals retained with the owning formatter
finite-dispatch	written-form-on-item:10	0xcc6a10	0xcc7020	0xcc6fe0	0xcc6c85		native jump-table entry; target literals retained with the owning formatter
finite-dispatch	written-form-on-item:11	0xcc6a10	0xcc7020	0xcc6fe4	0xcc6c91		native jump-table entry; target literals retained with the owning formatter
finite-dispatch	written-form-on-item:12	0xcc6a10	0xcc7020	0xcc6fe8	0xcc6ca3		native jump-table entry; target literals retained with the owning formatter
finite-dispatch	written-form-on-item:13	0xcc6a10	0xcc7020	0xcc6fec	0xcc6cb5		native jump-table entry; target literals retained with the owning formatter
finite-dispatch	written-form-on-item:14	0xcc6a10	0xcc7020	0xcc6ff0	0xcc6cc7		native jump-table entry; target literals retained with the owning formatter
finite-dispatch	written-form-on-item:15	0xcc6a10	0xcc7020	0xcc6ff4	0xcc6cd9		native jump-table entry; target literals retained with the owning formatter
finite-dispatch	written-form-on-item:16	0xcc6a10	0xcc7020	0xcc6ff8	0xcc6ceb		native jump-table entry; target literals retained with the owning formatter
finite-dispatch	written-form-on-item:17	0xcc6a10	0xcc7020	0xcc6ffc	0xcc6cfd		native jump-table entry; target literals retained with the owning formatter
finite-dispatch	written-form-on-item:18	0xcc6a10	0xcc7020	0xcc7000	0xcc6d0c		native jump-table entry; target literals retained with the owning formatter
finite-dispatch	written-form-on-item:19	0xcc6a10	0xcc7020	0xcc7004	0xcc6d1b		native jump-table entry; target literals retained with the owning formatter
finite-dispatch	written-form-on-item:20	0xcc6a10	0xcc7020	0xcc7008	0xcc6d2a		native jump-table entry; target literals retained with the owning formatter
finite-dispatch	written-form-on-item:21	0xcc6a10	0xcc7020	0xcc700c	0xcc6d39		native jump-table entry; target literals retained with the owning formatter
finite-dispatch	written-form-on-item:22	0xcc6a10	0xcc7020	0xcc7010	0xcc6d48		native jump-table entry; target literals retained with the owning formatter
finite-dispatch	written-form-on-item:23	0xcc6a10	0xcc7020	0xcc7014	0xcc6d57		native jump-table entry; target literals retained with the owning formatter
finite-dispatch	written-form-on-item:24	0xcc6a10	0xcc7020	0xcc7018	0xcc6d66		native jump-table entry; target literals retained with the owning formatter
finite-dispatch	written-form-on-item:25	0xcc6a10	0xcc7020	0xcc701c	0xcc6d75		native jump-table entry; target literals retained with the owning formatter
finite-dispatch	written-form-in-portion:0	0xcc7020	0xcc75f8	0xcc7590	0xcc71ca		native jump-table entry; target literals retained with the owning formatter
finite-dispatch	written-form-in-portion:1	0xcc7020	0xcc75f8	0xcc7594	0xcc71dc		native jump-table entry; target literals retained with the owning formatter
finite-dispatch	written-form-in-portion:2	0xcc7020	0xcc75f8	0xcc7598	0xcc71e8		native jump-table entry; target literals retained with the owning formatter
finite-dispatch	written-form-in-portion:3	0xcc7020	0xcc75f8	0xcc759c	0xcc71fa		native jump-table entry; target literals retained with the owning formatter
finite-dispatch	written-form-in-portion:4	0xcc7020	0xcc75f8	0xcc75a0	0xcc720c		native jump-table entry; target literals retained with the owning formatter
finite-dispatch	written-form-in-portion:5	0xcc7020	0xcc75f8	0xcc75a4	0xcc7218		native jump-table entry; target literals retained with the owning formatter
finite-dispatch	written-form-in-portion:6	0xcc7020	0xcc75f8	0xcc75a8	0xcc722a		native jump-table entry; target literals retained with the owning formatter
finite-dispatch	written-form-in-portion:7	0xcc7020	0xcc75f8	0xcc75ac	0xcc723c		native jump-table entry; target literals retained with the owning formatter
finite-dispatch	written-form-in-portion:8	0xcc7020	0xcc75f8	0xcc75b0	0xcc724e		native jump-table entry; target literals retained with the owning formatter
finite-dispatch	written-form-in-portion:9	0xcc7020	0xcc75f8	0xcc75b4	0xcc7260		native jump-table entry; target literals retained with the owning formatter
finite-dispatch	written-form-in-portion:10	0xcc7020	0xcc75f8	0xcc75b8	0xcc7272		native jump-table entry; target literals retained with the owning formatter
finite-dispatch	written-form-in-portion:11	0xcc7020	0xcc75f8	0xcc75bc	0xcc727e		native jump-table entry; target literals retained with the owning formatter
finite-dispatch	written-form-in-portion:12	0xcc7020	0xcc75f8	0xcc75c0	0xcc7290		native jump-table entry; target literals retained with the owning formatter
finite-dispatch	written-form-in-portion:13	0xcc7020	0xcc75f8	0xcc75c4	0xcc72a2		native jump-table entry; target literals retained with the owning formatter
finite-dispatch	written-form-in-portion:14	0xcc7020	0xcc75f8	0xcc75c8	0xcc72b4		native jump-table entry; target literals retained with the owning formatter
finite-dispatch	written-form-in-portion:15	0xcc7020	0xcc75f8	0xcc75cc	0xcc72c6		native jump-table entry; target literals retained with the owning formatter
finite-dispatch	written-form-in-portion:16	0xcc7020	0xcc75f8	0xcc75d0	0xcc72d8		native jump-table entry; target literals retained with the owning formatter
finite-dispatch	written-form-in-portion:17	0xcc7020	0xcc75f8	0xcc75d4	0xcc72ea		native jump-table entry; target literals retained with the owning formatter
finite-dispatch	written-form-in-portion:18	0xcc7020	0xcc75f8	0xcc75d8	0xcc72f9		native jump-table entry; target literals retained with the owning formatter
finite-dispatch	written-form-in-portion:19	0xcc7020	0xcc75f8	0xcc75dc	0xcc7308		native jump-table entry; target literals retained with the owning formatter
finite-dispatch	written-form-in-portion:20	0xcc7020	0xcc75f8	0xcc75e0	0xcc7317		native jump-table entry; target literals retained with the owning formatter
finite-dispatch	written-form-in-portion:21	0xcc7020	0xcc75f8	0xcc75e4	0xcc7326		native jump-table entry; target literals retained with the owning formatter
finite-dispatch	written-form-in-portion:22	0xcc7020	0xcc75f8	0xcc75e8	0xcc7335		native jump-table entry; target literals retained with the owning formatter
finite-dispatch	written-form-in-portion:23	0xcc7020	0xcc75f8	0xcc75ec	0xcc7344		native jump-table entry; target literals retained with the owning formatter
finite-dispatch	written-form-in-portion:24	0xcc7020	0xcc75f8	0xcc75f0	0xcc7353		native jump-table entry; target literals retained with the owning formatter
finite-dispatch	written-form-in-portion:25	0xcc7020	0xcc75f8	0xcc75f4	0xcc7362		native jump-table entry; target literals retained with the owning formatter
finite-dispatch	written-style:0	0xcc5520	0xcc5d08	0xcc5d08	0xcc5540		native jump-table entry; target literals retained with the owning formatter
finite-dispatch	written-style:1	0xcc5520	0xcc5d08	0xcc5d0c	0xcc55dc		native jump-table entry; target literals retained with the owning formatter
finite-dispatch	written-style:2	0xcc5520	0xcc5d08	0xcc5d10	0xcc5627		native jump-table entry; target literals retained with the owning formatter
finite-dispatch	written-style:3	0xcc5520	0xcc5d08	0xcc5d14	0xcc5672		native jump-table entry; target literals retained with the owning formatter
finite-dispatch	written-style:4	0xcc5520	0xcc5d08	0xcc5d18	0xcc570e		native jump-table entry; target literals retained with the owning formatter
finite-dispatch	written-style:5	0xcc5520	0xcc5d08	0xcc5d1c	0xcc5759		native jump-table entry; target literals retained with the owning formatter
finite-dispatch	written-style:6	0xcc5520	0xcc5d08	0xcc5d20	0xcc57f5		native jump-table entry; target literals retained with the owning formatter
finite-dispatch	written-style:7	0xcc5520	0xcc5d08	0xcc5d24	0xcc5891		native jump-table entry; target literals retained with the owning formatter
finite-dispatch	written-style:8	0xcc5520	0xcc5d08	0xcc5d28	0xcc58dc		native jump-table entry; target literals retained with the owning formatter
finite-dispatch	written-style:9	0xcc5520	0xcc5d08	0xcc5d2c	0xcc5978		native jump-table entry; target literals retained with the owning formatter
finite-dispatch	written-style:10	0xcc5520	0xcc5d08	0xcc5d30	0xcc5a14		native jump-table entry; target literals retained with the owning formatter
finite-dispatch	written-style:11	0xcc5520	0xcc5d08	0xcc5d34	0xcc5ab0		native jump-table entry; target literals retained with the owning formatter
finite-dispatch	written-style:12	0xcc5520	0xcc5d08	0xcc5d38	0xcc5afb		native jump-table entry; target literals retained with the owning formatter
finite-dispatch	written-style:13	0xcc5520	0xcc5d08	0xcc5d3c	0xcc5b46		native jump-table entry; target literals retained with the owning formatter
finite-dispatch	written-style:14	0xcc5520	0xcc5d08	0xcc5d40	0xcc5b91		native jump-table entry; target literals retained with the owning formatter
finite-dispatch	written-style:15	0xcc5520	0xcc5d08	0xcc5d44	0xcc5bdc		native jump-table entry; target literals retained with the owning formatter
finite-dispatch	written-style:16	0xcc5520	0xcc5d08	0xcc5d48	0xcc5c27		native jump-table entry; target literals retained with the owning formatter
finite-dispatch	written-style:17	0xcc5520	0xcc5d08	0xcc5d4c	0xcc5c72		native jump-table entry; target literals retained with the owning formatter
raw-craftsmanship	CRAFTSMAN	0xc75000	0xc796aa	-	-	All craftsdwarfship is of the highest quality.	data\\vanilla\\vanilla_creatures\\objects\\creature_standard.txt
raw-shape	STAR	0x147640	0x14790b	-	-	star	data\\vanilla\\vanilla_descriptors\\objects\\descriptor_shape_standard.txt; NAME[0]; ADJ=''
raw-shape	STAR	0x147640	0x14790b	-	-	three-pointed star	data\\vanilla\\vanilla_descriptors\\objects\\descriptor_shape_standard.txt; NAME[0]; ADJ='three-pointed'
raw-shape	STAR	0x147640	0x14790b	-	-	four-pointed star	data\\vanilla\\vanilla_descriptors\\objects\\descriptor_shape_standard.txt; NAME[0]; ADJ='four-pointed'
raw-shape	STAR	0x147640	0x14790b	-	-	five-pointed star	data\\vanilla\\vanilla_descriptors\\objects\\descriptor_shape_standard.txt; NAME[0]; ADJ='five-pointed'
raw-shape	STAR	0x147640	0x14790b	-	-	many-pointed star	data\\vanilla\\vanilla_descriptors\\objects\\descriptor_shape_standard.txt; NAME[0]; ADJ='many-pointed'
raw-shape	STAR	0x147640	0x14790b	-	-	stars	data\\vanilla\\vanilla_descriptors\\objects\\descriptor_shape_standard.txt; NAME[1]; ADJ=''
raw-shape	STAR	0x147640	0x14790b	-	-	three-pointed stars	data\\vanilla\\vanilla_descriptors\\objects\\descriptor_shape_standard.txt; NAME[1]; ADJ='three-pointed'
raw-shape	STAR	0x147640	0x14790b	-	-	four-pointed stars	data\\vanilla\\vanilla_descriptors\\objects\\descriptor_shape_standard.txt; NAME[1]; ADJ='four-pointed'
raw-shape	STAR	0x147640	0x14790b	-	-	five-pointed stars	data\\vanilla\\vanilla_descriptors\\objects\\descriptor_shape_standard.txt; NAME[1]; ADJ='five-pointed'
raw-shape	STAR	0x147640	0x14790b	-	-	many-pointed stars	data\\vanilla\\vanilla_descriptors\\objects\\descriptor_shape_standard.txt; NAME[1]; ADJ='many-pointed'
raw-shape	CRESCENT	0x147640	0x14790b	-	-	crescent	data\\vanilla\\vanilla_descriptors\\objects\\descriptor_shape_standard.txt; NAME[0]; ADJ=''
raw-shape	CRESCENT	0x147640	0x14790b	-	-	narrow crescent	data\\vanilla\\vanilla_descriptors\\objects\\descriptor_shape_standard.txt; NAME[0]; ADJ='narrow'
raw-shape	CRESCENT	0x147640	0x14790b	-	-	thick crescent	data\\vanilla\\vanilla_descriptors\\objects\\descriptor_shape_standard.txt; NAME[0]; ADJ='thick'
raw-shape	CRESCENT	0x147640	0x14790b	-	-	crescents	data\\vanilla\\vanilla_descriptors\\objects\\descriptor_shape_standard.txt; NAME[1]; ADJ=''
raw-shape	CRESCENT	0x147640	0x14790b	-	-	narrow crescents	data\\vanilla\\vanilla_descriptors\\objects\\descriptor_shape_standard.txt; NAME[1]; ADJ='narrow'
raw-shape	CRESCENT	0x147640	0x14790b	-	-	thick crescents	data\\vanilla\\vanilla_descriptors\\objects\\descriptor_shape_standard.txt; NAME[1]; ADJ='thick'
raw-shape	CROSS	0x147640	0x14790b	-	-	cross	data\\vanilla\\vanilla_descriptors\\objects\\descriptor_shape_standard.txt; NAME[0]; ADJ=''
raw-shape	CROSS	0x147640	0x14790b	-	-	broad cross	data\\vanilla\\vanilla_descriptors\\objects\\descriptor_shape_standard.txt; NAME[0]; ADJ='broad'
raw-shape	CROSS	0x147640	0x14790b	-	-	tall cross	data\\vanilla\\vanilla_descriptors\\objects\\descriptor_shape_standard.txt; NAME[0]; ADJ='tall'
raw-shape	CROSS	0x147640	0x14790b	-	-	thin cross	data\\vanilla\\vanilla_descriptors\\objects\\descriptor_shape_standard.txt; NAME[0]; ADJ='thin'
raw-shape	CROSS	0x147640	0x14790b	-	-	crosses	data\\vanilla\\vanilla_descriptors\\objects\\descriptor_shape_standard.txt; NAME[1]; ADJ=''
raw-shape	CROSS	0x147640	0x14790b	-	-	broad crosses	data\\vanilla\\vanilla_descriptors\\objects\\descriptor_shape_standard.txt; NAME[1]; ADJ='broad'
raw-shape	CROSS	0x147640	0x14790b	-	-	tall crosses	data\\vanilla\\vanilla_descriptors\\objects\\descriptor_shape_standard.txt; NAME[1]; ADJ='tall'
raw-shape	CROSS	0x147640	0x14790b	-	-	thin crosses	data\\vanilla\\vanilla_descriptors\\objects\\descriptor_shape_standard.txt; NAME[1]; ADJ='thin'
raw-shape	SQUARE	0x147640	0x14790b	-	-	square	data\\vanilla\\vanilla_descriptors\\objects\\descriptor_shape_standard.txt; NAME[0]; ADJ=''
raw-shape	SQUARE	0x147640	0x14790b	-	-	squares	data\\vanilla\\vanilla_descriptors\\objects\\descriptor_shape_standard.txt; NAME[1]; ADJ=''
raw-shape	CIRCLE	0x147640	0x14790b	-	-	circle	data\\vanilla\\vanilla_descriptors\\objects\\descriptor_shape_standard.txt; NAME[0]; ADJ=''
raw-shape	CIRCLE	0x147640	0x14790b	-	-	circles	data\\vanilla\\vanilla_descriptors\\objects\\descriptor_shape_standard.txt; NAME[1]; ADJ=''
raw-shape	DIAMOND	0x147640	0x14790b	-	-	diamond	data\\vanilla\\vanilla_descriptors\\objects\\descriptor_shape_standard.txt; NAME[0]; ADJ=''
raw-shape	DIAMOND	0x147640	0x14790b	-	-	diamonds	data\\vanilla\\vanilla_descriptors\\objects\\descriptor_shape_standard.txt; NAME[1]; ADJ=''
raw-shape	SUN	0x147640	0x14790b	-	-	sun	data\\vanilla\\vanilla_descriptors\\objects\\descriptor_shape_standard.txt; NAME[0]; ADJ=''
raw-shape	SUN	0x147640	0x14790b	-	-	shining sun	data\\vanilla\\vanilla_descriptors\\objects\\descriptor_shape_standard.txt; NAME[0]; ADJ='shining'
raw-shape	SUN	0x147640	0x14790b	-	-	blazing sun	data\\vanilla\\vanilla_descriptors\\objects\\descriptor_shape_standard.txt; NAME[0]; ADJ='blazing'
raw-shape	SUN	0x147640	0x14790b	-	-	suns	data\\vanilla\\vanilla_descriptors\\objects\\descriptor_shape_standard.txt; NAME[1]; ADJ=''
raw-shape	SUN	0x147640	0x14790b	-	-	shining suns	data\\vanilla\\vanilla_descriptors\\objects\\descriptor_shape_standard.txt; NAME[1]; ADJ='shining'
raw-shape	SUN	0x147640	0x14790b	-	-	blazing suns	data\\vanilla\\vanilla_descriptors\\objects\\descriptor_shape_standard.txt; NAME[1]; ADJ='blazing'
raw-shape	MOON	0x147640	0x14790b	-	-	moon	data\\vanilla\\vanilla_descriptors\\objects\\descriptor_shape_standard.txt; NAME[0]; ADJ=''
raw-shape	MOON	0x147640	0x14790b	-	-	hidden moon	data\\vanilla\\vanilla_descriptors\\objects\\descriptor_shape_standard.txt; NAME[0]; ADJ='hidden'
raw-shape	MOON	0x147640	0x14790b	-	-	full moon	data\\vanilla\\vanilla_descriptors\\objects\\descriptor_shape_standard.txt; NAME[0]; ADJ='full'
raw-shape	MOON	0x147640	0x14790b	-	-	crescent moon	data\\vanilla\\vanilla_descriptors\\objects\\descriptor_shape_standard.txt; NAME[0]; ADJ='crescent'
raw-shape	MOON	0x147640	0x14790b	-	-	half moon	data\\vanilla\\vanilla_descriptors\\objects\\descriptor_shape_standard.txt; NAME[0]; ADJ='half'
raw-shape	MOON	0x147640	0x14790b	-	-	moons	data\\vanilla\\vanilla_descriptors\\objects\\descriptor_shape_standard.txt; NAME[1]; ADJ=''
raw-shape	MOON	0x147640	0x14790b	-	-	hidden moons	data\\vanilla\\vanilla_descriptors\\objects\\descriptor_shape_standard.txt; NAME[1]; ADJ='hidden'
raw-shape	MOON	0x147640	0x14790b	-	-	full moons	data\\vanilla\\vanilla_descriptors\\objects\\descriptor_shape_standard.txt; NAME[1]; ADJ='full'
raw-shape	MOON	0x147640	0x14790b	-	-	crescent moons	data\\vanilla\\vanilla_descriptors\\objects\\descriptor_shape_standard.txt; NAME[1]; ADJ='crescent'
raw-shape	MOON	0x147640	0x14790b	-	-	half moons	data\\vanilla\\vanilla_descriptors\\objects\\descriptor_shape_standard.txt; NAME[1]; ADJ='half'
raw-shape	WAVE	0x147640	0x14790b	-	-	wave	data\\vanilla\\vanilla_descriptors\\objects\\descriptor_shape_standard.txt; NAME[0]; ADJ=''
raw-shape	WAVE	0x147640	0x14790b	-	-	waves	data\\vanilla\\vanilla_descriptors\\objects\\descriptor_shape_standard.txt; NAME[1]; ADJ=''
raw-shape	MOUNTAIN	0x147640	0x14790b	-	-	mountain	data\\vanilla\\vanilla_descriptors\\objects\\descriptor_shape_standard.txt; NAME[0]; ADJ=''
raw-shape	MOUNTAIN	0x147640	0x14790b	-	-	mountains	data\\vanilla\\vanilla_descriptors\\objects\\descriptor_shape_standard.txt; NAME[1]; ADJ=''
raw-shape	CLOUD	0x147640	0x14790b	-	-	cloud	data\\vanilla\\vanilla_descriptors\\objects\\descriptor_shape_standard.txt; NAME[0]; ADJ=''
raw-shape	CLOUD	0x147640	0x14790b	-	-	clouds	data\\vanilla\\vanilla_descriptors\\objects\\descriptor_shape_standard.txt; NAME[1]; ADJ=''
raw-shape	GIZZARD_STONE	0x147640	0x14790b	-	-	gizzard stone	data\\vanilla\\vanilla_descriptors\\objects\\descriptor_shape_standard.txt; NAME[0]; ADJ=''
raw-shape	GIZZARD_STONE	0x147640	0x14790b	-	-	gizzard stones	data\\vanilla\\vanilla_descriptors\\objects\\descriptor_shape_standard.txt; NAME[1]; ADJ=''
raw-shape	SMOOTH_PEBBLE	0x147640	0x14790b	-	-	pebble	data\\vanilla\\vanilla_descriptors\\objects\\descriptor_shape_standard.txt; NAME[0]; ADJ=''
raw-shape	SMOOTH_PEBBLE	0x147640	0x14790b	-	-	smooth pebble	data\\vanilla\\vanilla_descriptors\\objects\\descriptor_shape_standard.txt; NAME[0]; ADJ='smooth'
raw-shape	SMOOTH_PEBBLE	0x147640	0x14790b	-	-	pebbles	data\\vanilla\\vanilla_descriptors\\objects\\descriptor_shape_standard.txt; NAME[1]; ADJ=''
raw-shape	SMOOTH_PEBBLE	0x147640	0x14790b	-	-	smooth pebbles	data\\vanilla\\vanilla_descriptors\\objects\\descriptor_shape_standard.txt; NAME[1]; ADJ='smooth'
raw-shape	OVAL_CABOCHON	0x147640	0x14790b	-	-	cabochon	data\\vanilla\\vanilla_descriptors\\objects\\descriptor_shape_standard.txt; NAME[0]; ADJ=''
raw-shape	OVAL_CABOCHON	0x147640	0x14790b	-	-	oval cabochon	data\\vanilla\\vanilla_descriptors\\objects\\descriptor_shape_standard.txt; NAME[0]; ADJ='oval'
raw-shape	OVAL_CABOCHON	0x147640	0x14790b	-	-	cabochons	data\\vanilla\\vanilla_descriptors\\objects\\descriptor_shape_standard.txt; NAME[1]; ADJ=''
raw-shape	OVAL_CABOCHON	0x147640	0x14790b	-	-	oval cabochons	data\\vanilla\\vanilla_descriptors\\objects\\descriptor_shape_standard.txt; NAME[1]; ADJ='oval'
raw-shape	ROUND_CABOCHON	0x147640	0x14790b	-	-	cabochon	data\\vanilla\\vanilla_descriptors\\objects\\descriptor_shape_standard.txt; NAME[0]; ADJ=''
raw-shape	ROUND_CABOCHON	0x147640	0x14790b	-	-	round cabochon	data\\vanilla\\vanilla_descriptors\\objects\\descriptor_shape_standard.txt; NAME[0]; ADJ='round'
raw-shape	ROUND_CABOCHON	0x147640	0x14790b	-	-	cabochons	data\\vanilla\\vanilla_descriptors\\objects\\descriptor_shape_standard.txt; NAME[1]; ADJ=''
raw-shape	ROUND_CABOCHON	0x147640	0x14790b	-	-	round cabochons	data\\vanilla\\vanilla_descriptors\\objects\\descriptor_shape_standard.txt; NAME[1]; ADJ='round'
raw-shape	CUSHION_CABOCHON	0x147640	0x14790b	-	-	cabochon	data\\vanilla\\vanilla_descriptors\\objects\\descriptor_shape_standard.txt; NAME[0]; ADJ=''
raw-shape	CUSHION_CABOCHON	0x147640	0x14790b	-	-	cushion cabochon	data\\vanilla\\vanilla_descriptors\\objects\\descriptor_shape_standard.txt; NAME[0]; ADJ='cushion'
raw-shape	CUSHION_CABOCHON	0x147640	0x14790b	-	-	cabochons	data\\vanilla\\vanilla_descriptors\\objects\\descriptor_shape_standard.txt; NAME[1]; ADJ=''
raw-shape	CUSHION_CABOCHON	0x147640	0x14790b	-	-	cushion cabochons	data\\vanilla\\vanilla_descriptors\\objects\\descriptor_shape_standard.txt; NAME[1]; ADJ='cushion'
raw-shape	RECTANGULAR_CABOCHON	0x147640	0x14790b	-	-	cabochon	data\\vanilla\\vanilla_descriptors\\objects\\descriptor_shape_standard.txt; NAME[0]; ADJ=''
raw-shape	RECTANGULAR_CABOCHON	0x147640	0x14790b	-	-	rectangular cabochon	data\\vanilla\\vanilla_descriptors\\objects\\descriptor_shape_standard.txt; NAME[0]; ADJ='rectangular'
raw-shape	RECTANGULAR_CABOCHON	0x147640	0x14790b	-	-	cabochons	data\\vanilla\\vanilla_descriptors\\objects\\descriptor_shape_standard.txt; NAME[1]; ADJ=''
raw-shape	RECTANGULAR_CABOCHON	0x147640	0x14790b	-	-	rectangular cabochons	data\\vanilla\\vanilla_descriptors\\objects\\descriptor_shape_standard.txt; NAME[1]; ADJ='rectangular'
raw-shape	POINT_CUT_GEM	0x147640	0x14790b	-	-	gem	data\\vanilla\\vanilla_descriptors\\objects\\descriptor_shape_standard.txt; NAME[0]; ADJ=''
raw-shape	POINT_CUT_GEM	0x147640	0x14790b	-	-	point cut gem	data\\vanilla\\vanilla_descriptors\\objects\\descriptor_shape_standard.txt; NAME[0]; ADJ='point cut'
raw-shape	POINT_CUT_GEM	0x147640	0x14790b	-	-	gems	data\\vanilla\\vanilla_descriptors\\objects\\descriptor_shape_standard.txt; NAME[1]; ADJ=''
raw-shape	POINT_CUT_GEM	0x147640	0x14790b	-	-	point cut gems	data\\vanilla\\vanilla_descriptors\\objects\\descriptor_shape_standard.txt; NAME[1]; ADJ='point cut'
raw-shape	TABLE_CUT_GEM	0x147640	0x14790b	-	-	gem	data\\vanilla\\vanilla_descriptors\\objects\\descriptor_shape_standard.txt; NAME[0]; ADJ=''
raw-shape	TABLE_CUT_GEM	0x147640	0x14790b	-	-	table cut gem	data\\vanilla\\vanilla_descriptors\\objects\\descriptor_shape_standard.txt; NAME[0]; ADJ='table cut'
raw-shape	TABLE_CUT_GEM	0x147640	0x14790b	-	-	gems	data\\vanilla\\vanilla_descriptors\\objects\\descriptor_shape_standard.txt; NAME[1]; ADJ=''
raw-shape	TABLE_CUT_GEM	0x147640	0x14790b	-	-	table cut gems	data\\vanilla\\vanilla_descriptors\\objects\\descriptor_shape_standard.txt; NAME[1]; ADJ='table cut'
raw-shape	SINGLE_CUT_GEM	0x147640	0x14790b	-	-	gem	data\\vanilla\\vanilla_descriptors\\objects\\descriptor_shape_standard.txt; NAME[0]; ADJ=''
raw-shape	SINGLE_CUT_GEM	0x147640	0x14790b	-	-	single cut gem	data\\vanilla\\vanilla_descriptors\\objects\\descriptor_shape_standard.txt; NAME[0]; ADJ='single cut'
raw-shape	SINGLE_CUT_GEM	0x147640	0x14790b	-	-	gems	data\\vanilla\\vanilla_descriptors\\objects\\descriptor_shape_standard.txt; NAME[1]; ADJ=''
raw-shape	SINGLE_CUT_GEM	0x147640	0x14790b	-	-	single cut gems	data\\vanilla\\vanilla_descriptors\\objects\\descriptor_shape_standard.txt; NAME[1]; ADJ='single cut'
raw-shape	ROSE_CUT_GEM	0x147640	0x14790b	-	-	gem	data\\vanilla\\vanilla_descriptors\\objects\\descriptor_shape_standard.txt; NAME[0]; ADJ=''
raw-shape	ROSE_CUT_GEM	0x147640	0x14790b	-	-	rose cut gem	data\\vanilla\\vanilla_descriptors\\objects\\descriptor_shape_standard.txt; NAME[0]; ADJ='rose cut'
raw-shape	ROSE_CUT_GEM	0x147640	0x14790b	-	-	gems	data\\vanilla\\vanilla_descriptors\\objects\\descriptor_shape_standard.txt; NAME[1]; ADJ=''
raw-shape	ROSE_CUT_GEM	0x147640	0x14790b	-	-	rose cut gems	data\\vanilla\\vanilla_descriptors\\objects\\descriptor_shape_standard.txt; NAME[1]; ADJ='rose cut'
raw-shape	BRIOLETTE_CUT_GEM	0x147640	0x14790b	-	-	gem	data\\vanilla\\vanilla_descriptors\\objects\\descriptor_shape_standard.txt; NAME[0]; ADJ=''
raw-shape	BRIOLETTE_CUT_GEM	0x147640	0x14790b	-	-	briolette cut gem	data\\vanilla\\vanilla_descriptors\\objects\\descriptor_shape_standard.txt; NAME[0]; ADJ='briolette cut'
raw-shape	BRIOLETTE_CUT_GEM	0x147640	0x14790b	-	-	gems	data\\vanilla\\vanilla_descriptors\\objects\\descriptor_shape_standard.txt; NAME[1]; ADJ=''
raw-shape	BRIOLETTE_CUT_GEM	0x147640	0x14790b	-	-	briolette cut gems	data\\vanilla\\vanilla_descriptors\\objects\\descriptor_shape_standard.txt; NAME[1]; ADJ='briolette cut'
raw-shape	EMERALD_CUT_GEM	0x147640	0x14790b	-	-	gem	data\\vanilla\\vanilla_descriptors\\objects\\descriptor_shape_standard.txt; NAME[0]; ADJ=''
raw-shape	EMERALD_CUT_GEM	0x147640	0x14790b	-	-	emerald cut gem	data\\vanilla\\vanilla_descriptors\\objects\\descriptor_shape_standard.txt; NAME[0]; ADJ='emerald cut'
raw-shape	EMERALD_CUT_GEM	0x147640	0x14790b	-	-	gems	data\\vanilla\\vanilla_descriptors\\objects\\descriptor_shape_standard.txt; NAME[1]; ADJ=''
raw-shape	EMERALD_CUT_GEM	0x147640	0x14790b	-	-	emerald cut gems	data\\vanilla\\vanilla_descriptors\\objects\\descriptor_shape_standard.txt; NAME[1]; ADJ='emerald cut'
raw-shape	MARQUISE_CUT_GEM	0x147640	0x14790b	-	-	gem	data\\vanilla\\vanilla_descriptors\\objects\\descriptor_shape_standard.txt; NAME[0]; ADJ=''
raw-shape	MARQUISE_CUT_GEM	0x147640	0x14790b	-	-	marquise cut gem	data\\vanilla\\vanilla_descriptors\\objects\\descriptor_shape_standard.txt; NAME[0]; ADJ='marquise cut'
raw-shape	MARQUISE_CUT_GEM	0x147640	0x14790b	-	-	gems	data\\vanilla\\vanilla_descriptors\\objects\\descriptor_shape_standard.txt; NAME[1]; ADJ=''
raw-shape	MARQUISE_CUT_GEM	0x147640	0x14790b	-	-	marquise cut gems	data\\vanilla\\vanilla_descriptors\\objects\\descriptor_shape_standard.txt; NAME[1]; ADJ='marquise cut'
raw-shape	OVAL_CUT_GEM	0x147640	0x14790b	-	-	gem	data\\vanilla\\vanilla_descriptors\\objects\\descriptor_shape_standard.txt; NAME[0]; ADJ=''
raw-shape	OVAL_CUT_GEM	0x147640	0x14790b	-	-	oval cut gem	data\\vanilla\\vanilla_descriptors\\objects\\descriptor_shape_standard.txt; NAME[0]; ADJ='oval cut'
raw-shape	OVAL_CUT_GEM	0x147640	0x14790b	-	-	gems	data\\vanilla\\vanilla_descriptors\\objects\\descriptor_shape_standard.txt; NAME[1]; ADJ=''
raw-shape	OVAL_CUT_GEM	0x147640	0x14790b	-	-	oval cut gems	data\\vanilla\\vanilla_descriptors\\objects\\descriptor_shape_standard.txt; NAME[1]; ADJ='oval cut'
raw-shape	PEAR_CUT_GEM	0x147640	0x14790b	-	-	gem	data\\vanilla\\vanilla_descriptors\\objects\\descriptor_shape_standard.txt; NAME[0]; ADJ=''
raw-shape	PEAR_CUT_GEM	0x147640	0x14790b	-	-	pear cut gem	data\\vanilla\\vanilla_descriptors\\objects\\descriptor_shape_standard.txt; NAME[0]; ADJ='pear cut'
raw-shape	PEAR_CUT_GEM	0x147640	0x14790b	-	-	gems	data\\vanilla\\vanilla_descriptors\\objects\\descriptor_shape_standard.txt; NAME[1]; ADJ=''
raw-shape	PEAR_CUT_GEM	0x147640	0x14790b	-	-	pear cut gems	data\\vanilla\\vanilla_descriptors\\objects\\descriptor_shape_standard.txt; NAME[1]; ADJ='pear cut'
raw-shape	SQUARE_BRILLIANT_CUT_GEM	0x147640	0x14790b	-	-	gem	data\\vanilla\\vanilla_descriptors\\objects\\descriptor_shape_standard.txt; NAME[0]; ADJ=''
raw-shape	SQUARE_BRILLIANT_CUT_GEM	0x147640	0x14790b	-	-	square brilliant cut gem	data\\vanilla\\vanilla_descriptors\\objects\\descriptor_shape_standard.txt; NAME[0]; ADJ='square brilliant cut'
raw-shape	SQUARE_BRILLIANT_CUT_GEM	0x147640	0x14790b	-	-	gems	data\\vanilla\\vanilla_descriptors\\objects\\descriptor_shape_standard.txt; NAME[1]; ADJ=''
raw-shape	SQUARE_BRILLIANT_CUT_GEM	0x147640	0x14790b	-	-	square brilliant cut gems	data\\vanilla\\vanilla_descriptors\\objects\\descriptor_shape_standard.txt; NAME[1]; ADJ='square brilliant cut'
raw-shape	RADIANT_CUT_GEM	0x147640	0x14790b	-	-	gem	data\\vanilla\\vanilla_descriptors\\objects\\descriptor_shape_standard.txt; NAME[0]; ADJ=''
raw-shape	RADIANT_CUT_GEM	0x147640	0x14790b	-	-	radiant cut gem	data\\vanilla\\vanilla_descriptors\\objects\\descriptor_shape_standard.txt; NAME[0]; ADJ='radiant cut'
raw-shape	RADIANT_CUT_GEM	0x147640	0x14790b	-	-	gems	data\\vanilla\\vanilla_descriptors\\objects\\descriptor_shape_standard.txt; NAME[1]; ADJ=''
raw-shape	RADIANT_CUT_GEM	0x147640	0x14790b	-	-	radiant cut gems	data\\vanilla\\vanilla_descriptors\\objects\\descriptor_shape_standard.txt; NAME[1]; ADJ='radiant cut'
raw-shape	TRILLION_CUT_GEM	0x147640	0x14790b	-	-	gem	data\\vanilla\\vanilla_descriptors\\objects\\descriptor_shape_standard.txt; NAME[0]; ADJ=''
raw-shape	TRILLION_CUT_GEM	0x147640	0x14790b	-	-	trillion cut gem	data\\vanilla\\vanilla_descriptors\\objects\\descriptor_shape_standard.txt; NAME[0]; ADJ='trillion cut'
raw-shape	TRILLION_CUT_GEM	0x147640	0x14790b	-	-	gems	data\\vanilla\\vanilla_descriptors\\objects\\descriptor_shape_standard.txt; NAME[1]; ADJ=''
raw-shape	TRILLION_CUT_GEM	0x147640	0x14790b	-	-	trillion cut gems	data\\vanilla\\vanilla_descriptors\\objects\\descriptor_shape_standard.txt; NAME[1]; ADJ='trillion cut'
raw-shape	ROUND_BRILLIANT_CUT_GEM	0x147640	0x14790b	-	-	gem	data\\vanilla\\vanilla_descriptors\\objects\\descriptor_shape_standard.txt; NAME[0]; ADJ=''
raw-shape	ROUND_BRILLIANT_CUT_GEM	0x147640	0x14790b	-	-	round brilliant cut gem	data\\vanilla\\vanilla_descriptors\\objects\\descriptor_shape_standard.txt; NAME[0]; ADJ='round brilliant cut'
raw-shape	ROUND_BRILLIANT_CUT_GEM	0x147640	0x14790b	-	-	gems	data\\vanilla\\vanilla_descriptors\\objects\\descriptor_shape_standard.txt; NAME[1]; ADJ=''
raw-shape	ROUND_BRILLIANT_CUT_GEM	0x147640	0x14790b	-	-	round brilliant cut gems	data\\vanilla\\vanilla_descriptors\\objects\\descriptor_shape_standard.txt; NAME[1]; ADJ='round brilliant cut'
raw-shape	BAGUETTE_CUT_GEM	0x147640	0x14790b	-	-	gem	data\\vanilla\\vanilla_descriptors\\objects\\descriptor_shape_standard.txt; NAME[0]; ADJ=''
raw-shape	BAGUETTE_CUT_GEM	0x147640	0x14790b	-	-	baguette cut gem	data\\vanilla\\vanilla_descriptors\\objects\\descriptor_shape_standard.txt; NAME[0]; ADJ='baguette cut'
raw-shape	BAGUETTE_CUT_GEM	0x147640	0x14790b	-	-	gems	data\\vanilla\\vanilla_descriptors\\objects\\descriptor_shape_standard.txt; NAME[1]; ADJ=''
raw-shape	BAGUETTE_CUT_GEM	0x147640	0x14790b	-	-	baguette cut gems	data\\vanilla\\vanilla_descriptors\\objects\\descriptor_shape_standard.txt; NAME[1]; ADJ='baguette cut'
raw-shape	TAPERED_BAGUETTE_CUT_GEM	0x147640	0x14790b	-	-	gem	data\\vanilla\\vanilla_descriptors\\objects\\descriptor_shape_standard.txt; NAME[0]; ADJ=''
raw-shape	TAPERED_BAGUETTE_CUT_GEM	0x147640	0x14790b	-	-	tapered baguette cut gem	data\\vanilla\\vanilla_descriptors\\objects\\descriptor_shape_standard.txt; NAME[0]; ADJ='tapered baguette cut'
raw-shape	TAPERED_BAGUETTE_CUT_GEM	0x147640	0x14790b	-	-	gems	data\\vanilla\\vanilla_descriptors\\objects\\descriptor_shape_standard.txt; NAME[1]; ADJ=''
raw-shape	TAPERED_BAGUETTE_CUT_GEM	0x147640	0x14790b	-	-	tapered baguette cut gems	data\\vanilla\\vanilla_descriptors\\objects\\descriptor_shape_standard.txt; NAME[1]; ADJ='tapered baguette cut'
raw-shape	CUSHION_CUT_GEM	0x147640	0x14790b	-	-	gem	data\\vanilla\\vanilla_descriptors\\objects\\descriptor_shape_standard.txt; NAME[0]; ADJ=''
raw-shape	CUSHION_CUT_GEM	0x147640	0x14790b	-	-	cushion cut gem	data\\vanilla\\vanilla_descriptors\\objects\\descriptor_shape_standard.txt; NAME[0]; ADJ='cushion cut'
raw-shape	CUSHION_CUT_GEM	0x147640	0x14790b	-	-	gems	data\\vanilla\\vanilla_descriptors\\objects\\descriptor_shape_standard.txt; NAME[1]; ADJ=''
raw-shape	CUSHION_CUT_GEM	0x147640	0x14790b	-	-	cushion cut gems	data\\vanilla\\vanilla_descriptors\\objects\\descriptor_shape_standard.txt; NAME[1]; ADJ='cushion cut'
raw-shape	OCTAGON_CUT_GEM	0x147640	0x14790b	-	-	gem	data\\vanilla\\vanilla_descriptors\\objects\\descriptor_shape_standard.txt; NAME[0]; ADJ=''
raw-shape	OCTAGON_CUT_GEM	0x147640	0x14790b	-	-	octagon cut gem	data\\vanilla\\vanilla_descriptors\\objects\\descriptor_shape_standard.txt; NAME[0]; ADJ='octagon cut'
raw-shape	OCTAGON_CUT_GEM	0x147640	0x14790b	-	-	gems	data\\vanilla\\vanilla_descriptors\\objects\\descriptor_shape_standard.txt; NAME[1]; ADJ=''
raw-shape	OCTAGON_CUT_GEM	0x147640	0x14790b	-	-	octagon cut gems	data\\vanilla\\vanilla_descriptors\\objects\\descriptor_shape_standard.txt; NAME[1]; ADJ='octagon cut'
raw-shape	SQUARE_CUT_GEM	0x147640	0x14790b	-	-	gem	data\\vanilla\\vanilla_descriptors\\objects\\descriptor_shape_standard.txt; NAME[0]; ADJ=''
raw-shape	SQUARE_CUT_GEM	0x147640	0x14790b	-	-	square cut gem	data\\vanilla\\vanilla_descriptors\\objects\\descriptor_shape_standard.txt; NAME[0]; ADJ='square cut'
raw-shape	SQUARE_CUT_GEM	0x147640	0x14790b	-	-	gems	data\\vanilla\\vanilla_descriptors\\objects\\descriptor_shape_standard.txt; NAME[1]; ADJ=''
raw-shape	SQUARE_CUT_GEM	0x147640	0x14790b	-	-	square cut gems	data\\vanilla\\vanilla_descriptors\\objects\\descriptor_shape_standard.txt; NAME[1]; ADJ='square cut'
raw-shape	PLATONIC_TETRAHEDRON	0x147640	0x14790b	-	-	tetrahedron	data\\vanilla\\vanilla_descriptors\\objects\\descriptor_shape_standard.txt; NAME[0]; ADJ=''
raw-shape	PLATONIC_TETRAHEDRON	0x147640	0x14790b	-	-	tetrahedral tetrahedron	data\\vanilla\\vanilla_descriptors\\objects\\descriptor_shape_standard.txt; NAME[0]; ADJ='tetrahedral'
raw-shape	PLATONIC_TETRAHEDRON	0x147640	0x14790b	-	-	tetrahedra	data\\vanilla\\vanilla_descriptors\\objects\\descriptor_shape_standard.txt; NAME[1]; ADJ=''
raw-shape	PLATONIC_TETRAHEDRON	0x147640	0x14790b	-	-	tetrahedral tetrahedra	data\\vanilla\\vanilla_descriptors\\objects\\descriptor_shape_standard.txt; NAME[1]; ADJ='tetrahedral'
raw-shape	PLATONIC_CUBE	0x147640	0x14790b	-	-	cube	data\\vanilla\\vanilla_descriptors\\objects\\descriptor_shape_standard.txt; NAME[0]; ADJ=''
raw-shape	PLATONIC_CUBE	0x147640	0x14790b	-	-	cubic cube	data\\vanilla\\vanilla_descriptors\\objects\\descriptor_shape_standard.txt; NAME[0]; ADJ='cubic'
raw-shape	PLATONIC_CUBE	0x147640	0x14790b	-	-	cubes	data\\vanilla\\vanilla_descriptors\\objects\\descriptor_shape_standard.txt; NAME[1]; ADJ=''
raw-shape	PLATONIC_CUBE	0x147640	0x14790b	-	-	cubic cubes	data\\vanilla\\vanilla_descriptors\\objects\\descriptor_shape_standard.txt; NAME[1]; ADJ='cubic'
raw-shape	PLATONIC_OCTAHEDRON	0x147640	0x14790b	-	-	octahedron	data\\vanilla\\vanilla_descriptors\\objects\\descriptor_shape_standard.txt; NAME[0]; ADJ=''
raw-shape	PLATONIC_OCTAHEDRON	0x147640	0x14790b	-	-	octahedral octahedron	data\\vanilla\\vanilla_descriptors\\objects\\descriptor_shape_standard.txt; NAME[0]; ADJ='octahedral'
raw-shape	PLATONIC_OCTAHEDRON	0x147640	0x14790b	-	-	octahedra	data\\vanilla\\vanilla_descriptors\\objects\\descriptor_shape_standard.txt; NAME[1]; ADJ=''
raw-shape	PLATONIC_OCTAHEDRON	0x147640	0x14790b	-	-	octahedral octahedra	data\\vanilla\\vanilla_descriptors\\objects\\descriptor_shape_standard.txt; NAME[1]; ADJ='octahedral'
raw-shape	PLATONIC_DODECAHEDRON	0x147640	0x14790b	-	-	dodecahedron	data\\vanilla\\vanilla_descriptors\\objects\\descriptor_shape_standard.txt; NAME[0]; ADJ=''
raw-shape	PLATONIC_DODECAHEDRON	0x147640	0x14790b	-	-	dodecahedral dodecahedron	data\\vanilla\\vanilla_descriptors\\objects\\descriptor_shape_standard.txt; NAME[0]; ADJ='dodecahedral'
raw-shape	PLATONIC_DODECAHEDRON	0x147640	0x14790b	-	-	dodecahedra	data\\vanilla\\vanilla_descriptors\\objects\\descriptor_shape_standard.txt; NAME[1]; ADJ=''
raw-shape	PLATONIC_DODECAHEDRON	0x147640	0x14790b	-	-	dodecahedral dodecahedra	data\\vanilla\\vanilla_descriptors\\objects\\descriptor_shape_standard.txt; NAME[1]; ADJ='dodecahedral'
raw-shape	PLATONIC_ICOSAHEDRON	0x147640	0x14790b	-	-	icosahedron	data\\vanilla\\vanilla_descriptors\\objects\\descriptor_shape_standard.txt; NAME[0]; ADJ=''
raw-shape	PLATONIC_ICOSAHEDRON	0x147640	0x14790b	-	-	icosahedral icosahedron	data\\vanilla\\vanilla_descriptors\\objects\\descriptor_shape_standard.txt; NAME[0]; ADJ='icosahedral'
raw-shape	PLATONIC_ICOSAHEDRON	0x147640	0x14790b	-	-	icosahedra	data\\vanilla\\vanilla_descriptors\\objects\\descriptor_shape_standard.txt; NAME[1]; ADJ=''
raw-shape	PLATONIC_ICOSAHEDRON	0x147640	0x14790b	-	-	icosahedral icosahedra	data\\vanilla\\vanilla_descriptors\\objects\\descriptor_shape_standard.txt; NAME[1]; ADJ='icosahedral'
raw-shape	LONG_DIE_4	0x147640	0x14790b	-	-	four-sided prism	data\\vanilla\\vanilla_descriptors\\objects\\descriptor_shape_standard.txt; NAME[0]; ADJ=''
raw-shape	LONG_DIE_4	0x147640	0x14790b	-	-	four-sided long four-sided prism	data\\vanilla\\vanilla_descriptors\\objects\\descriptor_shape_standard.txt; NAME[0]; ADJ='four-sided long'
raw-shape	LONG_DIE_4	0x147640	0x14790b	-	-	four-sided prisms	data\\vanilla\\vanilla_descriptors\\objects\\descriptor_shape_standard.txt; NAME[1]; ADJ=''
raw-shape	LONG_DIE_4	0x147640	0x14790b	-	-	four-sided long four-sided prisms	data\\vanilla\\vanilla_descriptors\\objects\\descriptor_shape_standard.txt; NAME[1]; ADJ='four-sided long'
raw-shape	LONG_DIE_6	0x147640	0x14790b	-	-	six-sided prism	data\\vanilla\\vanilla_descriptors\\objects\\descriptor_shape_standard.txt; NAME[0]; ADJ=''
raw-shape	LONG_DIE_6	0x147640	0x14790b	-	-	six-sided long six-sided prism	data\\vanilla\\vanilla_descriptors\\objects\\descriptor_shape_standard.txt; NAME[0]; ADJ='six-sided long'
raw-shape	LONG_DIE_6	0x147640	0x14790b	-	-	six-sided prisms	data\\vanilla\\vanilla_descriptors\\objects\\descriptor_shape_standard.txt; NAME[1]; ADJ=''
raw-shape	LONG_DIE_6	0x147640	0x14790b	-	-	six-sided long six-sided prisms	data\\vanilla\\vanilla_descriptors\\objects\\descriptor_shape_standard.txt; NAME[1]; ADJ='six-sided long'
raw-shape	LONG_DIE_8	0x147640	0x14790b	-	-	eight-sided prism	data\\vanilla\\vanilla_descriptors\\objects\\descriptor_shape_standard.txt; NAME[0]; ADJ=''
raw-shape	LONG_DIE_8	0x147640	0x14790b	-	-	eight-sided long eight-sided prism	data\\vanilla\\vanilla_descriptors\\objects\\descriptor_shape_standard.txt; NAME[0]; ADJ='eight-sided long'
raw-shape	LONG_DIE_8	0x147640	0x14790b	-	-	eight-sided prisms	data\\vanilla\\vanilla_descriptors\\objects\\descriptor_shape_standard.txt; NAME[1]; ADJ=''
raw-shape	LONG_DIE_8	0x147640	0x14790b	-	-	eight-sided long eight-sided prisms	data\\vanilla\\vanilla_descriptors\\objects\\descriptor_shape_standard.txt; NAME[1]; ADJ='eight-sided long'
paragraph-caller	image-paragraph	0x1a9cc0	0x1aa051	0x1aa00b	0x1451b10		
paragraph-caller	image-paragraph	0x2125b0	0x2126c7	0x212648	0x1451b10		
paragraph-caller	image-paragraph	0x2126d0	0x21341c	0x21307b	0x1451b10		
paragraph-caller	image-paragraph	0x5beeb0	0x5bf94f	0x5bf82f	0x1451b10		
paragraph-caller	image-paragraph	0x5beeb0	0x5bf94f	0x5bf8d1	0x1451b10		
paragraph-caller	image-paragraph	0xc75000	0xc796aa	0xc75809	0x1451b10		
paragraph-caller	image-paragraph	0xc75000	0xc796aa	0xc77443	0x1451b10		
paragraph-caller	image-paragraph	0xc75000	0xc796aa	0xc77650	0x1451b10		
paragraph-caller	image-paragraph	0xd4bf70	0xd4c427	0xd4c350	0x1451b10		
